(R-r)/dp,0.004221353,0.015463599,0.026705846,0.037948092,0.049190338,0.060432584,0.07167483,0.082917076,0.094159322,0.105401569,0.116643815,0.127886061,0.139128307,0.150370553,0.161612799,0.172855046,0.184097292,0.195339538,0.206581784,0.21782403,0.229066276,0.240308523,0.251550769,0.262793015,0.274035261,0.285277507,0.296519753,0.307761999,0.319004246,0.330246492,0.341488738,0.352730984,0.36397323,0.375215476,0.386457723,0.397699969,0.408942215,0.420184461,0.431426707,0.442668953,0.453911199,0.465153446,0.476395692,0.487637938,0.498880184,0.51012243,0.521364676,0.532606923,0.543849169,0.555091415,0.566333661,0.577575907,0.588818153,0.6000604,0.611302646,0.622544892,0.633787138,0.645029384,0.65627163,0.667513876,0.678756123,0.689998369,0.701240615,0.712482861,0.723725107,0.734967353,0.7462096,0.757451846,0.768694092,0.779936338,0.791178584,0.80242083,0.813663076,0.824905323,0.836147569,0.847389815,0.858632061,0.869874307,0.881116553,0.8923588,0.903601046,0.914843292,0.926085538,0.937327784,0.94857003,0.959812277,0.971054523,0.982296769,0.993539015,1.004781261,1.016023507,1.027265753,1.038508,1.049750246,1.060992492,1.072234738,1.083476984,1.09471923,1.105961477,1.117203723,1.128445969,1.139688215,1.150930461,1.162172707,1.173414954,1.1846572,1.195899446,1.207141692,1.218383938,1.229626184,1.24086843,1.252110677,1.263352923,1.274595169,1.285837415,1.297079661,1.308321907,1.319564154,1.3308064,1.342048646,1.353290892,1.364533138,1.375775384,1.38701763,1.398259877,1.409502123,1.420744369,1.431986615,1.443228861,1.454471107,1.465713354,1.4769556,1.488197846,1.499440092,1.510682338,1.521924584,1.533166831,1.544409077,1.555651323,1.566893569,1.578135815,1.589378061,1.600620307,1.611862554,1.6231048,1.634347046,1.645589292,1.656831538,1.668073784,1.679316031,1.690558277,1.701800523,1.713042769,1.724285015,1.735527261,1.746769508,1.758011754,1.769254,1.780496246,1.791738492,1.802980738,1.814222984,1.825465231,1.836707477,1.847949723,1.859191969,1.870434215,1.881676461,1.892918708,1.904160954,1.9154032,1.926645446,1.937887692,1.949129938,1.960372184,1.971614431,1.982856677,1.994098923,2.005341169,2.016583415,2.027825661,2.039067908,2.050310154,2.0615524,2.072794646,2.084036892,2.095279138,2.106521385,2.117763631,2.129005877,2.140248123,2.151490369,2.162732615,2.173974861,2.185217108,2.196459354,2.2077016,2.218943846,2.230186092,2.241428338,2.252670585,2.263912831,2.275155077,2.286397323,2.297639569,2.308881815,2.320124061,2.331366308,2.342608554,2.3538508,2.365093046,2.376335292,2.387577538,2.398819785,2.410062031,2.421304277,2.432546523,2.443788769,2.455031015,2.466273262,2.477515508,2.488757754,2.5
,,,,,,,,,,,,,,,,,,,,,,,,,,,,,,,,,,,,,,,,,,,,,,,,,,,,,,,,,,,,,,,,,,,,,,,,,,,,,,,,,,,,,,,,,,,,,,,,,,,,,,,,,,,,,,,,,,,,,,,,,,,,,,,,,,,,,,,,,,,,,,,,,,,,,,,,,,,,,,,,,,,,,,,,,,,,,,,,,,,,,,,,,,,,,,,,,,,,,,,,,,,,,,,,,,,,,,,,,,,,,,,
z=000.5,0.994090489,1,1,1,1,0.971212862,0.841399164,0.761751127,0.706707946,0.66377709,0.632263321,0.596936614,0.564390853,0.537722014,0.509347673,0.486144153,0.458432459,0.442496334,0.422801586,0.400630058,0.38330346,0.366346206,0.358003368,0.337939275,0.317494976,0.30781598,0.297778502,0.291532236,0.280821248,0.26695997,0.248959861,0.239943512,0.232676118,0.229569279,0.228515561,0.212927054,0.205322905,0.197707892,0.192156863,0.18524795,0.179349302,0.173472381,0.172092771,0.168975069,0.168627451,0.167247841,0.167247841,0.166900223,0.165857368,0.165857368,0.163434903,0.169670306,0.171386671,0.168975069,0.172766281,0.1769377,0.183173103,0.192493618,0.199445983,0.201857585,0.219184183,0.222986258,0.228515561,0.237184292,0.246526533,0.261756559,0.276997447,0.291206344,0.302623432,0.324436478,0.343816197,0.360447559,0.381912987,0.412383901,0.435945902,0.468469936,0.497213622,0.539796861,0.577198414,0.624278964,0.691467058,0.754168703,0.897789365,0.996871436,0.997229917,0.979218945,0.969181468,0.959828363,0.948378687,0.905817175,0.876030634,0.852131878,0.795350606,0.73579925,0.694595622,0.661343762,0.626364673,0.596588996,0.568214654,0.552278529,0.527684536,0.502764652,0.48128836,0.466416816,0.450828309,0.434892184,0.41793493,0.405464125,0.386073543,0.375351692,0.362533268,0.350073326,0.338286894,0.325120852,0.315441855,0.303307805,0.293976427,0.284960078,0.275270219,0.264526642,0.259692575,0.252066699,0.240986367,0.237542773,0.230264516,0.22472435,0.218825702,0.215382109,0.210515453,0.207408614,0.204638531,0.200477975,0.202216066,0.198750747,0.197718755,0.194601054,0.194242572,0.194937809,0.199098365,0.194242572,0.196317419,0.20152083,0.208788224,0.203258921,0.214676009,0.219520939,0.227831188,0.237868665,0.246885014,0.250697952,0.265927978,0.279441638,0.294302319,0.307794253,0.325120852,0.338971267,0.367367335,0.387800771,0.414795503,0.447373853,0.479213514,0.526641682,0.587561784,0.623942208,0.664809082,0.739275433,0.810917386,0.851099886,0.900972245,0.985769377,1,1,1,1,1,1,0.998957145,0.9348433,0.828950084,0.749997284,0.679354734,0.637445006,0.589332464,0.536690022,0.484438651,0.436250068,0.379088588,0.309564934,0.245168649,0.135332138,0.012818424,0,0,0,0,0,0,0,0,0,0,0,0,0,0,0,0,0,0,0,0,0,0,0,0,0,0,0,0,0,0,0,0
z=001.0,0.828211395,0.753104123,0.693889523,0.645429363,0.605246863,0.573743957,0.534962794,0.503123133,0.482678833,0.452197056,0.428309163,0.397501494,0.375688447,0.359067949,0.338645375,0.317505839,0.300200967,0.291879854,0.26763348,0.246178915,0.235793819,0.229221661,0.216055619,0.197718755,0.182108522,0.170017924,0.159621965,0.156841019,0.140242246,0.134006844,0.122209549,0.110118951,0.103177448,0.100059747,0.092792352,0.087599804,0.073412634,0.073054152,0.064385422,0.060920102,0.055054044,0.048807778,0.043626093,0.037401553,0.039128782,0.037053935,0.035326707,0.034283852,0.033588616,0.035663462,0.034968226,0.033936234,0.034979089,0.035674325,0.038085927,0.041888002,0.045711803,0.042594101,0.048471023,0.059540492,0.066829613,0.073423497,0.081722883,0.088284178,0.095551572,0.101786975,0.111835316,0.125338113,0.137798056,0.14853077,0.161349193,0.172103634,0.196317419,0.211199826,0.226440715,0.245505404,0.270066808,0.289826734,0.318537831,0.328586171,0.346933898,0.377730704,0.380859269,0.387116398,0.408896855,0.435239802,0.441127587,0.461213405,0.558807235,0.642626691,0.602835262,0.574091576,0.551213948,0.522491988,0.495855738,0.472293737,0.451838575,0.435587421,0.413090001,0.397827386,0.379142904,0.362533268,0.344869915,0.329976644,0.315430992,0.299516593,0.288436261,0.275259356,0.259344957,0.249296616,0.234761827,0.225419586,0.215023627,0.203932432,0.192515344,0.181424149,0.174156754,0.165162131,0.154766172,0.147162023,0.13884091,0.133300744,0.123610885,0.119450329,0.111824453,0.10696866,0.097995763,0.093835207,0.087252186,0.081027647,0.077899082,0.073749389,0.075139862,0.068556841,0.066145239,0.065102384,0.061984683,0.060941828,0.059203737,0.057487372,0.0585085,0.063701048,0.057139753,0.06335343,0.069936451,0.070979306,0.073054152,0.078931074,0.088273315,0.086915431,0.092433871,0.106653631,0.113910162,0.121883657,0.132616371,0.145423931,0.160295476,0.174851991,0.191472489,0.202889577,0.228537287,0.248579653,0.276291348,0.305013307,0.335147466,0.366335343,0.408929444,0.465699853,0.53459345,0.576861659,0.6249742,0.671326924,0.623898756,0.592808647,0.583118788,0.627364076,0.590038564,0.541534952,0.497930585,0.438357504,0.388474282,0.321677258,0.258997339,0.168605725,0.020422573,0,0,0,0,0,0,0,0,0,0,0,0,0,0,0,0,0,0,0,0,0,0,0,0,0,0,0,0,0,0,0,0,0,0,0,0,0,0
z=001.5,0.994090489,1,1,1,1,0.971212862,0.841746782,0.761751127,0.707055565,0.66377709,0.632263321,0.596936614,0.564390853,0.537722014,0.509695291,0.486144153,0.458432459,0.442496334,0.422801586,0.400630058,0.38330346,0.366346206,0.358003368,0.337939275,0.311607191,0.296040411,0.280462767,0.272141654,0.258660583,0.24375645,0.22263864,0.212590299,0.204975287,0.20014122,0.197697029,0.181760904,0.172429526,0.164466895,0.158915866,0.150616479,0.14368584,0.139883765,0.13608169,0.133311607,0.132616371,0.130889142,0.132616371,0.130889142,0.130541524,0.129846288,0.128814296,0.136429309,0.137798056,0.135734072,0.140568139,0.145434794,0.153049807,0.164792787,0.171745152,0.177969692,0.198403129,0.203248058,0.212590299,0.226440715,0.243408832,0.261756559,0.276997447,0.291206344,0.302623432,0.324773233,0.344163815,0.360447559,0.381912987,0.412383901,0.435945902,0.468469936,0.497561241,0.539796861,0.577198414,0.624615719,0.692509913,0.754168703,0.899527456,0.996523817,0.997229917,0.979218945,0.969181468,0.959828363,0.949073923,0.906164793,0.876030634,0.852131878,0.795350606,0.73579925,0.694595622,0.661343762,0.626364673,0.596588996,0.568214654,0.552278529,0.528032155,0.50311227,0.48128836,0.467112053,0.450828309,0.434892184,0.41793493,0.405464125,0.386073543,0.375351692,0.362533268,0.350420944,0.338634512,0.325120852,0.315441855,0.303307805,0.293976427,0.285655315,0.275965455,0.265221878,0.259692575,0.252066699,0.241333985,0.237879529,0.230612134,0.22472435,0.218825702,0.215382109,0.210515453,0.207408614,0.204638531,0.200477975,0.202216066,0.199098365,0.197718755,0.194601054,0.194590191,0.194937809,0.199098365,0.194242572,0.196317419,0.20152083,0.209483461,0.203258921,0.214676009,0.219520939,0.228178806,0.237868665,0.24722177,0.250697952,0.265927978,0.279441638,0.294649938,0.307794253,0.325120852,0.338971267,0.367714953,0.387800771,0.415143121,0.447373853,0.479213514,0.526641682,0.588604639,0.623942208,0.6651567,0.73997067,0.810917386,0.851099886,0.900972245,0.985769377,1,1,1,1,1,1,1,0.975710173,0.865254467,0.772853186,0.702905871,0.650263429,0.609407419,0.556786704,0.503101407,0.454608658,0.405453262,0.331345391,0.268676335,0.186551518,0.04637445,0,0,0,0,0,0,0,0,0,0,0,0,0,0,0,0,0,0,0,0,0,0,0,0,0,0,0,0,0,0,0,0
z=002.0,0.994090489,1,0.999652382,0.993764597,0.98510673,0.977839335,0.974026397,0.969876704,0.966759003,0.964336538,0.961914073,0.960175982,0.957753517,0.925501059,0.818521536,0.755515724,0.708098419,0.680039107,0.639889197,0.616674814,0.586214763,0.570278638,0.546738363,0.51871164,0.507261963,0.488219,0.473684211,0.453946011,0.442865678,0.433175819,0.418260822,0.402683179,0.393004182,0.386073543,0.377068057,0.372907501,0.362174787,0.354548911,0.347281516,0.347976753,0.341046114,0.333105209,0.329965781,0.323067731,0.324447341,0.32270925,0.321318777,0.325142578,0.319960893,0.322024876,0.326858943,0.327912661,0.331356254,0.336896421,0.349019608,0.351442073,0.361827169,0.368062571,0.373613601,0.386421161,0.394372929,0.412405627,0.427266308,0.441822823,0.456346749,0.467796426,0.496866004,0.515224594,0.5467275,0.573733094,0.606289718,0.64195318,0.691803813,0.759654554,0.862842866,0.944239857,0.950138504,0.952560969,0.95567867,0.95705828,0.962598447,0.964673293,0.969876704,0.976101244,0.984422356,0.997229917,1,1,1,1,1,1,1,1,1,1,1,1,0.99653468,0.975395144,0.935603715,0.894715116,0.829971213,0.774906306,0.727478138,0.691141166,0.662038998,0.633664657,0.610461137,0.585171908,0.559535061,0.542219325,0.524925316,0.502058552,0.488566618,0.475074684,0.463288252,0.445635761,0.432100375,0.420009777,0.40650698,0.393699419,0.379849003,0.371875509,0.365987725,0.356297865,0.349019608,0.338971267,0.334484819,0.328597034,0.320275922,0.316810602,0.312660909,0.307826843,0.306425506,0.304024768,0.300896203,0.301232959,0.301928195,0.301232959,0.30088534,0.301928195,0.302981913,0.30919559,0.313692901,0.317516702,0.319928304,0.332062354,0.337244039,0.346238662,0.360089077,0.366672098,0.385019825,0.39957634,0.420705013,0.441464342,0.463972625,0.487871381,0.516973548,0.544305035,0.583455543,0.632274184,0.691825539,0.773515833,0.847243496,0.919624138,0.981630547,0.999304763,1,1,1,1,1,1,1,1,1,1,1,1,1,1,1,1,1,1,1,1,1,1,1,1,1,1,1,1,1,1,1,1,1,1,1,1,1,1,1,1,1,1,1,1,1,0.999304763,0.879550269,0.663711911,0.446819836,0.113247515,0.001042855,0,0,0,0
z=002.5,0.961153658,0.846559122,0.756536853,0.708424312,0.659627397,0.612535984,0.590375319,0.548476454,0.515908967,0.479897887,0.463972625,0.436977894,0.410319917,0.392982456,0.369094563,0.347618272,0.332409972,0.316799739,0.29950573,0.280810385,0.265927978,0.254521753,0.23753191,0.22677747,0.205333768,0.19943512,0.188713269,0.177263592,0.166194123,0.155809027,0.14368584,0.136429309,0.131573516,0.12327413,0.119091847,0.105610776,0.096952909,0.087958286,0.085861713,0.075824236,0.073749389,0.066481994,0.070284069,0.071326924,0.06543914,0.065091521,0.061278583,0.064048667,0.061289447,0.062321438,0.059551355,0.063711911,0.06130031,0.064396285,0.06335343,0.066134376,0.069936451,0.071326924,0.079278692,0.087599804,0.092455597,0.101113465,0.108706751,0.117027864,0.123958503,0.131921134,0.137472163,0.150964098,0.16964858,0.18178263,0.194948672,0.209483461,0.221943403,0.251012981,0.263842268,0.28807778,0.314746619,0.335875292,0.364955733,0.394731411,0.431752757,0.464331106,0.502753788,0.549845201,0.601770681,0.662375754,0.760686546,0.911270436,0.977144099,0.916864918,0.82511542,0.75553745,0.710499158,0.668622019,0.635370159,0.59487263,0.565433708,0.537754603,0.507968063,0.488219,0.465721579,0.436630275,0.415143121,0.399587203,0.379132041,0.361838032,0.345891043,0.329629026,0.308500353,0.294660801,0.278051165,0.265221878,0.252077562,0.238574765,0.22263864,0.208429743,0.197718755,0.184878605,0.172440389,0.162055293,0.156167509,0.147498778,0.135375591,0.123958503,0.122578893,0.113562544,0.095562436,0.091412742,0.084482103,0.07548748,0.070284069,0.064407148,0.06197382,0.052979197,0.052631579,0.047775786,0.0394764,0.036369562,0.035294118,0.034957362,0.030112433,0.026994731,0.023192657,0.029764815,0.029069578,0.024561404,0.027353213,0.030807669,0.033566889,0.029069578,0.03601108,0.040160773,0.048134268,0.054706426,0.058171745,0.06681875,0.077203846,0.086209331,0.095562436,0.110803324,0.118396611,0.13608169,0.149551898,0.170713161,0.195285427,0.216729129,0.241355711,0.272836891,0.29950573,0.335180055,0.372570746,0.419651295,0.472630493,0.536320678,0.612177503,0.724360437,0.885666178,0.987148987,1,1,1,0.98192385,0.785899734,0.534897616,0.272402368,0.0256803,0,0,0,0,0,0,0,0,0,0,0,0,0,0,0,0,0,0,0,0,0,0,0,0,0,0,0,0,0,0,0,0,0,0,0,0,0
z=003.0,0.992700016,0.926196296,0.821020042,0.75762316,0.719852262,0.669654011,0.64057357,0.608364565,0.577198414,0.534256694,0.506892619,0.479224377,0.454293629,0.427972408,0.40304166,0.384693933,0.362533268,0.348335234,0.334126338,0.309228179,0.292249199,0.283928086,0.269034816,0.25797621,0.236478192,0.222997121,0.214328391,0.206354897,0.194590191,0.18524795,0.175210472,0.161360056,0.152006952,0.14715116,0.145076313,0.135049699,0.129151051,0.1177231,0.114268644,0.102840693,0.101439357,0.088642659,0.092792352,0.0979849,0.088284178,0.08793656,0.08241812,0.084492966,0.083439248,0.083460974,0.08447124,0.08517734,0.085524958,0.087252186,0.087599804,0.093813481,0.096246809,0.10145022,0.108728478,0.118070719,0.125674868,0.135375591,0.135744935,0.146119168,0.152702189,0.164477758,0.172081908,0.190071153,0.204975287,0.216761719,0.227842051,0.243072076,0.268665472,0.289131497,0.304698278,0.336885558,0.364608115,0.390570854,0.420705013,0.461561023,0.504806909,0.53289881,0.57131063,0.620476889,0.674868285,0.744793873,0.852479496,0.983325186,1,0.994785726,0.947672587,0.855586334,0.779783825,0.726109391,0.68765412,0.651306284,0.609407419,0.581011352,0.552278529,0.52423008,0.504133399,0.472641356,0.451871164,0.434186084,0.412383901,0.391624572,0.377068057,0.358035957,0.338634512,0.324425615,0.308511216,0.29674651,0.280462767,0.267296725,0.253446309,0.238922383,0.229199935,0.2164141,0.206691652,0.189408506,0.181445875,0.171397534,0.164119277,0.153734181,0.145434794,0.139199392,0.125696594,0.124306121,0.112172071,0.105241432,0.104567921,0.092444734,0.091401879,0.086546087,0.078605182,0.07962631,0.070294932,0.066460268,0.065091521,0.064048667,0.057813264,0.05783499,0.057802401,0.055379936,0.059203737,0.059562218,0.058497637,0.065428277,0.064396285,0.069252078,0.070294932,0.076182717,0.084829721,0.090369888,0.093824344,0.105947531,0.118407474,0.12256803,0.140915757,0.150279724,0.169670306,0.184900331,0.196339145,0.222616914,0.244788442,0.269404161,0.299820759,0.329998371,0.36427136,0.409613818,0.454271903,0.501710934,0.575807941,0.66169138,0.770756613,0.918885449,0.859301505,0.597534083,0.382130248,0.06583021,0.000347618,0,0,0,0,0,0,0,0,0,0,0,0,0,0,0,0,0,0,0,0,0,0,0,0,0,0,0,0,0,0,0,0,0,0,0,0,0,0,0,0,0,0
z=003.5,0.994090489,1,1,1,1,1,1,1,1,0.985801966,0.972994406,0.957742654,0.950833741,0.943913964,0.938015317,0.92585954,0.832035196,0.7586117,0.704622237,0.669643148,0.633990549,0.59971756,0.569235783,0.546749226,0.530443756,0.501374178,0.483037315,0.467448808,0.453576666,0.439737114,0.419292814,0.347607409,0.290141763,0.254489164,0.228493835,0.194568465,0.163054696,0.147498778,0.126370105,0.110455706,0.103514203,0.08931617,0.084840584,0.084134485,0.078605182,0.083069904,0.078594319,0.088631796,0.089305307,0.108022378,0.110444843,0.12394764,0.136418445,0.15928521,0.192156863,0.224365868,0.270414426,0.35829667,0.385030688,0.392308946,0.402704905,0.425180599,0.440073869,0.45879094,0.476095812,0.505534735,0.529770246,0.557438488,0.596947477,0.635370159,0.689392211,0.760002173,0.875281082,0.92589213,0.930400304,0.939058172,0.948052795,0.956015426,0.975069252,0.996187062,1,1,1,1,1,1,1,1,1,1,1,1,1,1,1,1,1,1,1,1,1,1,1,0.999304763,0.982325783,0.952539243,0.913747216,0.830655586,0.748932703,0.642257346,0.56922492,0.513128021,0.444560317,0.398511759,0.352832546,0.313008528,0.276280484,0.251729944,0.214991038,0.190418771,0.165824779,0.138482429,0.1177231,0.096942046,0.085503232,0.070273206,0.051251969,0.043962848,0.031492043,0.025267503,0.017315735,0.016283743,0.011786432,0.013861279,0.015230026,0.015925262,0.020085818,0.029080441,0.040508392,0.046743794,0.061626202,0.078257563,0.102482212,0.127043615,0.162033567,0.193536473,0.245461952,0.291532236,0.351094454,0.42553908,0.496149041,0.538428114,0.577546032,0.609407419,0.645429363,0.684547282,0.74135028,0.803639129,0.855933953,0.896116452,0.946618869,0.983368638,1,1,1,1,1,1,1,1,1,1,1,1,1,1,1,1,1,1,1,1,0.932388246,0.67481397,0.443832491,0.14711857,0.004866656,0,0,0,0,0,0,0,0,0,0,0,0,0,0,0,0,0,0,0,0,0,0,0,0,0,0,0,0,0,0,0,0,0,0,0,0
z=004.0,0.975731899,0.965020911,0.952550106,0.945293574,0.892955298,0.784596165,0.721231872,0.667220683,0.62083537,0.597284232,0.559556787,0.535658031,0.502417033,0.47852914,0.460181413,0.429721362,0.411351909,0.395404921,0.366682961,0.349019608,0.337961002,0.321318777,0.303318668,0.287045788,0.278051165,0.269382434,0.251382326,0.241333985,0.230264516,0.218847428,0.214665146,0.207060996,0.196665037,0.185237087,0.181087393,0.16688936,0.16342404,0.156504264,0.150974961,0.147846396,0.148541633,0.14368584,0.140231383,0.138830047,0.134712943,0.127423823,0.128803433,0.12741296,0.126717723,0.123958503,0.125338113,0.13017218,0.131573516,0.137124545,0.133300744,0.135375591,0.147846396,0.146466786,0.150605616,0.154429417,0.163782521,0.173113899,0.176253327,0.196306556,0.20360654,0.213644017,0.220205312,0.237195155,0.258291239,0.270066808,0.28393895,0.296388029,0.329270545,0.345576014,0.366682961,0.394731411,0.421411113,0.452870567,0.49511705,0.527347781,0.579653468,0.636065396,0.695269133,0.819216773,0.916864918,0.923122047,0.915148552,0.889153224,0.843104666,0.800890772,0.760371517,0.711574602,0.668274401,0.634359894,0.610102656,0.581706588,0.554342513,0.528738254,0.502427896,0.488914236,0.467785563,0.442865678,0.425202325,0.410667536,0.392656564,0.380870132,0.364260496,0.351800554,0.333789582,0.319939167,0.307457498,0.296735647,0.283928086,0.273532128,0.258997339,0.250350334,0.24237684,0.233708109,0.221943403,0.212948781,0.203595676,0.197697029,0.191114008,0.18178263,0.175199609,0.172429526,0.166878497,0.157883874,0.154755309,0.152680463,0.147835533,0.141263375,0.143338222,0.140568139,0.133995981,0.135027972,0.133300744,0.131215034,0.133648362,0.130541524,0.130530661,0.136059964,0.134691217,0.136776927,0.144044321,0.14506545,0.151300853,0.159252621,0.163076422,0.172418663,0.18245614,0.191114008,0.200119494,0.213296399,0.227135951,0.238574765,0.253793928,0.274574982,0.294997556,0.315420129,0.341382869,0.372918364,0.400597469,0.433849329,0.478496551,0.528694802,0.587931128,0.651968932,0.732670686,0.84170333,0.930020097,0.949084786,0.974721634,0.998609527,1,1,1,1,1,1,1,1,1,1,1,1,1,1,1,1,1,1,1,1,1,1,1,1,0.999304763,0.959122264,0.889533431,0.856292434,0.827233719,0.804725436,0.787040356,0.767291293,0.748595948,0.726826354,0.715376677,0.701526261,0.685948618,0.670381837,0.65645538,0.643354516,0.626364673,0.620791918,0.602802672,0.601716365,0.603769486,0.589593178,0.631654989,0.80636576,0.623529412
z=004.5,0.857997936,0.798120689,0.747205475,0.688338493,0.637108251,0.601075444,0.557123459,0.524588561,0.502775515,0.47124002,0.447699745,0.418282548,0.393351801,0.373613601,0.355950247,0.336537939,0.314757482,0.305741133,0.282874369,0.261061322,0.251719081,0.243419695,0.229895171,0.210526316,0.195958938,0.181793493,0.173809136,0.167226115,0.156167509,0.147509641,0.132953126,0.124306121,0.114953017,0.111140079,0.106979523,0.10074412,0.088642659,0.088284178,0.07686709,0.073390908,0.069252078,0.064385422,0.055064907,0.051251969,0.051251969,0.046754658,0.048145131,0.046407039,0.046048558,0.048134268,0.046407039,0.045364184,0.046754658,0.047797512,0.048134268,0.055043181,0.063364293,0.054358807,0.06405953,0.074433762,0.085524958,0.089685514,0.094519581,0.103166585,0.109412851,0.117364619,0.128108196,0.144706969,0.154418554,0.165857368,0.182130248,0.191830971,0.2164141,0.229569279,0.248612243,0.267666069,0.293932975,0.316115366,0.34382706,0.371875509,0.405105643,0.444234425,0.451186791,0.489250991,0.495106187,0.491608278,0.510705556,0.540122753,0.611764706,0.651643039,0.615295204,0.595915485,0.563717343,0.540155342,0.512106893,0.489609473,0.46986041,0.444234425,0.423116615,0.406485253,0.387811634,0.370843517,0.354201293,0.342436587,0.32546847,0.305751996,0.293976427,0.280799522,0.265221878,0.25727011,0.240301993,0.233708109,0.221617511,0.209135843,0.193905817,0.186986041,0.179360165,0.17102819,0.159274347,0.151311716,0.14230623,0.138482429,0.127076204,0.12118842,0.115985009,0.107338004,0.099712129,0.095910054,0.089327033,0.084145348,0.080669165,0.0782467,0.078931074,0.071674542,0.066481994,0.066481994,0.064037803,0.06197382,0.0592146,0.058160882,0.060605073,0.060583347,0.06405953,0.06059421,0.065797621,0.069947314,0.071326924,0.078583456,0.08585085,0.086220194,0.093476726,0.105958394,0.112182934,0.120493183,0.129151051,0.143338222,0.155113791,0.17102819,0.187290207,0.200836456,0.222627777,0.243072076,0.26420075,0.299516593,0.324458204,0.355939384,0.394383792,0.430405736,0.488566618,0.555722123,0.622888491,0.648471023,0.678257563,0.743381674,0.721959698,0.712574005,0.715724295,0.690467655,0.668252675,0.637792624,0.613904731,0.584835153,0.561642496,0.534615176,0.508641573,0.485459779,0.456009994,0.425897561,0.400260714,0.364249633,0.330671881,0.288403672,0.24651567,0.185508663,0.089663788,0.006952365,0,0,0,0,0,0,0,0,0,0,0,0,0,0,0,0,0,0,0,0,0,0,0,0,0,0,0
z=005.0,0.994090489,1,1,1,1,1,0.990961925,0.886752485,0.821997719,0.775264787,0.731997176,0.700472544,0.669654011,0.644734126,0.626723155,0.596599859,0.579990223,0.565781326,0.543620662,0.532192711,0.51068383,0.466405953,0.438346641,0.396111021,0.371875509,0.33968823,0.315094237,0.299842485,0.280462767,0.263147032,0.249622508,0.235457064,0.220933138,0.203595676,0.189734398,0.18040302,0.174504372,0.171375808,0.161685949,0.150616479,0.145098039,0.139883765,0.139199392,0.132616371,0.127771441,0.12394764,0.123958503,0.123263267,0.123958503,0.126717723,0.130183043,0.137113682,0.14301233,0.144022595,0.150247135,0.161349193,0.172429526,0.182803759,0.197001792,0.20636576,0.219868557,0.231980881,0.254815056,0.281809788,0.315789474,0.352799957,0.380174895,0.414100266,0.446667753,0.468839281,0.484069306,0.505187116,0.519363424,0.537732877,0.566813318,0.590016838,0.630177611,0.66239748,0.707381457,0.751713649,0.818543262,0.950410081,1,1,1,1,1,1,1,1,1,0.984769974,0.970908696,0.94145891,0.880180327,0.824431047,0.778371626,0.730584976,0.691477921,0.658921297,0.635370159,0.608712183,0.583792298,0.560588778,0.544305035,0.521123242,0.502080278,0.486491771,0.471609364,0.453239911,0.433523437,0.429699636,0.414806366,0.400619195,0.387822497,0.377774157,0.368757808,0.35734072,0.348324371,0.337939275,0.330324263,0.322372495,0.315430992,0.308511216,0.303655423,0.295703655,0.291553962,0.287034925,0.282211721,0.280451904,0.280821248,0.272500136,0.271120526,0.265221878,0.266970833,0.268002824,0.266275596,0.272152518,0.272826028,0.277345065,0.273890609,0.274922601,0.280821248,0.28945739,0.298810494,0.306773125,0.309543208,0.322698387,0.330661018,0.34520667,0.359741459,0.370832654,0.391961327,0.40993971,0.435228939,0.455303894,0.481277497,0.517983814,0.551561566,0.590701211,0.640204226,0.712606594,0.780804954,0.888425398,0.937678562,0.950475259,0.888490576,0.848308077,0.810569768,0.772505567,0.741339417,0.712954212,0.681103688,0.657889305,0.628461246,0.6059421,0.578241269,0.551930911,0.527000163,0.50173266,0.470914127,0.446678616,0.419651295,0.392634838,0.351789691,0.320971159,0.280462767,0.2309163,0.169311824,0.076834501,0.004160556,0,0,0,0,0,0,0,0,0,0,0,0,0,0,0,0,0,0,0,0,0,0,0,0,0,0,0,0,0,0,0,0
z=005.5,0.994090489,1,0.983368638,0.952213351,0.936635707,0.92451252,0.909282494,0.902710336,0.894725979,0.887458585,0.881929281,0.848644832,0.756906197,0.699440552,0.656498832,0.619781652,0.588973983,0.557460214,0.538080495,0.514518494,0.488219,0.470555646,0.451165064,0.433154093,0.416544457,0.40509478,0.389202107,0.371180273,0.355602629,0.351105317,0.341404595,0.332725001,0.32270925,0.308174461,0.299516593,0.290511107,0.287056651,0.284623323,0.276649829,0.273868883,0.26695997,0.265221878,0.25864972,0.251382326,0.254847645,0.246526533,0.254141546,0.246863288,0.248264624,0.247580251,0.253804791,0.255542882,0.25727011,0.26349465,0.269023953,0.274227364,0.279083157,0.281842377,0.284634186,0.293617946,0.305719407,0.318201075,0.332746727,0.340014122,0.355255011,0.368073434,0.389538863,0.40650698,0.426223453,0.45288143,0.477138667,0.504481017,0.537385259,0.568192928,0.618717071,0.680734344,0.774536962,0.847634566,0.853196459,0.864961165,0.874661887,0.884004128,0.898538917,0.915517897,0.940090163,0.96466243,0.996187062,1,1,1,1,1,1,1,1,0.980913584,0.927966976,0.876030634,0.80053229,0.748965292,0.706023573,0.666894791,0.635033404,0.609070664,0.577915377,0.557807832,0.531160719,0.513497366,0.488903373,0.467796426,0.445972516,0.430047254,0.417924067,0.401651187,0.38468307,0.371527891,0.359404704,0.34591277,0.337233176,0.324099723,0.310586063,0.302275813,0.290847863,0.282548476,0.273195372,0.268698061,0.254478301,0.249296616,0.240649612,0.237879529,0.234761827,0.224355005,0.221595785,0.215371245,0.214665146,0.210178698,0.203943295,0.203248058,0.201173212,0.200803867,0.20360654,0.200130357,0.203932432,0.202911303,0.204627668,0.210167834,0.213980772,0.216066482,0.226451578,0.229547553,0.238205421,0.249285753,0.255532019,0.262810276,0.280451904,0.290141763,0.30919559,0.328260279,0.340372603,0.364955733,0.390212373,0.416196839,0.449437836,0.479897887,0.52147086,0.575471186,0.640921188,0.715354951,0.801542556,0.893324643,0.986823095,1,0.988191842,0.908217913,0.848666558,0.807126175,0.772157949,0.744815599,0.713627723,0.682472435,0.660322633,0.628113628,0.608723046,0.583097062,0.557818695,0.531160719,0.503796643,0.475737331,0.454271903,0.41931454,0.392982456,0.359415567,0.321644669,0.281473032,0.230612134,0.156167509,0.059855521,0.001738091,0,0,0,0,0,0,0,0,0,0,0,0,0,0,0,0,0,0,0,0,0,0,0,0,0
z=006.0,0.917527565,0.803682581,0.73304003,0.686980609,0.640204226,0.597979469,0.573743957,0.534604313,0.49826734,0.470218891,0.451860301,0.422410515,0.400619195,0.380533377,0.354907392,0.337950139,0.326163706,0.306088751,0.289805008,0.271120526,0.259692575,0.242365977,0.225061105,0.215718864,0.203248058,0.197707892,0.184194232,0.172440389,0.159621965,0.147172886,0.137472163,0.132953126,0.131215034,0.115637391,0.109412851,0.096594427,0.090706643,0.081364402,0.078594319,0.070990169,0.069947314,0.068209223,0.065775895,0.064048667,0.061952094,0.058845256,0.054706426,0.058171745,0.052979197,0.056433654,0.054358807,0.057476509,0.055043181,0.060930965,0.059551355,0.061962957,0.067166368,0.069252078,0.074097007,0.077551464,0.083439248,0.089674651,0.101102602,0.109401988,0.116680246,0.129129325,0.134680354,0.140589865,0.156841019,0.173809136,0.191124871,0.20290044,0.209157569,0.234761827,0.256564011,0.273890609,0.298452012,0.31924393,0.344511433,0.380511651,0.410319917,0.450100483,0.487860518,0.532909674,0.569235783,0.628450383,0.711542013,0.837227744,0.946238662,0.843158981,0.777002879,0.718157623,0.67658465,0.643343653,0.606626473,0.573059584,0.547085981,0.515898104,0.493053066,0.4684808,0.441822823,0.42069415,0.398891967,0.379479659,0.361490413,0.345195807,0.324436478,0.311270436,0.292933572,0.280799522,0.262104177,0.245831297,0.234750964,0.22539786,0.20495356,0.19529629,0.184552713,0.173809136,0.157221226,0.153049807,0.144728695,0.134354462,0.122578893,0.111140079,0.108369996,0.095214817,0.086220194,0.075139862,0.070273206,0.063364293,0.057813264,0.050535006,0.042930857,0.037738309,0.036695454,0.033230134,0.028374341,0.022855901,0.016946391,0.019727337,0.015925262,0.012796698,0.006246266,0.011417088,0.010732714,0.007962631,0.007625876,0.013144316,0.015577644,0.010732714,0.019379719,0.025267503,0.025267503,0.03215469,0.033566889,0.048090815,0.056086036,0.063331704,0.068209223,0.088262452,0.094519581,0.115985009,0.12465374,0.143696703,0.168964206,0.183488132,0.213633154,0.235793819,0.267285862,0.298484602,0.334137201,0.376383684,0.425875835,0.473640758,0.548433002,0.631524632,0.751311716,0.934484819,0.999304763,1,1,1,1,1,1,1,1,1,1,1,1,1,1,1,1,1,1,1,0.999304763,0.961186247,0.898897398,0.863168758,0.830318831,0.799174407,0.783575037,0.760034762,0.740633317,0.720178154,0.703590245,0.68765412,0.67619358,0.658964749,0.646483081,0.631557221,0.613481071,0.60208571,0.586182174,0.580326978,0.556786704,0.551366031,0.548900114,0.578578024,0.250980392
z=006.5,0.994090489,0.988528597,0.909966868,0.829949487,0.792917278,0.753810222,0.718483515,0.69978817,0.668274401,0.645766118,0.618032698,0.5657596,0.535994786,0.495138776,0.469534517,0.451512683,0.427994134,0.402694042,0.389886481,0.366682961,0.3500516,0.334484819,0.316821465,0.309901689,0.293617946,0.275270219,0.26073543,0.252772799,0.24722177,0.238553039,0.22886318,0.212253544,0.203226332,0.193905817,0.185932323,0.18316224,0.177632937,0.170691434,0.163434903,0.154777035,0.150627342,0.142632122,0.140231383,0.14230623,0.137113682,0.134691217,0.133637499,0.132953126,0.128455814,0.131910271,0.129509532,0.133985118,0.134343599,0.137798056,0.140579002,0.149932106,0.148900114,0.15857911,0.167215252,0.177263592,0.179707783,0.188365651,0.194948672,0.202563685,0.211221552,0.226451578,0.238227147,0.253793928,0.269045679,0.280136875,0.302623432,0.319580685,0.340709359,0.363239368,0.391950464,0.422432242,0.464320243,0.504828635,0.550888056,0.585508663,0.607691054,0.641942317,0.670360111,0.723306719,0.775232198,0.849350932,0.951474662,0.999652382,1,1,1,0.988908805,0.946999077,0.871500733,0.788430829,0.736494487,0.695986095,0.653381131,0.619097279,0.589680083,0.559209168,0.532192711,0.512128619,0.490652327,0.472272011,0.449079355,0.422095486,0.410319917,0.391255228,0.373624464,0.357329857,0.340698495,0.327195698,0.311976536,0.297420021,0.284623323,0.272836891,0.261767422,0.250687089,0.238563902,0.226799196,0.217446092,0.207050133,0.199098365,0.190777253,0.179012547,0.173472381,0.16275053,0.156830156,0.151300853,0.144739558,0.140915757,0.134017707,0.129487806,0.123969366,0.121872793,0.114974743,0.113236652,0.112508826,0.110444843,0.111129216,0.102145457,0.108717614,0.108369996,0.108359133,0.111835316,0.115637391,0.115278909,0.119472055,0.125685731,0.131573516,0.133995981,0.137135408,0.150594753,0.154429417,0.16342404,0.177622074,0.192156863,0.208440606,0.220205312,0.237173429,0.258302102,0.278735539,0.304687415,0.3303134,0.35734072,0.395763402,0.428320026,0.479202651,0.533930802,0.592102547,0.632947694,0.6782467,0.742664711,0.774211069,0.753114986,0.721264461,0.697007224,0.665504318,0.637097387,0.611123785,0.588973983,0.562305144,0.534962794,0.507598718,0.481299223,0.451860301,0.419988051,0.391624572,0.354929118,0.325446744,0.279050568,0.220531204,0.163054696,0.062614741,0,0,0,0,0,0,0,0,0,0,0,0,0,0,0,0,0,0,0,0,0,0,0,0,0,0,0,0
z=007.0,0.994090489,1,1,1,1,1,1,0.993047635,0.951507251,0.926924121,0.904437564,0.889870186,0.877768725,0.866666667,0.854576069,0.846950193,0.837944707,0.830677312,0.805692249,0.720580088,0.668274401,0.631915703,0.59557873,0.564401716,0.538091358,0.505480419,0.430709902,0.367378198,0.327543316,0.29221661,0.256216392,0.229916898,0.215360382,0.190418771,0.166530878,0.146097442,0.125674868,0.106653631,0.099375373,0.093476726,0.088620933,0.081016783,0.078941937,0.065428277,0.067166368,0.06473304,0.065080658,0.065754169,0.072695671,0.075454891,0.082037912,0.090369888,0.100048884,0.108728478,0.123958503,0.144717832,0.165835642,0.190418771,0.215349519,0.246885014,0.281842377,0.339297159,0.410602357,0.474346858,0.496876867,0.52907501,0.558492206,0.599684971,0.650611048,0.719841399,0.804692847,0.809896258,0.815099669,0.823409918,0.834479387,0.849720276,0.8618326,0.882602792,0.897506925,0.920699582,0.973657053,1,1,1,1,1,1,1,1,1,1,1,1,0.998609527,0.98234751,0.969518223,0.94700994,0.918972353,0.887447721,0.853174732,0.826864375,0.790494813,0.74064418,0.714312096,0.685579273,0.658562816,0.641616425,0.618087013,0.599033187,0.584139916,0.564054098,0.538069632,0.504122535,0.473336592,0.445288143,0.410309054,0.379490522,0.363217642,0.339308022,0.307446635,0.268328717,0.22334474,0.193199718,0.171039053,0.152691326,0.131921134,0.112182934,0.103514203,0.091412742,0.084851448,0.075476617,0.077540601,0.073738526,0.072695671,0.076150128,0.075824236,0.085166477,0.088968551,0.104893813,0.119417739,0.138123948,0.16133833,0.18521536,0.220194449,0.252066699,0.303633697,0.363554397,0.40304166,0.439378632,0.495127913,0.555352778,0.631220466,0.684862311,0.75624355,0.848308077,0.898538917,0.949758297,0.96536853,0.98648634,1,1,1,1,1,1,1,0.944902504,0.871848352,0.82027049,0.776981153,0.746531965,0.715039922,0.688371083,0.659616534,0.632621802,0.604910108,0.579262397,0.552267666,0.525968171,0.496529249,0.472652219,0.441464342,0.413426756,0.381934713,0.345586877,0.314355548,0.267600891,0.210493727,0.157536255,0.045722666,0,0,0,0,0,0,0,0,0,0,0,0,0,0,0,0,0,0,0,0,0,0,0,0,0,0,0,0,0,0,0,0,0
z=007.5,0.942154147,0.92242681,0.896811689,0.850741405,0.75967628,0.698060942,0.639878334,0.60180327,0.579631742,0.537732877,0.510032046,0.483363207,0.456716094,0.433860192,0.412394764,0.387811634,0.370843517,0.353180164,0.331367117,0.320612677,0.302623432,0.284275705,0.273868883,0.263147032,0.24584216,0.22748357,0.218141329,0.209831079,0.199782739,0.194937809,0.176915974,0.171060779,0.161349193,0.150974961,0.146130031,0.143001467,0.135038835,0.131573516,0.12603335,0.118070719,0.115648254,0.109412851,0.097648145,0.102145457,0.099386236,0.091401879,0.094182825,0.089327033,0.090011406,0.087947423,0.090359024,0.091749498,0.094519581,0.095203954,0.09522568,0.098680137,0.112867308,0.110466569,0.11358427,0.126728586,0.136766064,0.138830047,0.140579002,0.149562761,0.162055293,0.175547227,0.185237087,0.1966759,0.211210689,0.222301885,0.245831297,0.257965347,0.273879746,0.295356037,0.315789474,0.336918147,0.368399326,0.394720547,0.42691869,0.457748085,0.492705448,0.517647059,0.547433599,0.587920265,0.624593993,0.667568302,0.65231655,0.630861985,0.642615827,0.644028027,0.61146054,0.576155559,0.553658139,0.532540329,0.507609581,0.487882244,0.467796426,0.449101081,0.427635653,0.413090001,0.397153875,0.377763294,0.366346206,0.355255011,0.333094346,0.325131715,0.313356146,0.300548585,0.285296833,0.273195372,0.26002933,0.254152409,0.241692466,0.22886318,0.217804573,0.211210689,0.20636576,0.192156863,0.188018033,0.176242464,0.175894845,0.167584596,0.161001575,0.152006952,0.145760687,0.146455923,0.137113682,0.134354462,0.12879257,0.125338113,0.127076204,0.120829939,0.122578893,0.117038727,0.113910162,0.114246918,0.114942154,0.11496388,0.116680246,0.113573407,0.119450329,0.120851665,0.124990495,0.126391831,0.131573516,0.136766064,0.145087176,0.153028081,0.153734181,0.163760795,0.173461518,0.186258215,0.201184075,0.210852208,0.219499212,0.242724458,0.256238119,0.278040302,0.297441747,0.318548694,0.349019608,0.374265385,0.412731519,0.4480365,0.48889251,0.546032263,0.624278964,0.707022975,0.801890174,0.871891804,0.933865624,0.952897724,0.971940688,0.944576612,0.868752376,0.815088806,0.778002281,0.748259193,0.718472652,0.689403074,0.660659388,0.633632068,0.609765901,0.581695725,0.55433165,0.532866221,0.506219108,0.477497148,0.448416707,0.417239694,0.385030688,0.351116181,0.317494976,0.26901309,0.207397751,0.148172288,0.04156211,0,0,0,0,0,0,0,0,0,0,0,0,0,0,0,0,0,0,0,0,0,0,0,0,0,0
z=008.0,0.898147846,0.846602575,0.804692847,0.769355277,0.700114062,0.649937537,0.596621585,0.558166314,0.534615176,0.50378578,0.473325729,0.445972516,0.42277986,0.403389278,0.384693933,0.362544131,0.34174135,0.328238553,0.304013905,0.288414535,0.275954592,0.26211504,0.250328608,0.233023736,0.221954266,0.205670523,0.193894954,0.188365651,0.17417848,0.169322688,0.158220629,0.144717832,0.136429309,0.128466678,0.124295258,0.118418337,0.108380859,0.107338004,0.098680137,0.092792352,0.091075987,0.08655695,0.076541198,0.075824236,0.07410787,0.067850741,0.067861604,0.065786758,0.066481994,0.065450003,0.068209223,0.067850741,0.070294932,0.072033024,0.070284069,0.073749389,0.085839987,0.082744012,0.088979414,0.0979849,0.108022378,0.10905437,0.115300635,0.126370105,0.131921134,0.143349085,0.153028081,0.167573733,0.180750638,0.195622182,0.209135843,0.219531802,0.246189778,0.261756559,0.278735539,0.299158112,0.328238553,0.350062463,0.381576232,0.413068274,0.448394981,0.472608766,0.469501928,0.486089838,0.507555266,0.523545706,0.525957308,0.541545815,0.60622454,0.628787138,0.597284232,0.563358862,0.544315898,0.518700777,0.496876867,0.47576992,0.459475314,0.439737114,0.419998914,0.403389278,0.387453153,0.368421053,0.359067949,0.346597143,0.324784096,0.316473847,0.304698278,0.291553962,0.278029439,0.265243604,0.249991853,0.246874151,0.233718972,0.222312748,0.212253544,0.20498615,0.1966759,0.18524795,0.181087393,0.168279833,0.167584596,0.159274347,0.153049807,0.147498778,0.139188529,0.138156537,0.129151051,0.128119059,0.124990495,0.11634349,0.119439466,0.111835316,0.112193797,0.110108088,0.106990386,0.105947531,0.108369996,0.104220303,0.10629515,0.10905437,0.110455706,0.110455706,0.118059856,0.116691109,0.122915648,0.130183043,0.134691217,0.142642985,0.144728695,0.153038944,0.162033567,0.177980555,0.191450763,0.197360274,0.20912498,0.231970018,0.24167074,0.26625387,0.28737168,0.30710988,0.331019499,0.356971376,0.397490631,0.429688773,0.467090326,0.530791375,0.594840041,0.666156102,0.752398023,0.826505893,0.9203411,0.948411276,0.966052903,0.993406116,1,1,1,1,1,1,1,1,1,0.999652382,0.971212862,0.909260768,0.877746999,0.842083537,0.819575254,0.797056108,0.781163435,0.759328662,0.747216338,0.72988974,0.712248113,0.698745315,0.679354734,0.664830808,0.647145728,0.632632665,0.615295204,0.600749552,0.583129651,0.566835044,0.549182554,0.529759383,0.514496768,0.495844875,0.466080061,0.452197056,0.418619304,0.398891967,0.35942643,0.326511325,0.245092608,0.156134919,0.021454565,0,0,0,0,0,0
z=008.5,0.994090489,1,1,1,1,1,1,0.999652382,0.944902504,0.880180327,0.840030417,0.800217261,0.77665526,0.756221824,0.728184238,0.714670577,0.69840856,0.658226061,0.608006083,0.573385476,0.535332138,0.509684428,0.486480908,0.46710119,0.441486068,0.418630167,0.4092662,0.37322253,0.332040628,0.298115257,0.280451904,0.263136169,0.243408832,0.22055293,0.201879311,0.196328282,0.18245614,0.166878497,0.16133833,0.14230623,0.135375591,0.134680354,0.128455814,0.128466678,0.124632013,0.125674868,0.121199283,0.124664603,0.129487806,0.130867416,0.139188529,0.143001467,0.154070936,0.164825376,0.16480365,0.176926837,0.190092879,0.205322905,0.233012873,0.261745696,0.298462875,0.334473956,0.348324371,0.363576123,0.382619086,0.40166205,0.435924176,0.453598392,0.489946228,0.515898104,0.575797078,0.611829884,0.631557221,0.646819836,0.663418608,0.692499049,0.714333822,0.752408886,0.783922655,0.849720276,0.950453533,0.95705828,0.955331052,0.952908587,0.954288197,0.952908587,0.952908587,0.952213351,0.952213351,0.950138504,0.952213351,0.952213351,0.949095649,0.933865624,0.922763565,0.897854543,0.868415621,0.816826897,0.774591277,0.738547607,0.697680734,0.667926783,0.639889197,0.614947586,0.594514149,0.575818804,0.560230297,0.549856064,0.535310412,0.524588561,0.517647059,0.514181739,0.498604095,0.473684211,0.452544674,0.435587421,0.41931454,0.408234208,0.392298083,0.376720439,0.351094454,0.338634512,0.325142578,0.317147358,0.306067025,0.297072402,0.28185324,0.28114714,0.270772908,0.265558633,0.253804791,0.256922492,0.250697952,0.253468035,0.252414318,0.260724567,0.263853131,0.277334202,0.298473739,0.300548585,0.312335017,0.32408886,0.339666504,0.352126446,0.378817012,0.39957634,0.436271794,0.462582152,0.489957091,0.518331432,0.554690131,0.596578133,0.663081853,0.715354951,0.760349791,0.799500299,0.853142143,0.896800826,0.929368312,0.969192331,0.998957145,1,1,1,0.999304763,0.946673185,0.885351149,0.850404649,0.814393569,0.790864157,0.768355874,0.746553691,0.729900603,0.707055565,0.68627451,0.666894791,0.647493346,0.629145619,0.611134648,0.591059693,0.574786812,0.550877193,0.538091358,0.515235457,0.496876867,0.474737928,0.45603172,0.432817337,0.409613818,0.38330346,0.361490413,0.332409972,0.300526859,0.272826028,0.214654283,0.163445766,0.088968551,0.003476183,0,0,0,0,0,0,0,0,0,0,0,0,0,0,0,0,0,0,0,0,0,0,0,0,0
z=009.0,0.994090489,0.981619684,0.934539134,0.899918527,0.879159198,0.858378144,0.840378035,0.829982076,0.810591494,0.792591386,0.729237956,0.672771713,0.637466732,0.605257726,0.573385476,0.554005757,0.528727391,0.508989191,0.490304709,0.47261963,0.44665689,0.434555429,0.429362881,0.410309054,0.392308946,0.373602737,0.366682961,0.360795177,0.34591277,0.338276031,0.327890935,0.314051382,0.308174461,0.303655423,0.296398892,0.292575091,0.282189995,0.271804899,0.26833958,0.261767422,0.257965347,0.250002716,0.250687089,0.254847645,0.249991853,0.251023844,0.245146923,0.246874151,0.244799305,0.237521047,0.224376731,0.22055293,0.211210689,0.209483461,0.210863071,0.215023627,0.211210689,0.212937918,0.219857694,0.229221661,0.230590408,0.23891152,0.241333985,0.246526533,0.257954484,0.271804899,0.277345065,0.293607083,0.306077888,0.320982022,0.334484819,0.357666612,0.378795285,0.401303569,0.428320026,0.462940633,0.501700071,0.545315301,0.628406931,0.674857422,0.68627451,0.701863017,0.713997067,0.744446255,0.770767476,0.806430938,0.862158492,0.900961382,0.902004237,0.902351855,0.902351855,0.896116452,0.876030634,0.829612732,0.773515833,0.71744066,0.674151323,0.644386508,0.616685677,0.590712074,0.561968388,0.5467275,0.527347781,0.513149747,0.489609473,0.477138667,0.462245397,0.446320135,0.432132964,0.421041769,0.409624681,0.400608332,0.389528,0.382955842,0.369800663,0.362880886,0.353527782,0.344880778,0.342784205,0.336201184,0.331714736,0.322720113,0.318896312,0.320297648,0.315441855,0.308847971,0.314746619,0.313019391,0.315072511,0.318559557,0.324436478,0.344185541,0.346260388,0.34453316,0.338623649,0.340383466,0.337254902,0.337950139,0.335864429,0.334832437,0.338634512,0.341752213,0.341404595,0.347639998,0.349030471,0.350410081,0.355613492,0.363228505,0.373276845,0.377068057,0.385725925,0.396447776,0.409624681,0.422421379,0.435935039,0.449785454,0.470914127,0.491684319,0.522491988,0.557471077,0.607669328,0.640921188,0.614230623,0.56437999,0.541165608,0.515908967,0.505197979,0.51068383,0.506925208,0.519048395,0.533930802,0.56851882,0.614589104,0.642257346,0.62843952,0.611134648,0.591059693,0.574091576,0.558513932,0.535310412,0.516615067,0.497582967,0.478159796,0.457422193,0.43215469,0.411373635,0.387453153,0.364608115,0.337233176,0.30781598,0.274574982,0.226440715,0.178643202,0.115268046,0.011112922,0,0,0,0,0,0,0,0,0,0,0,0,0,0,0,0,0,0,0,0,0,0,0,0,0,0,0,0
z=009.5,0.910607789,0.814393569,0.755504861,0.708098419,0.666188692,0.632600076,0.606995818,0.569572538,0.537732877,0.512117756,0.496529249,0.469165173,0.452207919,0.430047254,0.406854598,0.390244962,0.378447667,0.362174787,0.34591277,0.328944653,0.32062354,0.306077888,0.28807778,0.276660692,0.263853131,0.260387812,0.24584216,0.235446201,0.225408723,0.215023627,0.206724241,0.200825593,0.199076639,0.187311933,0.179012547,0.16550975,0.16204443,0.152354571,0.152343708,0.144739558,0.145076313,0.141958612,0.136755201,0.139188529,0.135375591,0.132605508,0.114594536,0.106979523,0.0979849,0.094171962,0.090011406,0.085514095,0.081701157,0.079973929,0.081353539,0.080680028,0.081364402,0.079289555,0.077909945,0.08033241,0.084818858,0.087599804,0.097300527,0.102134593,0.108022378,0.112867308,0.119450329,0.123263267,0.135734072,0.152343708,0.164466895,0.173809136,0.180392157,0.202531096,0.221226441,0.240638749,0.255879637,0.280126012,0.297778502,0.332051491,0.358014231,0.390896747,0.416533594,0.432089512,0.431774483,0.469882136,0.529781109,0.63328445,0.718081582,0.670023356,0.637108251,0.598327087,0.569246646,0.545011135,0.521112378,0.496866004,0.478855032,0.455662376,0.437325512,0.419303677,0.399923959,0.381228613,0.372223127,0.355255011,0.346238662,0.331008636,0.314399001,0.304361523,0.295681929,0.28393895,0.273195372,0.263853131,0.253804791,0.245494541,0.236499919,0.229906034,0.222986258,0.213274673,0.209831079,0.20152083,0.195980664,0.193558199,0.186975178,0.186290804,0.182130248,0.174526099,0.175894845,0.171734289,0.169659443,0.174167617,0.172081908,0.173450655,0.18107653,0.188376514,0.202216066,0.209831079,0.207734507,0.206713378,0.201868448,0.205670523,0.199793602,0.203943295,0.204649394,0.201184075,0.204638531,0.20498615,0.207408614,0.212242681,0.213622291,0.215360382,0.222280159,0.227494433,0.231307371,0.239259139,0.239965238,0.25451089,0.265917115,0.274227364,0.285666178,0.298136983,0.311281299,0.328249416,0.343490305,0.362891749,0.383292597,0.407517245,0.442507197,0.465363098,0.507240237,0.553299658,0.617391777,0.688012601,0.65270762,0.630851122,0.628776275,0.640193363,0.685926892,0.748954429,0.753810222,0.733376786,0.713649449,0.695627614,0.675552659,0.658943023,0.638487861,0.618402042,0.602465917,0.581695725,0.566107219,0.546749226,0.529433491,0.505545598,0.487871381,0.4684808,0.447004508,0.422432242,0.39681712,0.373265982,0.344152952,0.311596328,0.279756667,0.225419586,0.16826897,0.078224974,0.002433328,0,0,0,0,0,0,0,0,0,0,0,0,0,0,0,0,0,0
z=010.0,0.994090489,1,0.981630547,0.921742437,0.883645647,0.858019662,0.827559611,0.808169029,0.795339743,0.779425344,0.764879691,0.747933301,0.710835913,0.65546684,0.614241486,0.590375319,0.567508555,0.536700885,0.511422519,0.498614958,0.479202651,0.46225626,0.448047363,0.431785346,0.418956059,0.405811743,0.391961327,0.377415675,0.36565097,0.356634621,0.351463799,0.340698495,0.335864429,0.321666395,0.311639781,0.30643637,0.298821357,0.291901581,0.288773016,0.288425398,0.286002933,0.280462767,0.278377057,0.277345065,0.274911738,0.270077671,0.268687198,0.266275596,0.265569496,0.269045679,0.26833958,0.275606974,0.275617837,0.27976753,0.280115149,0.27976753,0.263157895,0.269023953,0.262799413,0.269034816,0.272836891,0.277355929,0.279441638,0.294291456,0.306773125,0.316821465,0.325131715,0.334484819,0.352484927,0.362533268,0.392623975,0.408570963,0.431090109,0.457389604,0.497919722,0.550898919,0.617695943,0.628798001,0.638846342,0.657204932,0.679702352,0.695301722,0.72713052,0.757612297,0.805735701,0.838607354,0.855944816,0.836217479,0.823746673,0.813003096,0.80123839,0.788789311,0.779436207,0.771810331,0.757264679,0.72090598,0.68280919,0.648536201,0.610787029,0.583107925,0.553669002,0.536342404,0.513149747,0.49897344,0.484416925,0.468491663,0.451849438,0.438705122,0.423116615,0.411351909,0.402346423,0.391972191,0.381565369,0.370148281,0.36494487,0.356634621,0.352484927,0.343142686,0.339677367,0.335158329,0.334484819,0.32479496,0.331377981,0.323741242,0.307490087,0.301569714,0.289109771,0.275281082,0.264548368,0.256564011,0.24305035,0.232665254,0.227831188,0.217771984,0.214317528,0.205322905,0.20219434,0.190092879,0.190777253,0.180750638,0.186279941,0.182814622,0.179360165,0.179360165,0.177622074,0.179001684,0.180739775,0.182814622,0.18524795,0.188354788,0.195285427,0.192526207,0.212937918,0.217098474,0.225386997,0.231307371,0.246885014,0.263842268,0.27838792,0.293976427,0.318559557,0.33898213,0.363239368,0.395426647,0.423790125,0.453913421,0.451154201,0.491347564,0.569550812,0.621476291,0.654434849,0.673108468,0.661354625,0.655814459,0.642311662,0.632610939,0.625321818,0.618065287,0.609407419,0.603878116,0.59971756,0.594155668,0.594525012,0.589669219,0.589332464,0.593123676,0.606289718,0.626027918,0.644049753,0.633664657,0.623279561,0.611156374,0.605616208,0.595557004,0.583781435,0.573059584,0.565792189,0.552615284,0.53844984,0.528738254,0.519406876,0.504850361,0.495149639,0.478865895,0.463646733,0.452892293,0.434892184,0.415849221,0.394025311,0.373255119,0.349019608,0.318559557,0.276671555,0.227396665,0.117342893,0.013187768,0,0,0,0,0,0,0
z=010.5,0.994090489,1,1,1,1,0.999652382,0.968486231,0.895421216,0.855227853,0.827537885,0.798805062,0.783238281,0.753451741,0.741687035,0.727489001,0.708098419,0.697007224,0.686285373,0.670360111,0.6651567,0.654076367,0.628754549,0.526315789,0.468491663,0.414795503,0.375329966,0.334473956,0.30919559,0.287741024,0.26002933,0.233371354,0.217435229,0.194220846,0.181087393,0.162739667,0.153028081,0.142990603,0.129487806,0.124979632,0.113573407,0.102818967,0.095562436,0.08793656,0.085166477,0.082754875,0.079300418,0.0782467,0.080343273,0.080690891,0.086882842,0.086904568,0.098658411,0.106273423,0.10629515,0.12532725,0.135386454,0.156493401,0.174851991,0.192862962,0.210863071,0.237879529,0.259344957,0.293617946,0.324425615,0.374634729,0.436619412,0.537330943,0.594514149,0.600076041,0.619803378,0.629145619,0.642311662,0.653728749,0.666894791,0.682483298,0.704285482,0.724708055,0.751713649,0.774232796,0.804345228,0.845222965,0.91029276,0.997566672,1,1,1,1,1,1,1,1,1,1,1,1,1,1,1,1,1,1,0.999652382,0.985454348,0.971245451,0.949780023,0.933170387,0.921742437,0.915507034,0.906501548,0.899570909,0.892314377,0.88779534,0.864906849,0.81959698,0.795709087,0.779425344,0.75900277,0.745130628,0.731291076,0.719167889,0.709488893,0.69978817,0.688696975,0.684199663,0.674868285,0.666199555,0.65546684,0.648894683,0.634696649,0.629851719,0.624659171,0.61945576,0.613926457,0.617370051,0.616327196,0.615295204,0.624985063,0.630872848,0.640584433,0.645776981,0.652012384,0.659616534,0.671392103,0.685242518,0.689403074,0.690793547,0.703590245,0.711216121,0.721253598,0.741002661,0.763163326,0.773189941,0.792580523,0.788072348,0.745141491,0.692194883,0.670707729,0.645081745,0.626734018,0.606311444,0.588626365,0.573048721,0.559209168,0.544315898,0.531855956,0.516615067,0.501385042,0.494802021,0.480256368,0.466405953,0.459127695,0.442854815,0.434555429,0.424170333,0.410319917,0.39957634,0.390940199,0.378110912,0.370832654,0.359404704,0.349356363,0.340014122,0.329629026,0.319939167,0.309554071,0.303329531,0.294649938,0.28117973,0.275954592,0.261419803,0.25451089,0.250013579,0.24237684,0.231318234,0.226429852,0.221248167,0.215360382,0.209461735,0.211558308,0.230231927,0.227461843,0.193503884,0.118038129,0.034294715,0,0,0,0,0,0,0,0,0,0,0,0,0,0,0,0,0,0,0
z=011.0,0.9006029,0.856270708,0.807104448,0.73028081,0.673456086,0.627407528,0.57859975,0.553321384,0.523882462,0.487882244,0.467785563,0.441475205,0.414469611,0.393004182,0.374656455,0.355244148,0.331356254,0.324784096,0.303992179,0.279072294,0.267655206,0.258997339,0.247906143,0.221617511,0.209472598,0.195980664,0.191820108,0.18316224,0.172429526,0.160306339,0.143674977,0.134017707,0.129846288,0.127076204,0.124990495,0.120145565,0.104220303,0.102134593,0.091749498,0.085514095,0.080680028,0.073390908,0.064407148,0.065786758,0.064765629,0.063375156,0.064070393,0.060941828,0.060941828,0.06059421,0.061984683,0.061984683,0.063016675,0.06267992,0.062332301,0.06681875,0.075845962,0.073075879,0.075824236,0.091391016,0.105274021,0.10491554,0.112172071,0.120493183,0.12603335,0.133648362,0.141252512,0.162033567,0.17831731,0.184205095,0.205322905,0.214350117,0.237868665,0.249991853,0.270414426,0.289142361,0.316473847,0.344859052,0.368757808,0.396121884,0.435945902,0.480245505,0.511433382,0.572701103,0.622910217,0.720884254,0.779066862,0.805735701,0.854152409,0.88503612,0.869469339,0.850426376,0.841062408,0.815088806,0.782543045,0.757601434,0.724034545,0.695627614,0.668622019,0.646124599,0.625354408,0.608723046,0.591059693,0.577904514,0.563347998,0.550888056,0.538428114,0.522502852,0.512476237,0.500005432,0.489261854,0.479213514,0.469523654,0.451154201,0.416892075,0.395426647,0.379142904,0.362533268,0.345576014,0.329987507,0.314746619,0.308522079,0.297083265,0.280126012,0.275281082,0.264885123,0.26073543,0.249296616,0.243072076,0.238563902,0.230612134,0.223670632,0.222291022,0.21503449,0.214328391,0.209483461,0.205333768,0.205322905,0.20636576,0.206702515,0.207397751,0.205312042,0.207408614,0.209820216,0.218478084,0.219195046,0.225408723,0.233382217,0.236489055,0.249644234,0.257280973,0.279083157,0.288088643,0.307805117,0.330650155,0.332725001,0.308858834,0.294997556,0.283243713,0.287741024,0.303307805,0.322350769,0.338992993,0.340372603,0.356971376,0.386421161,0.411004291,0.427603063,0.439389495,0.44043235,0.452859703,0.465004617,0.454630384,0.443560915,0.435945902,0.426929553,0.415860084,0.403726033,0.393699419,0.38538917,0.376383684,0.36703058,0.35734072,0.347639998,0.338992993,0.331377981,0.323741242,0.313377872,0.30919559,0.298136983,0.295356037,0.286002933,0.283243713,0.278735539,0.273901472,0.271435555,0.272500136,0.286676443,0.310564337,0.301243822,0.277334202,0.243745587,0.209809353,0.14022052,0.061984683,0.003128564,0,0,0,0,0,0,0,0,0,0,0,0,0,0,0,0,0
z=011.5,0.94697735,0.912030851,0.88019119,0.86391831,0.837564499,0.754842214,0.686263647,0.631926566,0.594514149,0.568899028,0.534267557,0.503807506,0.475748194,0.451165064,0.435924176,0.406832872,0.380880995,0.374656455,0.348693716,0.325490196,0.312660909,0.304709141,0.28945739,0.271109663,0.256227255,0.248253761,0.235457064,0.227842051,0.212253544,0.203248058,0.194937809,0.183509858,0.177611211,0.165857368,0.166552604,0.153386562,0.14301233,0.140242246,0.131595242,0.129520395,0.125359839,0.122578893,0.115985009,0.117017001,0.113888436,0.109401988,0.109749606,0.107338004,0.106990386,0.105263158,0.10629515,0.109749606,0.110455706,0.111846179,0.111487698,0.113225789,0.123263267,0.121166694,0.129151051,0.133300744,0.150605616,0.153364836,0.158915866,0.172777144,0.178675792,0.183173103,0.197360274,0.216055619,0.235782956,0.244440823,0.25727011,0.270066808,0.302960187,0.317853457,0.34450057,0.363902015,0.391591983,0.409624681,0.43519635,0.441779371,0.469480202,0.499625224,0.540133616,0.632556624,0.658247787,0.670012493,0.671033621,0.684873174,0.706327739,0.681440443,0.657541687,0.63434903,0.613926457,0.590027701,0.570626256,0.56024116,0.535310412,0.517647059,0.506240834,0.492738037,0.47714953,0.461213405,0.450828309,0.440779968,0.423811852,0.417228831,0.40512737,0.395079029,0.385725925,0.375340829,0.36218565,0.354223019,0.34729238,0.338971267,0.329976644,0.32341535,0.314399001,0.310933681,0.298473739,0.297778502,0.288414535,0.280126012,0.276313074,0.270425289,0.268687198,0.261419803,0.256216392,0.252414318,0.252761936,0.23576123,0.207397751,0.191483352,0.183509858,0.176242464,0.171386671,0.16066482,0.156156645,0.147162023,0.146119168,0.140589865,0.141610993,0.139199392,0.135375591,0.132953126,0.133985118,0.139872902,0.137113682,0.144717832,0.142653848,0.145760687,0.155113791,0.159263484,0.16618326,0.168964206,0.188691543,0.194937809,0.204649394,0.219868557,0.233023736,0.246885014,0.272500136,0.297778502,0.326511325,0.355602629,0.393655967,0.441779371,0.480593124,0.521796752,0.56851882,0.602129162,0.633306176,0.649198849,0.658877845,0.65684645,0.679691489,0.705665092,0.728520993,0.739253707,0.739948944,0.73374613,0.738232578,0.744435392,0.757949052,0.76522731,0.752072131,0.747911575,0.734408777,0.727489001,0.715365814,0.709825648,0.701526261,0.691130303,0.68213568,0.673130194,0.668622019,0.659975015,0.651675629,0.642322525,0.635370159,0.626375536,0.61531693,0.609755038,0.603193743,0.593818913,0.584150779,0.579631742,0.567497692,0.563337135,0.550573027,0.539134213,0.532181848,0.522122644,0.505849764,0.493748303,0.488903373,0.469512791,0.450871761,0.424496225,0.388061485,0.339862039,0.127782304,0,0
z=012.0,0.994090489,1,1,1,1,1,1,1,1,0.990614307,0.949758297,0.912736951,0.886078975,0.870490468,0.848655695,0.774189343,0.706718809,0.655119222,0.623257835,0.58758351,0.566476563,0.535299549,0.510738146,0.492368693,0.469523654,0.447373853,0.434892184,0.418608441,0.39957634,0.384693933,0.377426538,0.368757808,0.353516919,0.328564445,0.282874369,0.252055836,0.224039976,0.210167834,0.202552822,0.184878605,0.175547227,0.162392048,0.156830156,0.143349085,0.141285101,0.137472163,0.140579002,0.145043724,0.15058389,0.167910488,0.174862854,0.192156863,0.205322905,0.234403346,0.280788659,0.302634295,0.309554071,0.315441855,0.328260279,0.341404595,0.357003965,0.366346206,0.375677584,0.400260714,0.423811852,0.431090109,0.461561023,0.4875129,0.514887839,0.55019282,0.590690348,0.634685786,0.707739938,0.797729618,0.843137255,0.863559828,0.888849058,0.920710445,0.976068655,0.995144207,0.975069252,0.966411384,0.959828363,0.951170496,0.934908479,0.916213133,0.900613764,0.891619141,0.879832709,0.852827114,0.810928249,0.761055891,0.726435283,0.694237141,0.654098094,0.620140134,0.592776058,0.566128945,0.54188257,0.520417142,0.499299332,0.481635978,0.461919505,0.44736299,0.425202325,0.411004291,0.396121884,0.383629352,0.370126555,0.35734072,0.346260388,0.328955516,0.322361632,0.313692901,0.30367715,0.290163489,0.281158003,0.271468144,0.268350443,0.255542882,0.251719081,0.243745587,0.235793819,0.227157677,0.226451578,0.223333876,0.215023627,0.212948781,0.213644017,0.203248058,0.20428005,0.199782739,0.197371137,0.195274564,0.194948672,0.197349411,0.195958938,0.195980664,0.198750747,0.199098365,0.204627668,0.209114117,0.211210689,0.213307262,0.22263864,0.230959752,0.236836674,0.245494541,0.258291239,0.266949107,0.279409049,0.292585954,0.305045896,0.32755418,0.340350877,0.364966596,0.393677693,0.415501602,0.445635761,0.477138667,0.518331432,0.570973874,0.645070882,0.737863234,0.791852697,0.819238499,0.835185487,0.847993048,0.872228559,0.897148444,0.943207865,0.976807343,0.998609527,0.999304763,0.950105915,0.870153712,0.819227636,0.773179078,0.738232578,0.705317473,0.675552659,0.638172831,0.617706806,0.581706588,0.552604421,0.52423008,0.492738037,0.465004617,0.428678507,0.390940199,0.356276139,0.318885449,0.265221878,0.209483461,0.106653631,0.01075444,0,0,0,0,0,0,0,0,0,0,0,0,0,0,0,0,0,0,0,0,0,0,0,0,0,0,0
z=012.5,0.988876215,0.926218022,0.857682907,0.82097659,0.786334257,0.752398023,0.735114877,0.709130411,0.66720982,0.602129162,0.568909891,0.537026777,0.503796643,0.477497148,0.453239911,0.432828201,0.405811743,0.392993319,0.374623866,0.348335234,0.334832437,0.322361632,0.309184727,0.289131497,0.271109663,0.25727011,0.248612243,0.242387703,0.230948889,0.221606648,0.209114117,0.194948672,0.185932323,0.178664929,0.175894845,0.16826897,0.162402911,0.153723318,0.150268861,0.138830047,0.133995981,0.125359839,0.125348976,0.12532725,0.122231275,0.116354353,0.11980881,0.119450329,0.118765955,0.118418337,0.116691109,0.120156428,0.122220412,0.125348976,0.126380968,0.130878279,0.135397317,0.13884091,0.148541633,0.152343708,0.163076422,0.168953343,0.177285319,0.191124871,0.193199718,0.203617403,0.209494324,0.232328499,0.250687089,0.265221878,0.278398783,0.296735647,0.317842594,0.342773342,0.363912878,0.396806257,0.431426864,0.457748085,0.502384444,0.557134322,0.627407528,0.653728749,0.670327522,0.680745207,0.713627723,0.74824833,0.8216501,0.9158112,0.934213242,0.929357449,0.926598229,0.923817283,0.919319972,0.914127424,0.912736951,0.908934876,0.903047091,0.898191299,0.865287057,0.836901852,0.816120797,0.779762099,0.737189724,0.709141274,0.684569008,0.653717886,0.627776873,0.596241377,0.575482049,0.547096844,0.508989191,0.486480908,0.458758351,0.418945196,0.382608223,0.358361849,0.334463093,0.319580685,0.299516593,0.287730161,0.276649829,0.259323231,0.24584216,0.235457064,0.231285644,0.21779371,0.216739992,0.206724241,0.207767096,0.206018141,0.204964423,0.206713378,0.205681386,0.217098474,0.219510075,0.245831297,0.249296616,0.25935582,0.271804899,0.291184618,0.301222095,0.311628917,0.32200315,0.33968823,0.369431318,0.377426538,0.390918473,0.405464125,0.417228831,0.430394873,0.451512683,0.481299223,0.511422519,0.525946445,0.545000272,0.572016729,0.586899136,0.62705991,0.672413231,0.725740047,0.770767476,0.795709087,0.803302374,0.815099669,0.8230623,0.843843355,0.863223073,0.848970724,0.803258921,0.769724621,0.747922438,0.739242844,0.704980718,0.674488078,0.641605562,0.615273478,0.58135897,0.552267666,0.522481125,0.491640867,0.46292977,0.429352018,0.394720547,0.359057085,0.3105752,0.269730053,0.21602303,0.128032155,0.020085818,0,0,0,0,0,0,0,0,0,0,0,0,0,0,0,0,0,0,0,0,0,0,0,0,0,0,0,0,0,0,0,0,0,0
z=013.0,0.933452827,0.838976699,0.756210961,0.703242627,0.653033513,0.609744175,0.583455543,0.540850578,0.508304818,0.476780186,0.45741133,0.433154093,0.4085601,0.387800771,0.362174787,0.345554288,0.329639889,0.313356146,0.299158112,0.275606974,0.26420075,0.254141546,0.232350225,0.219520939,0.203258921,0.196317419,0.18524795,0.176568356,0.164814513,0.151659334,0.14297974,0.132953126,0.127423823,0.11910271,0.115985009,0.09936451,0.094182825,0.086209331,0.085524958,0.072717397,0.073054152,0.064396285,0.063375156,0.066134376,0.060941828,0.059562218,0.05712889,0.057487372,0.057824127,0.057139753,0.057824127,0.05712889,0.056781272,0.0585085,0.0592146,0.062332301,0.067524849,0.070284069,0.076845364,0.08033241,0.092803215,0.095899191,0.108011515,0.115289772,0.119450329,0.126739449,0.135038835,0.149584488,0.16480365,0.179012547,0.192526207,0.200825593,0.21917332,0.243430558,0.25864972,0.288762153,0.307468361,0.33169301,0.352463201,0.389180381,0.425528217,0.457422193,0.498593232,0.546390745,0.590690348,0.652685894,0.734376188,0.813676606,0.842105263,0.807441204,0.752072131,0.706349465,0.66239748,0.630514366,0.594525012,0.571299766,0.541534952,0.519037532,0.495149639,0.474368584,0.456346749,0.435945902,0.414447884,0.402346423,0.382955842,0.365303351,0.351094454,0.335527674,0.319591549,0.308163598,0.291553962,0.28185324,0.270762044,0.256922492,0.246189778,0.234740101,0.228504698,0.212959644,0.20498615,0.197718755,0.188018033,0.181087393,0.167921351,0.160317202,0.156156645,0.150594753,0.14230623,0.137450437,0.130183043,0.120840802,0.117712237,0.115648254,0.114616262,0.114616262,0.104567921,0.104220303,0.101461083,0.102134593,0.097995763,0.097995763,0.100754983,0.096594427,0.104220303,0.106306013,0.108033241,0.110108088,0.110097224,0.116321764,0.124990495,0.134691217,0.138830047,0.150953234,0.153386562,0.169311824,0.181445875,0.186986041,0.200119494,0.222975395,0.236836674,0.24998099,0.282548476,0.306425506,0.33898213,0.367019716,0.414838955,0.467079463,0.534951931,0.556080604,0.590364456,0.616348922,0.651306284,0.689728966,0.727391234,0.719124436,0.724697192,0.72228559,0.705665092,0.7046331,0.6848949,0.647819238,0.622899354,0.593840639,0.562316007,0.53045462,0.502395307,0.471598501,0.438009885,0.405464125,0.361848895,0.327195698,0.283580468,0.227820325,0.143653251,0.030829395,0,0,0,0,0,0,0,0,0,0,0,0,0,0,0,0,0,0,0,0,0,0,0,0,0,0,0,0,0
z=013.5,0.994090489,1,1,0.988202705,0.943218728,0.918277117,0.904079083,0.883993265,0.872576177,0.864602683,0.850057031,0.843832491,0.831720167,0.823757536,0.785291402,0.700809299,0.653391994,0.621519744,0.590690348,0.562316007,0.54050296,0.515908967,0.49964695,0.478865895,0.452577264,0.444245288,0.433838466,0.414111129,0.393699419,0.38330346,0.372559883,0.364586389,0.356993102,0.339677367,0.332062354,0.32270925,0.283526153,0.243408832,0.222269296,0.199424257,0.181445875,0.171745152,0.167932214,0.156504264,0.158209766,0.154418554,0.155461409,0.160317202,0.166878497,0.186953452,0.204605942,0.23891152,0.28390636,0.299168975,0.305393515,0.308847971,0.314409864,0.315094237,0.32132964,0.339308022,0.355255011,0.370137418,0.370843517,0.38606268,0.408918581,0.417228831,0.436619412,0.454282766,0.488219,0.514866113,0.540850578,0.573385476,0.636423877,0.703916137,0.788756722,0.798826788,0.803671718,0.81475205,0.824789528,0.835511379,0.852490359,0.862516974,0.865287057,0.880517082,0.915474445,0.94492423,0.941122155,0.915843789,0.873586443,0.827559611,0.795698224,0.76798653,0.728195101,0.694595622,0.662060725,0.640225952,0.613557113,0.592450166,0.569952746,0.559545924,0.537732877,0.522491988,0.505523872,0.492727174,0.475759057,0.461897779,0.450133073,0.435576557,0.42069415,0.40788659,0.394731411,0.389191244,0.373950356,0.349367226,0.336559665,0.319928304,0.310249307,0.297789365,0.287382543,0.272489273,0.267991961,0.260366085,0.252066699,0.238933246,0.232339362,0.226093097,0.22401825,0.219520939,0.211916789,0.202563685,0.203932432,0.198750747,0.19943512,0.196317419,0.194601054,0.195991527,0.195633045,0.197360274,0.202541959,0.207756233,0.221584922,0.225419586,0.223323013,0.222997121,0.227135951,0.229221661,0.228537287,0.235120309,0.235446201,0.240649612,0.246863288,0.253457172,0.257280973,0.271109663,0.274238227,0.280462767,0.290858726,0.306794851,0.317516702,0.324099723,0.34315355,0.361838032,0.380880995,0.394742274,0.428656781,0.447710608,0.476780186,0.511411656,0.551920048,0.597251643,0.663060127,0.719852262,0.778045734,0.86388572,0.943197002,0.971593069,0.998261909,1,1,1,1,1,1,1,1,1,1,1,1,1,1,1,1,1,1,1,1,0.999304763,0.95291945,0.895432079,0.852794525,0.753777633,0.68556841,0.629797404,0.583064472,0.534941068,0.496149041,0.451882027,0.425528217,0.380164032,0.35557004,0.327195698,0.292542502,0.262104177,0.236771495,0.197349411,0.180750638,0.139438379,0.122024876,0.084014991,0.095486394,0.042061811,0.125490196
z=014.0,0.994090489,1,1,1,0.998609527,0.936559665,0.850415512,0.79985878,0.759687144,0.73441964,0.713975341,0.68351529,0.66169138,0.639889197,0.621867362,0.601792407,0.58206507,0.57375482,0.548454728,0.515550486,0.498962577,0.480593124,0.459833795,0.441464342,0.421063495,0.403378415,0.367356472,0.342099832,0.312650046,0.28945739,0.270772908,0.257617729,0.243072076,0.230938026,0.220194449,0.201531693,0.194568465,0.183488132,0.171408397,0.165520613,0.157894737,0.151311716,0.152343708,0.147857259,0.148541633,0.14715116,0.142653848,0.147846396,0.148194014,0.147835533,0.147140297,0.154766172,0.163771658,0.168975069,0.177285319,0.181445875,0.194242572,0.196317419,0.192504481,0.198044647,0.228852317,0.248579653,0.275943729,0.314388138,0.316832328,0.335527674,0.34174135,0.36356526,0.383281734,0.406496116,0.435924176,0.442865678,0.460518168,0.481310086,0.501015697,0.513508229,0.537037641,0.56232687,0.595567867,0.624637445,0.667937646,0.715007333,0.787040356,0.902319266,0.921742437,0.920699582,0.918624735,0.917592743,0.912736951,0.898538917,0.8822769,0.874303406,0.867372766,0.863223073,0.858714899,0.84969855,0.822703818,0.809559502,0.79639346,0.789462821,0.770419858,0.723676063,0.677627505,0.645776981,0.622551735,0.597295095,0.578578024,0.542241052,0.518689914,0.495844875,0.478181522,0.460507305,0.444592906,0.420683287,0.396100158,0.378784422,0.366682961,0.349019608,0.340709359,0.32755418,0.314757482,0.309912552,0.306783988,0.301928195,0.304003042,0.311270436,0.30710988,0.303318668,0.296398892,0.293617946,0.283591331,0.279083157,0.279419912,0.278409646,0.279419912,0.278735539,0.279419912,0.28185324,0.283917223,0.288425398,0.294313182,0.299853349,0.313356146,0.313356146,0.336537939,0.347987616,0.364966596,0.389191244,0.412742382,0.428993536,0.449437836,0.466058335,0.49964695,0.529064146,0.547422736,0.570973874,0.595915485,0.622562598,0.660322633,0.716419532,0.771451849,0.799163544,0.832404541,0.877051763,0.911694096,0.916886644,0.92313291,0.934549997,0.94563033,0.9612297,0.94283852,0.880517082,0.835511379,0.802976481,0.765585791,0.734778122,0.710520884,0.6841888,0.664102982,0.630872848,0.613220357,0.58758351,0.562652762,0.540144479,0.512823855,0.489250991,0.46501548,0.437336375,0.409972299,0.378447667,0.346238662,0.313703764,0.271457281,0.225039379,0.158209766,0.047797512,0.000695237,0,0,0,0,0,0,0,0,0,0,0,0,0,0,0,0,0,0,0,0,0,0,0,0,0,0
z=014.5,0.869773505,0.813339851,0.753451741,0.700124925,0.657530824,0.622910217,0.587246755,0.558166314,0.538428114,0.5079572,0.488219,0.46155016,0.437683993,0.422768997,0.405822606,0.383987833,0.369463907,0.363206779,0.337233176,0.316126229,0.310933681,0.30297105,0.292227473,0.267666069,0.257596002,0.248959861,0.240638749,0.234750964,0.22125903,0.211210689,0.20081473,0.190103742,0.18662756,0.182814622,0.179349302,0.175894845,0.158242355,0.156156645,0.148194014,0.144728695,0.14092662,0.136407582,0.129151051,0.127771441,0.126728586,0.126044213,0.124664603,0.111140079,0.0979849,0.094519581,0.088631796,0.082396393,0.081016783,0.076530335,0.073065015,0.071663679,0.07548748,0.068220086,0.069241214,0.078583456,0.084492966,0.087252186,0.092433871,0.095899191,0.103861822,0.106979523,0.109065233,0.124632013,0.13884091,0.144381077,0.156504264,0.162402911,0.185932323,0.195285427,0.210863071,0.226462441,0.252751073,0.26971919,0.293270328,0.317516702,0.345565151,0.386051817,0.405464125,0.452197056,0.494791157,0.551203085,0.607962631,0.674151323,0.755092065,0.785291402,0.765574928,0.730921732,0.686937157,0.644017164,0.619803378,0.585508663,0.560262886,0.542251915,0.523534843,0.503438162,0.480267232,0.465037206,0.453598392,0.435250665,0.424496225,0.412036283,0.394394655,0.387116398,0.376720439,0.362880886,0.356645484,0.348661127,0.335516811,0.331714736,0.322361632,0.313367009,0.306088751,0.30505676,0.297441747,0.289468253,0.283928086,0.282537613,0.278713812,0.273532128,0.273532128,0.274238227,0.270436152,0.269045679,0.270077671,0.270425289,0.273184509,0.280104285,0.282885232,0.286350551,0.302960187,0.31786432,0.324425615,0.328238553,0.329629026,0.323393623,0.329281408,0.333441964,0.333441964,0.334126338,0.340014122,0.346249525,0.353191027,0.363228505,0.363891152,0.375351692,0.389538863,0.399228722,0.407202216,0.42277986,0.436967031,0.456705231,0.470914127,0.490652327,0.517668785,0.549160828,0.587941991,0.632589213,0.700461681,0.756221824,0.780468198,0.748270056,0.691108576,0.670707729,0.663766227,0.639889197,0.620846233,0.598696431,0.578588887,0.563347998,0.549508446,0.539460105,0.532877084,0.540470371,0.532203574,0.506240834,0.477497148,0.457748085,0.429015263,0.399239585,0.370137418,0.337917549,0.301580577,0.263136169,0.214958449,0.147444463,0.039813155,0,0,0,0,0,0,0,0,0,0,0,0,0,0,0,0,0,0,0,0,0,0,0,0,0,0,0,0,0,0,0,0
z=015.0,0.984042149,0.970561078,0.954288197,0.948748031,0.939058172,0.932811906,0.852110152,0.768008256,0.712248113,0.68004997,0.638857205,0.616316333,0.577567758,0.557818695,0.535994786,0.513149747,0.490999946,0.475074684,0.454978002,0.441822823,0.420705013,0.403052523,0.39681712,0.384672207,0.367736679,0.349030471,0.339340612,0.335180055,0.32893379,0.32200315,0.305035033,0.291553962,0.281864103,0.27838792,0.274238227,0.268350443,0.263136169,0.258638857,0.253804791,0.24513606,0.237184292,0.230601271,0.228526424,0.226440715,0.225745478,0.21917332,0.22125903,0.219531802,0.219520939,0.211569171,0.198413992,0.196339145,0.196686763,0.181445875,0.18454185,0.185237087,0.190429634,0.197349411,0.199087502,0.20357395,0.211558308,0.209472598,0.210537179,0.216403237,0.226440715,0.240627886,0.252414318,0.2558905,0.266275596,0.285329423,0.298821357,0.311976536,0.336537939,0.354907392,0.375004074,0.405105643,0.430394873,0.466047472,0.503101407,0.539807724,0.599348216,0.655097496,0.757221226,0.730226495,0.692509913,0.666894791,0.636413014,0.616338059,0.611156374,0.589321601,0.560599642,0.532551192,0.514876976,0.489924502,0.458747488,0.424843843,0.397143012,0.379142904,0.354907392,0.338286894,0.323741242,0.302612569,0.285296833,0.269023953,0.251034708,0.239954375,0.226451578,0.213622291,0.200119494,0.188028896,0.180381294,0.169996198,0.158242355,0.150279724,0.137808919,0.130204769,0.123969366,0.117375482,0.111824453,0.106284287,0.097995763,0.091412742,0.08655695,0.086546087,0.078931074,0.078583456,0.0782467,0.081016783,0.075139862,0.083776003,0.090359024,0.092781489,0.106642768,0.118070719,0.112878171,0.111846179,0.110118951,0.111140079,0.112889034,0.109086959,0.114616262,0.121199283,0.118407474,0.117733963,0.126011623,0.130530661,0.137113682,0.137102819,0.146814404,0.159969583,0.17102819,0.174851991,0.185595568,0.20081473,0.210515453,0.225408723,0.245483678,0.269382434,0.288414535,0.308163598,0.336548802,0.364977459,0.40788659,0.452207919,0.482352941,0.52009125,0.558839824,0.599011461,0.649568193,0.717418934,0.806713378,0.915441855,0.926207159,0.870501331,0.828254848,0.793286622,0.762815708,0.734072022,0.706707946,0.679333007,0.657878442,0.628798001,0.610450274,0.58273858,0.56024116,0.538775732,0.510390527,0.484764543,0.463972625,0.432122101,0.401998805,0.375329966,0.340698495,0.304339797,0.262104177,0.217424366,0.140817989,0.028732823,0,0,0,0,0,0,0,0,0,0,0,0,0,0,0,0,0,0,0,0,0,0,0,0,0
z=015.5,0.994090489,1,1,1,1,1,1,1,1,1,1,0.995828581,0.965325077,0.847960458,0.766585194,0.717451524,0.67867036,0.636087122,0.608006083,0.569583401,0.5467275,0.527347781,0.496203357,0.483363207,0.461539297,0.433871055,0.42140025,0.413426756,0.393710282,0.379512248,0.36494487,0.347987616,0.343131823,0.337591657,0.32546847,0.314724893,0.300200967,0.293607083,0.281842377,0.284970941,0.277703547,0.274238227,0.272847754,0.273195372,0.272510999,0.270762044,0.271120526,0.26833958,0.271109663,0.269730053,0.273542991,0.273890609,0.273890609,0.278040302,0.284275705,0.287393406,0.299158112,0.306088751,0.320982022,0.333083483,0.346608006,0.352843409,0.369778937,0.390212373,0.407538971,0.420705013,0.440801695,0.475748194,0.487882244,0.505893216,0.538775732,0.575460323,0.613915594,0.668252675,0.738884363,0.869751779,0.943197002,0.957405899,0.95567867,0.954983434,0.939731682,0.920004345,0.911009722,0.900613764,0.89646407,0.887458585,0.852110152,0.798490033,0.764532073,0.733724404,0.71468144,0.692857531,0.664124708,0.627407528,0.60247678,0.577556895,0.563717343,0.545684645,0.526315789,0.508641573,0.497572104,0.486144153,0.471250883,0.460181413,0.452197056,0.439389495,0.430731628,0.422084623,0.412394764,0.406496116,0.401314432,0.394047037,0.392298083,0.394731411,0.39543751,0.38814839,0.382966705,0.375677584,0.370843517,0.359067949,0.342099832,0.306425506,0.297420021,0.280451904,0.270077671,0.26211504,0.250002716,0.242702732,0.242007496,0.22886318,0.234392483,0.22401825,0.218478084,0.222291022,0.219520939,0.223681495,0.22058552,0.228515561,0.230948889,0.238205421,0.24099723,0.252392591,0.264515779,0.279778393,0.295692792,0.32617457,0.343142686,0.352137309,0.357699202,0.371864646,0.382260605,0.391950464,0.404432133,0.416185976,0.430753354,0.445961653,0.467448808,0.484058443,0.506545,0.532877084,0.567519418,0.606984955,0.656487969,0.694954104,0.734408777,0.799500299,0.842789637,0.893715713,0.952202488,0.992721742,1,1,1,1,1,1,1,1,1,1,0.999652382,0.980555103,0.92518603,0.894030742,0.864602683,0.843484873,0.822703818,0.806778556,0.788778448,0.769398729,0.757959915,0.74064418,0.729911466,0.713638586,0.700135788,0.686980609,0.674846559,0.659279778,0.647851828,0.635033404,0.623268698,0.61216664,0.597295095,0.585888871,0.570984737,0.560903808,0.542241052,0.523893325,0.513855847,0.491706045,0.475759057,0.457780675,0.427277171,0.395763402,0.360110803,0.318831134,0.272152518,0.170952148,0.030557819,0,0,0,0
z=016.0,0.962902613,0.847276085,0.772136223,0.729878877,0.684210526,0.640236815,0.62221498,0.572364347,0.535310412,0.49759383,0.479571995,0.44736299,0.422095486,0.408223345,0.379153767,0.359415567,0.346260388,0.32822769,0.309543208,0.288783879,0.279083157,0.266264733,0.244788442,0.231296508,0.216066482,0.209483461,0.201162349,0.190777253,0.175188746,0.16133833,0.150616479,0.145423931,0.143696703,0.135038835,0.130889142,0.115626528,0.108369996,0.096952909,0.092107979,0.083786867,0.082059638,0.077562327,0.079984792,0.077909945,0.075824236,0.074086144,0.072358916,0.073390908,0.071663679,0.073043289,0.072358916,0.073738526,0.072358916,0.075128999,0.074781381,0.07686709,0.078257563,0.082070501,0.088653522,0.094182825,0.101439357,0.109771332,0.118755092,0.131910271,0.138145674,0.14715116,0.153734181,0.160990712,0.180739775,0.199076639,0.214328391,0.224029113,0.233718972,0.264537505,0.279756667,0.304003042,0.331356254,0.354223019,0.383314323,0.419303677,0.454988865,0.50449188,0.540839715,0.579968497,0.627744283,0.676910543,0.75514638,0.872826028,0.9605236,0.954635816,0.949790886,0.943207865,0.938362935,0.91966759,0.895442942,0.867046874,0.841746782,0.825137146,0.814045951,0.798109826,0.784281136,0.767660638,0.743066645,0.719515507,0.696670469,0.672087339,0.651653903,0.624952474,0.585867145,0.55472272,0.536005649,0.495834012,0.469871273,0.452566401,0.430731628,0.40304166,0.385030688,0.368757808,0.348997882,0.344511433,0.325816088,0.314051382,0.30021183,0.29812612,0.28945739,0.291532236,0.284970941,0.282179132,0.278398783,0.282548476,0.291543099,0.300537722,0.307457498,0.31924393,0.334137201,0.352484927,0.375677584,0.392634838,0.411351909,0.421747868,0.429015263,0.441833686,0.452207919,0.469523654,0.486839389,0.512465374,0.537396122,0.560936397,0.593123676,0.602487643,0.631557221,0.643691272,0.652696757,0.656162077,0.666199555,0.672782576,0.686622128,0.699092934,0.712595731,0.728184238,0.746890446,0.769398729,0.778686655,0.755157243,0.750985824,0.748943566,0.729563848,0.716745424,0.703948726,0.693205149,0.682483298,0.68627451,0.705643365,0.690087448,0.670707729,0.654423986,0.639183097,0.62292108,0.611145511,0.594188257,0.577904514,0.560588778,0.54534789,0.530128727,0.512465374,0.494106784,0.478865895,0.460529032,0.437314649,0.424517951,0.398185867,0.368757808,0.350410081,0.32200315,0.293628809,0.265243604,0.224376731,0.185943186,0.109391125,0.01559937,0,0,0,0,0,0,0,0,0,0,0,0,0,0,0,0,0,0,0,0,0,0,0
z=016.5,0.978512846,0.935897018,0.81751127,0.74064418,0.695605888,0.645049155,0.60456249,0.575123567,0.537396122,0.509325946,0.480951605,0.459138558,0.436260931,0.404095378,0.390212373,0.370115692,0.344522296,0.329292271,0.32062354,0.296040411,0.27838792,0.268002824,0.256922492,0.245831297,0.222616914,0.208103851,0.19876161,0.192178589,0.185237087,0.173809136,0.163087285,0.150605616,0.136429309,0.131921134,0.130193906,0.123600022,0.120134702,0.108033241,0.104220303,0.091043398,0.088273315,0.076519472,0.077214709,0.079984792,0.074097007,0.071652816,0.068556841,0.070642551,0.068915322,0.068209223,0.069947314,0.068567704,0.071337787,0.070284069,0.075824236,0.077562327,0.083450111,0.088273315,0.099027755,0.108380859,0.113562544,0.12256803,0.122915648,0.128108196,0.133311607,0.147487915,0.159947857,0.177285319,0.190082016,0.198392265,0.211905926,0.228178806,0.24860138,0.266949107,0.28114714,0.315083374,0.338297757,0.364597252,0.388485145,0.423116615,0.453565803,0.474694476,0.499299332,0.529737657,0.567182663,0.609048938,0.689348759,0.761729401,0.735440769,0.688338493,0.658562816,0.626049644,0.595209386,0.571321493,0.545358753,0.530802238,0.504502743,0.489946228,0.468144044,0.449448699,0.431090109,0.417598175,0.402694042,0.38676878,0.371517028,0.358394438,0.34591277,0.336559665,0.321666395,0.312313291,0.296051274,0.289120634,0.276986584,0.262799413,0.257617729,0.250339471,0.245494541,0.231991744,0.22334474,0.218478084,0.213622291,0.204627668,0.201857585,0.194253435,0.188713269,0.185932323,0.183846613,0.174504372,0.175547227,0.167236978,0.168279833,0.163098148,0.168616588,0.16826897,0.162739667,0.167921351,0.165520613,0.163771658,0.168964206,0.172788007,0.176231601,0.17969692,0.186616697,0.193199718,0.198381402,0.200130357,0.211916789,0.219857694,0.227494433,0.243767313,0.257954484,0.270772908,0.284970941,0.307120743,0.32755418,0.351442073,0.375677584,0.414817229,0.460844061,0.502764652,0.495106187,0.496866004,0.501721797,0.491684319,0.48266797,0.472261148,0.475389713,0.487893107,0.505176253,0.508989191,0.50102656,0.500689805,0.504502743,0.520406279,0.549149965,0.55401662,0.559882679,0.577546032,0.566476563,0.549519309,0.530128727,0.515224594,0.495497257,0.479930476,0.460496442,0.443550052,0.42415947,0.403030797,0.377068057,0.353527782,0.327565043,0.300200967,0.273521264,0.239226549,0.20290044,0.141980338,0.055032318,0.001738091,0,0,0,0,0,0,0,0,0,0,0,0,0,0,0,0,0,0,0,0,0,0,0,0,0
z=017.0,0.994090489,1,1,0.999652382,0.99791429,0.986149584,0.978186953,0.974721634,0.970908696,0.966759003,0.966063766,0.961914073,0.960175982,0.958448753,0.95567867,0.95567867,0.940774537,0.853511488,0.78012058,0.738906089,0.700124925,0.659605671,0.636065396,0.622899354,0.58344468,0.572005866,0.558503069,0.528379773,0.503068818,0.408245071,0.348682853,0.302960187,0.246189778,0.216403237,0.20081473,0.167215252,0.144696106,0.123589159,0.112530552,0.092444734,0.079267829,0.075802509,0.057824127,0.064048667,0.048471023,0.056086036,0.051251969,0.057802401,0.073043289,0.075454891,0.088990278,0.092423008,0.111161805,0.140546412,0.170343816,0.191114008,0.224713487,0.270077671,0.320286785,0.415773179,0.486470045,0.502069415,0.510390527,0.528390636,0.551930911,0.571332356,0.606637336,0.639541578,0.671392103,0.721948835,0.780468198,0.895725382,0.945977948,0.949790886,0.950138504,0.952560969,0.952213351,0.930737059,0.900613764,0.862527837,0.8428005,0.827559611,0.800879909,0.780087991,0.766617783,0.745847591,0.728868611,0.713638586,0.692857531,0.657563413,0.634696649,0.611482266,0.595893759,0.577209277,0.556786704,0.530117864,0.498951714,0.469882136,0.452555537,0.431100972,0.413785237,0.39819673,0.38259736,0.366335343,0.351452936,0.339677367,0.322024876,0.308163598,0.298810494,0.284960078,0.273195372,0.264179023,0.252414318,0.24237684,0.234055728,0.224376731,0.214676009,0.207071859,0.199087502,0.190071153,0.184552713,0.181435012,0.176568356,0.16480365,0.164456032,0.160306339,0.148889251,0.148541633,0.143696703,0.146455923,0.139536147,0.137124545,0.133659225,0.136418445,0.128814296,0.131573516,0.131921134,0.13608169,0.130541524,0.136776927,0.137472163,0.14092662,0.145423931,0.145760687,0.153049807,0.159632828,0.165520613,0.176253327,0.176253327,0.193558199,0.196665037,0.208440606,0.226788333,0.245831297,0.260387812,0.269393297,0.295008419,0.317494976,0.335527674,0.360447559,0.397490631,0.424496225,0.470881538,0.513508229,0.565748737,0.633664657,0.719852262,0.791526805,0.836543371,0.885666178,0.912693498,0.892303514,0.863559828,0.837944707,0.81613166,0.791885286,0.77389604,0.756938787,0.739601325,0.723676063,0.706034436,0.686632991,0.672434957,0.65546684,0.640584433,0.626734018,0.613567976,0.598348813,0.581717452,0.567867036,0.54987779,0.53636413,0.517321167,0.502080278,0.486111564,0.467427082,0.443202433,0.427961545,0.401977079,0.373961219,0.349703981,0.321666395,0.288436261,0.256542285,0.21849981,0.152680463,0.042594101,0.001042855,0,0,0,0,0,0,0,0,0,0,0,0,0,0,0
z=017.5,0.994090489,1,1,0.994785726,0.902340992,0.789473684,0.730237358,0.682103091,0.63434903,0.606626473,0.569594264,0.548791483,0.508304818,0.492021074,0.463288252,0.438694259,0.425886698,0.403389278,0.374308837,0.36427136,0.352148172,0.329629026,0.308522079,0.299516593,0.293270328,0.275943729,0.25727011,0.244451686,0.236499919,0.231991744,0.224007387,0.212590299,0.193558199,0.175536364,0.168953343,0.154092662,0.152354571,0.147162023,0.141621856,0.137124545,0.135364728,0.131215034,0.12600076,0.120829939,0.122546304,0.112856445,0.114268644,0.112530552,0.110803324,0.10767476,0.109076096,0.116006735,0.123589159,0.126348379,0.128444951,0.135723209,0.14853077,0.158220629,0.163076422,0.168279833,0.170354679,0.177980555,0.182130248,0.203269784,0.213969909,0.228515561,0.233729835,0.24237684,0.263157895,0.281136277,0.29812612,0.308869697,0.335158329,0.36147955,0.376046928,0.408581826,0.435587421,0.467090326,0.50587149,0.543946554,0.591385585,0.64747162,0.701482809,0.791896149,0.922339905,0.910662104,0.891608278,0.865634675,0.852837977,0.834142632,0.8223562,0.810243876,0.792928141,0.760013036,0.713280104,0.666894791,0.635739504,0.606300581,0.582749443,0.562337733,0.543609798,0.523534843,0.508304818,0.491673456,0.472652219,0.458432459,0.44527728,0.43314323,0.421041769,0.40304166,0.372570746,0.354907392,0.341752213,0.324099723,0.313377872,0.301917332,0.290858726,0.279419912,0.270077671,0.258660583,0.253457172,0.246852425,0.235109445,0.228178806,0.215382109,0.20152083,0.201868448,0.195274564,0.188354788,0.192167726,0.185573842,0.189745261,0.187996307,0.186964315,0.198729021,0.207060996,0.216403237,0.222291022,0.227831188,0.233371354,0.242040085,0.251719081,0.259681712,0.266623214,0.276302211,0.293259464,0.319233067,0.3296073,0.357677475,0.37845853,0.417913204,0.447015371,0.469176036,0.497202759,0.522861333,0.565781326,0.607691054,0.668958775,0.716028461,0.7980881,0.852153604,0.869795231,0.891966759,0.92865135,0.951170496,0.966422248,0.992037369,1,1,1,1,1,1,1,1,1,1,1,1,1,1,1,1,1,1,1,1,1,0.962218239,0.840345446,0.773189941,0.71676715,0.664418011,0.608733909,0.568899028,0.528716528,0.47990875,0.417207104,0.367345609,0.30919559,0.234392483,0.122817881,0.005551029,0,0,0,0,0,0,0,0,0,0,0,0,0,0,0,0,0,0,0,0
z=018.0,0.835142035,0.761751127,0.700809299,0.651306284,0.611482266,0.573396339,0.539807724,0.504850361,0.485785672,0.455325621,0.429352018,0.401640324,0.376394547,0.361142795,0.34520667,0.320265059,0.301243822,0.294660801,0.269023953,0.24580957,0.237184292,0.233034599,0.221584922,0.20014122,0.181771767,0.170365542,0.16342404,0.159969583,0.145782413,0.135386454,0.122904785,0.109412851,0.104220303,0.100407365,0.096594427,0.091749498,0.077899082,0.0782467,0.065775895,0.06264733,0.05645538,0.049850633,0.043636956,0.03809679,0.037749172,0.037053935,0.037401553,0.035315844,0.034620607,0.035663462,0.03463147,0.035315844,0.034979089,0.036706317,0.037053935,0.041898865,0.047786649,0.042604964,0.050209114,0.060941828,0.070620825,0.077214709,0.086209331,0.090000543,0.096594427,0.102482212,0.109749606,0.125685731,0.141958612,0.153734181,0.163771658,0.174167617,0.200467112,0.214317528,0.230264516,0.246885014,0.274216501,0.294302319,0.319591549,0.353853674,0.379849003,0.424496225,0.44251806,0.469491065,0.506545,0.547075118,0.586182174,0.655792733,0.797023519,0.879148335,0.868068003,0.845222965,0.824094291,0.794992124,0.742012927,0.686980609,0.65302265,0.623605453,0.59211341,0.566824181,0.547411873,0.524577698,0.50173266,0.494812884,0.46363587,0.437292923,0.413426756,0.398881104,0.376383684,0.358383575,0.345184944,0.328597034,0.313356146,0.302623432,0.28945739,0.279419912,0.265221878,0.258312965,0.249644234,0.238563902,0.232686981,0.224365868,0.220911412,0.208440606,0.204312639,0.200130357,0.193210581,0.190440498,0.191135734,0.187322796,0.182825485,0.182814622,0.188018033,0.183173103,0.192852099,0.186964315,0.198403129,0.203943295,0.206713378,0.216392374,0.231296508,0.250339471,0.262462658,0.265569496,0.279061431,0.288773016,0.295334311,0.306762262,0.321655532,0.334473956,0.359057085,0.375688447,0.399934822,0.436260931,0.459475314,0.480603987,0.509673565,0.538417251,0.577198414,0.6059421,0.64127967,0.65893216,0.67244582,0.686285373,0.702199772,0.725066536,0.751376894,0.77874097,0.820596383,0.862527837,0.9006029,0.929009831,0.94216501,0.881516485,0.801575145,0.740622454,0.68694802,0.626408126,0.583097062,0.538786595,0.492031937,0.445233828,0.391961327,0.340687632,0.274205638,0.197338548,0.065080658,0,0,0,0,0,0,0,0,0,0,0,0,0,0,0,0,0,0,0,0,0,0,0,0,0,0,0,0,0,0,0,0,0,0,0,0
z=018.5,0.994090489,1,1,1,1,1,1,0.938623649,0.818206507,0.762435501,0.705654228,0.659964152,0.625691163,0.594514149,0.565433708,0.537037641,0.509695291,0.492031937,0.476454294,0.44665689,0.422432242,0.401303569,0.378100049,0.353886264,0.33968823,0.327890935,0.314029656,0.287382543,0.276997447,0.268361306,0.26002933,0.249655097,0.242355114,0.226093097,0.209494324,0.207050133,0.197718755,0.192862962,0.186975178,0.18316224,0.182803759,0.178306447,0.174841128,0.168964206,0.171049916,0.164119277,0.162392048,0.161685949,0.161327467,0.160295476,0.161001575,0.170354679,0.173124762,0.173113899,0.173461518,0.18454185,0.190788116,0.191483352,0.200130357,0.206029004,0.215023627,0.22886318,0.244777579,0.26073543,0.272510999,0.277703547,0.309163,0.323741242,0.349367226,0.369116289,0.405105643,0.424496225,0.440106458,0.467763837,0.499994568,0.53735267,0.575482049,0.622562598,0.678301016,0.744435392,0.850708815,0.967074032,0.954266471,0.913421324,0.870142849,0.817837163,0.773874314,0.736494487,0.706729672,0.682483298,0.631568084,0.599706697,0.572331758,0.549866927,0.521796752,0.498614958,0.47714953,0.462593015,0.438357504,0.421041769,0.408907718,0.38192385,0.369800663,0.358709467,0.341404595,0.325816088,0.314399001,0.30159144,0.291195481,0.272847754,0.26349465,0.251729944,0.242713595,0.234403346,0.219520939,0.211569171,0.200477975,0.193547336,0.187322796,0.178664929,0.175547227,0.167932214,0.157188637,0.150616479,0.145076313,0.13608169,0.135734072,0.131910271,0.126370105,0.123958503,0.115985009,0.115300635,0.110108088,0.110792461,0.108033241,0.105947531,0.106642768,0.105947531,0.109076096,0.106979523,0.111487698,0.113910162,0.111129216,0.111487698,0.119461192,0.125674868,0.127760578,0.137450437,0.144033458,0.149584488,0.156841019,0.171049916,0.184889468,0.192178589,0.209114117,0.22334474,0.238574765,0.254489164,0.271120526,0.301243822,0.32408886,0.355244148,0.378089186,0.409961436,0.457389604,0.512791266,0.57446092,0.637455869,0.712193797,0.802933029,0.889837597,0.920362827,0.859323231,0.770778339,0.735082288,0.688023464,0.635033404,0.580674597,0.544652653,0.497550377,0.448699147,0.389158655,0.339666504,0.280115149,0.196295693,0.075454891,0.000695237,0,0,0,0,0,0,0,0,0,0,0,0,0,0,0,0,0,0,0,0,0,0,0,0,0,0,0,0,0,0,0,0,0,0,0,0
z=019.0,0.994090489,0.998609527,0.988908805,0.981989028,0.977491717,0.972646787,0.968833849,0.966759003,0.964336538,0.961218837,0.950801151,0.856259845,0.770419858,0.715039922,0.67796426,0.639530715,0.601792407,0.581369833,0.566454837,0.530465483,0.511422519,0.495127913,0.469512791,0.454641247,0.441464342,0.424843843,0.402357286,0.389886481,0.383651078,0.37845853,0.362163924,0.34174135,0.336559665,0.323741242,0.320982022,0.316137092,0.312324154,0.305719407,0.296040411,0.292585954,0.280810385,0.282189995,0.271446418,0.266970833,0.265232741,0.263157895,0.26625387,0.261419803,0.26073543,0.26211504,0.266264733,0.270762044,0.273532128,0.278051165,0.286339688,0.299147249,0.303655423,0.30781598,0.315441855,0.31786432,0.324099723,0.335180055,0.36009994,0.369800663,0.381239476,0.387116398,0.409624681,0.438694259,0.448058226,0.480256368,0.504470154,0.534267557,0.559893542,0.600043452,0.642996035,0.706001847,0.770734887,0.904709141,0.949095649,0.954288197,0.949095649,0.93732008,0.928662213,0.918613872,0.90198251,0.87672587,0.861484982,0.84071479,0.82444191,0.809559502,0.795002987,0.779751236,0.747922438,0.726804628,0.708793656,0.691836402,0.676595514,0.660659388,0.646461355,0.632958557,0.62292108,0.598327087,0.574080713,0.563011243,0.541198197,0.524914453,0.496876867,0.470566509,0.439031014,0.407538971,0.383998696,0.363923741,0.34520667,0.320297648,0.293617946,0.271457281,0.248970724,0.234414209,0.223323013,0.204616805,0.194231709,0.179360165,0.170343816,0.162381185,0.148889251,0.141274238,0.135397317,0.128097333,0.125674868,0.118765955,0.114616262,0.107327141,0.111498561,0.109423714,0.106642768,0.106979523,0.111476835,0.111129216,0.118755092,0.119797947,0.130530661,0.140557276,0.144370213,0.15995872,0.176568356,0.19352561,0.219184183,0.23753191,0.255173538,0.274227364,0.295692792,0.322350769,0.364608115,0.383292597,0.40442127,0.434555429,0.47124002,0.504839498,0.529085873,0.570626256,0.599022324,0.623953072,0.648199446,0.678648634,0.708098419,0.752767367,0.81436098,0.874976916,0.960827766,0.996545543,1,1,1,1,1,1,1,1,1,1,1,1,1,0.999304763,0.947314106,0.833099777,0.76522731,0.708054967,0.651968932,0.59971756,0.560252023,0.516604204,0.468817555,0.411688664,0.355580903,0.302254087,0.22677747,0.098560643,0.003128564,0,0,0,0,0,0,0,0,0,0,0,0,0,0,0,0,0,0,0,0,0,0,0,0
z=019.5,0.909847374,0.800206398,0.728531856,0.681440443,0.635717777,0.596252241,0.57198414,0.530813101,0.495834012,0.469871273,0.451154201,0.414469611,0.401314432,0.38054424,0.350073326,0.335169192,0.325805225,0.303666286,0.284286568,0.270436152,0.263505513,0.239595894,0.21917332,0.209483461,0.198392265,0.193210581,0.182467003,0.164814513,0.152354571,0.13954701,0.133659225,0.129846288,0.127760578,0.114605399,0.105241432,0.090011406,0.085166477,0.076171854,0.072717397,0.067524849,0.066134376,0.064396285,0.062310575,0.061278583,0.057813264,0.055054044,0.053674434,0.054011189,0.052631579,0.052283961,0.052283961,0.052968334,0.052631579,0.056781272,0.05712889,0.060235729,0.06335343,0.066134376,0.069252078,0.072706534,0.077214709,0.083080767,0.09384607,0.105252295,0.115289772,0.124295258,0.131921134,0.136429309,0.150964098,0.167921351,0.189397643,0.199098365,0.204649394,0.230590408,0.249622508,0.271815762,0.293965564,0.318537831,0.341404595,0.377741568,0.406517843,0.444918799,0.474031829,0.500668079,0.525620553,0.57859975,0.655108359,0.776296779,0.920971159,0.939047309,0.912736951,0.871174841,0.846591711,0.826516756,0.805398946,0.774569551,0.752767367,0.732333931,0.719167889,0.679007115,0.639183097,0.613904731,0.579610016,0.535647167,0.490304709,0.459138558,0.43314323,0.406865461,0.390234099,0.354570637,0.329292271,0.300874477,0.281158003,0.260724567,0.243072076,0.224735213,0.215338656,0.198033784,0.18524795,0.173113899,0.163087285,0.156156645,0.146097442,0.139514421,0.135723209,0.129140188,0.124632013,0.126717723,0.116701972,0.118418337,0.116691109,0.12256803,0.12603335,0.123936777,0.128108196,0.144011732,0.150616479,0.164792787,0.180392157,0.193536473,0.225756341,0.246168052,0.260724567,0.293607083,0.325109989,0.349041334,0.368073434,0.39681712,0.438694259,0.468133181,0.498962577,0.548465591,0.595535278,0.630883711,0.639889197,0.652349139,0.666883928,0.676595514,0.708054967,0.725403292,0.727836619,0.735104014,0.745141491,0.751029276,0.757612297,0.763163326,0.778393352,0.788441692,0.797425452,0.813720059,0.828265711,0.846950193,0.872554451,0.905132801,0.95567867,0.990288415,1,1,1,1,1,1,0.975688447,0.884340883,0.833795014,0.791896149,0.749638803,0.71499647,0.687664983,0.658236924,0.633990549,0.603204606,0.576524904,0.547781218,0.518016403,0.489240128,0.460507305,0.42483298,0.390614307,0.351735376,0.300505133,0.257237521,0.198012058,0.085459779,0.000347618,0,0,0,0,0,0,0,0,0,0,0,0,0,0,0,0,0,0
z=020.0,0.994090489,0.996871436,0.920666993,0.811981967,0.756580305,0.710520884,0.663418608,0.639541578,0.607332573,0.575145294,0.552973766,0.519026669,0.491325838,0.459812069,0.430405736,0.417576449,0.396100158,0.367389061,0.355265874,0.338971267,0.320645266,0.30159144,0.287404269,0.28323285,0.268687198,0.246526533,0.230948889,0.220911412,0.213980772,0.209831079,0.202205203,0.187344522,0.174841128,0.163434903,0.153049807,0.150279724,0.149921243,0.145076313,0.137808919,0.135038835,0.12879257,0.115637391,0.117038727,0.118733366,0.112530552,0.108380859,0.103177448,0.10491554,0.103188311,0.10353593,0.102482212,0.107001249,0.112519689,0.111150942,0.119091847,0.123600022,0.124642877,0.134691217,0.13954701,0.146455923,0.146803541,0.154081799,0.157547119,0.168627451,0.176926837,0.196665037,0.206344033,0.219520939,0.226114823,0.240638749,0.265221878,0.282179132,0.298821357,0.319928304,0.349008745,0.372929227,0.391591983,0.4092662,0.422106349,0.455662376,0.478887622,0.502753788,0.521775026,0.54849818,0.598652979,0.665145837,0.764814513,0.762457227,0.733007441,0.671750584,0.642637554,0.611482266,0.57859975,0.547792081,0.523893325,0.510042909,0.485796535,0.461897779,0.444234425,0.425897561,0.409613818,0.395763402,0.37983814,0.361131932,0.353169301,0.334126338,0.320992885,0.311965673,0.295703655,0.286013796,0.274574982,0.263147032,0.250339471,0.243767313,0.238216284,0.224702623,0.2164141,0.210526316,0.202878714,0.195285427,0.188354788,0.179349302,0.171049916,0.168605725,0.163771658,0.152354571,0.157873011,0.14715116,0.141263375,0.14577155,0.135038835,0.14022052,0.133995981,0.135397317,0.132268752,0.13017218,0.133659225,0.133311607,0.134691217,0.133659225,0.138145674,0.140568139,0.142317093,0.143696703,0.146825268,0.159274347,0.166194123,0.170007061,0.182477866,0.193199718,0.199456846,0.211547444,0.223333876,0.239606757,0.258638857,0.273542991,0.301232959,0.325479333,0.339329749,0.370148281,0.398848514,0.433849329,0.48266797,0.545684645,0.617728532,0.732996578,0.752767367,0.762815708,0.756221824,0.674835696,0.629156483,0.607017544,0.580305252,0.56300038,0.561631633,0.576144696,0.602802672,0.594155668,0.563358862,0.530117864,0.504165988,0.470208028,0.444234425,0.413079137,0.379479659,0.342762479,0.28737168,0.251371463,0.193873228,0.102808104,0.010417685,0,0,0,0,0,0,0,0,0,0,0,0,0,0,0,0,0,0,0,0,0,0,0,0,0,0,0,0,0,0,0,0
z=020.5,0.994090489,1,1,1,1,1,1,0.985465211,0.967095758,0.95567867,0.950486122,0.9414915,0.93594047,0.929020694,0.927630221,0.921742437,0.918624735,0.91482266,0.910314486,0.891238933,0.789788713,0.741687035,0.691825539,0.64817772,0.559882679,0.462973223,0.41202542,0.355222421,0.312660909,0.278724675,0.251012981,0.222606051,0.183520721,0.151659334,0.137808919,0.123600022,0.11110749,0.092064527,0.067850741,0.051588724,0.033240997,0.031144425,0.027700831,0.023898756,0.019390582,0.021813047,0.018010972,0.021487154,0.023214383,0.028743686,0.034251263,0.04983977,0.065775895,0.082374667,0.106284287,0.130530661,0.142653848,0.172092771,0.211536581,0.233382217,0.276291348,0.321644669,0.366650372,0.465026343,0.58273858,0.636749769,0.673097605,0.726435283,0.819542665,0.894389224,0.898202162,0.904426701,0.905817175,0.909282494,0.915159416,0.920004345,0.929357449,0.938710553,0.946325566,0.943870512,0.90544783,0.890576286,0.849350932,0.823746673,0.799511162,0.776666124,0.75415784,0.736146869,0.719189615,0.706023573,0.691477921,0.674879148,0.664124708,0.653391994,0.642311662,0.626375536,0.619792515,0.604573353,0.595209386,0.564749335,0.546379882,0.514866113,0.484406062,0.46155016,0.443560915,0.428678507,0.409972299,0.391613709,0.380533377,0.363923741,0.349736571,0.335169192,0.327206561,0.317842594,0.300222693,0.295703655,0.287393406,0.280115149,0.271468144,0.261419803,0.255184401,0.250350334,0.242029222,0.234761827,0.230264516,0.222997121,0.220205312,0.21917332,0.212590299,0.210863071,0.206713378,0.203258921,0.200836456,0.196665037,0.201509967,0.197707892,0.20081473,0.205681386,0.202216066,0.206724241,0.208440606,0.215718864,0.218141329,0.22196513,0.229569279,0.236825811,0.246874151,0.254836782,0.263136169,0.283928086,0.291879854,0.30435066,0.315083374,0.339655641,0.361838032,0.379132041,0.402672315,0.435587421,0.46363587,0.516213133,0.549834338,0.578914779,0.629493238,0.675552659,0.731975449,0.790842431,0.848666558,0.904752594,0.936592255,0.87810548,0.828265711,0.788104937,0.744793873,0.70877193,0.676573787,0.650263429,0.615621096,0.59172234,0.561968388,0.526641682,0.502775515,0.466731845,0.442507197,0.408918581,0.376003476,0.338938678,0.284243116,0.248242898,0.190049427,0.092053664,0.004855793,0,0,0,0,0,0,0,0,0,0,0,0,0,0,0,0,0,0,0,0,0,0,0,0,0,0,0,0,0,0,0,0
z=021.0,0.96950736,0.957753517,0.948400413,0.872217696,0.773852588,0.713964478,0.652675031,0.615664548,0.585845418,0.546053989,0.519732768,0.490641464,0.46986041,0.442507197,0.421052632,0.403030797,0.377089783,0.359067949,0.347987616,0.330671881,0.310586063,0.290858726,0.282896095,0.272141654,0.253109554,0.233729835,0.223681495,0.218478084,0.212601162,0.20360654,0.184194232,0.176926837,0.164477758,0.158242355,0.154429417,0.152702189,0.14577155,0.141958612,0.135027972,0.123958503,0.122546304,0.112161208,0.104535332,0.103525067,0.102482212,0.094530444,0.099027755,0.092792352,0.09384607,0.093824344,0.09384607,0.09731139,0.099386236,0.098006626,0.099712129,0.103883548,0.115985009,0.117386345,0.121525175,0.135723209,0.150953234,0.148878388,0.153038944,0.1571995,0.167584596,0.186290804,0.192841236,0.208788224,0.220922275,0.229221661,0.258997339,0.272152518,0.284981804,0.302623432,0.328944653,0.349378089,0.377763294,0.411699527,0.439737114,0.472630493,0.513138884,0.556786704,0.614947586,0.682103091,0.76522731,0.90781598,0.944598338,0.956015426,0.96812775,0.951518114,0.920362827,0.890923904,0.872912932,0.854217587,0.838965836,0.810243876,0.784281136,0.762109608,0.739253707,0.709836511,0.686969746,0.653728749,0.618760524,0.59833795,0.570637119,0.549866927,0.532529466,0.503449025,0.477475422,0.449426973,0.436619412,0.413415893,0.38606268,0.370485036,0.350757699,0.331725599,0.318548694,0.303666286,0.290163489,0.284623323,0.272141654,0.267655206,0.255542882,0.249307479,0.24584216,0.241333985,0.235782956,0.237510184,0.243419695,0.24513606,0.244451686,0.24237684,0.236836674,0.237542773,0.237195155,0.23753191,0.243745587,0.251023844,0.248959861,0.254858509,0.26416816,0.26558036,0.279072294,0.289446527,0.297767639,0.316126229,0.327206561,0.34450057,0.361490413,0.380174895,0.40788659,0.436967031,0.470218891,0.503079681,0.554005757,0.613578839,0.677627505,0.723686926,0.75967628,0.797762207,0.825126283,0.870121123,0.902340992,0.931084678,0.967095758,0.999652382,1,1,1,1,1,1,1,1,1,1,1,1,1,1,1,1,0.942132421,0.864244202,0.8216501,0.779762099,0.737874097,0.70601271,0.678659497,0.649568193,0.621845636,0.592786921,0.568540546,0.538786595,0.510368801,0.477475422,0.447688882,0.415860084,0.378806148,0.334506545,0.283949813,0.239932649,0.171364945,0.046385313,0,0,0,0,0,0,0,0,0,0,0,0,0,0,0,0,0,0,0
z=021.5,0.884677638,0.812644615,0.755189832,0.716039324,0.669990766,0.618760524,0.579262397,0.535668894,0.515919831,0.48613329,0.457758948,0.429688773,0.401998805,0.38676878,0.3697898,0.343490305,0.323404486,0.317169084,0.292933572,0.270077671,0.26211504,0.250350334,0.24029113,0.22193254,0.20498615,0.191124871,0.182825485,0.178664929,0.16413014,0.156862745,0.145423931,0.129476943,0.12327413,0.116006735,0.114953017,0.108033241,0.098669274,0.09660529,0.086904568,0.084123622,0.077562327,0.071326924,0.066145239,0.059909837,0.059551355,0.055390799,0.055054044,0.052642442,0.054011189,0.052631579,0.054358807,0.054706426,0.056433654,0.057813264,0.056444517,0.060941828,0.072000435,0.067503123,0.073401771,0.084492966,0.093476726,0.098658411,0.105947531,0.113562544,0.117386345,0.12465374,0.135386454,0.154407691,0.168279833,0.18178263,0.188702406,0.203943295,0.2309163,0.24513606,0.261093911,0.279430775,0.308152735,0.330671881,0.359752322,0.389169518,0.424496225,0.468817555,0.493085655,0.555732986,0.619086416,0.660626799,0.674151323,0.731638694,0.836141437,0.84831894,0.803649992,0.743066645,0.700820162,0.659975015,0.628113628,0.592080821,0.567877899,0.540166205,0.518689914,0.499625224,0.477833904,0.453587529,0.438705122,0.421367661,0.398207593,0.387789908,0.377415675,0.359752322,0.347629135,0.332746727,0.31924393,0.306077888,0.293270328,0.28531856,0.273184509,0.26073543,0.248275487,0.244799305,0.233371354,0.224029113,0.212601162,0.203248058,0.194937809,0.191483352,0.184563576,0.1776438,0.173124762,0.16550975,0.163076422,0.1571995,0.151648471,0.151659334,0.147498778,0.145423931,0.14506545,0.140579002,0.140579002,0.138493292,0.138145674,0.14022052,0.141947749,0.140568139,0.148183151,0.144728695,0.150605616,0.156504264,0.158926729,0.164477758,0.174156754,0.180044539,0.193569062,0.192862962,0.213633154,0.224713487,0.236141437,0.248959861,0.274922601,0.304003042,0.315441855,0.353180164,0.394362066,0.427277171,0.448047363,0.478518277,0.527315192,0.564043235,0.592797784,0.614263212,0.641974906,0.686632991,0.728846885,0.796013253,0.856965944,0.915843789,0.937678562,0.973331161,1,1,1,1,1,1,0.97916463,0.874998642,0.805409809,0.757938189,0.718505241,0.674846559,0.63852045,0.599369942,0.55886155,0.523893325,0.486155016,0.449090218,0.403019934,0.363880289,0.312997664,0.253826517,0.182792896,0.05564065,0,0,0,0,0,0,0,0,0,0,0,0,0,0,0,0,0,0,0,0,0,0,0
z=022.0,0.994090489,1,1,1,1,1,1,1,0.97916463,0.893998153,0.834457661,0.771821194,0.73717886,0.706023573,0.68142958,0.654782467,0.625658574,0.574102439,0.533583184,0.514898702,0.494791157,0.453956874,0.442170442,0.430047254,0.402672315,0.378795285,0.36427136,0.351789691,0.345554288,0.322350769,0.290511107,0.269045679,0.255532019,0.246537396,0.236489055,0.230601271,0.215371245,0.200130357,0.192167726,0.174504372,0.169311824,0.167932214,0.161023301,0.168975069,0.162055293,0.165520613,0.161012438,0.159621965,0.163782521,0.161012438,0.165520613,0.168290696,0.170354679,0.184889468,0.189050024,0.196339145,0.212264407,0.238205421,0.258291239,0.273521264,0.282874369,0.298462875,0.304361523,0.317158221,0.344174678,0.364934007,0.376731302,0.397827386,0.426234316,0.455651513,0.479919613,0.53318125,0.581348107,0.611840747,0.64057357,0.679354734,0.711889631,0.764532073,0.830297105,0.942795068,1,0.991678888,0.974363152,0.950822878,0.923480528,0.890239531,0.860442127,0.814393569,0.761436098,0.730584976,0.682113954,0.642300798,0.60870132,0.576872522,0.549508446,0.52285047,0.500331324,0.475759057,0.45879094,0.438705122,0.420346532,0.395763402,0.381565369,0.36565097,0.34796589,0.333441964,0.320960295,0.303655423,0.295692792,0.281842377,0.26695997,0.256216392,0.23961762,0.234077454,0.218836565,0.210873934,0.194948672,0.191135734,0.178654066,0.171734289,0.161001575,0.155461409,0.14230623,0.139905491,0.134006844,0.128119059,0.119113573,0.12048232,0.111140079,0.108044104,0.099027755,0.094171962,0.094519581,0.089674651,0.088979414,0.083102493,0.08379773,0.081701157,0.078931074,0.079995655,0.078941937,0.078594319,0.084134485,0.081027647,0.085524958,0.086209331,0.095910054,0.098321656,0.107316278,0.107685623,0.11980881,0.123600022,0.137113682,0.13884091,0.152354571,0.16133833,0.17969692,0.19391668,0.20360654,0.230938026,0.247569388,0.270425289,0.289479116,0.318907175,0.348682853,0.386757916,0.432806474,0.467785563,0.530074412,0.612503395,0.643995438,0.649926674,0.65684645,0.668958775,0.675183314,0.659605671,0.622573462,0.577556895,0.541545815,0.51071642,0.464678725,0.429341155,0.387453153,0.345891043,0.290837,0.237195155,0.156830156,0.029786541,0,0,0,0,0,0,0,0,0,0,0,0,0,0,0,0,0,0,0,0,0,0,0,0,0,0,0,0,0,0,0,0,0,0,0
z=022.5,0.994090489,0.97750258,0.952908587,0.936635707,0.924164901,0.912041714,0.902004237,0.897496062,0.883308891,0.824756939,0.732681549,0.685590136,0.646808973,0.604573353,0.568214654,0.546738363,0.521459997,0.494117647,0.47990875,0.449079355,0.423822715,0.415860084,0.407528108,0.380185759,0.36218565,0.351105317,0.341752213,0.335516811,0.315083374,0.301232959,0.2953669,0.286002933,0.277355929,0.268698061,0.256574874,0.249991853,0.240638749,0.232002607,0.229221661,0.225061105,0.223681495,0.218141329,0.214665146,0.216044756,0.21050459,0.208429743,0.205692249,0.204638531,0.204975287,0.208440606,0.204638531,0.211232415,0.212937918,0.216750855,0.219510075,0.22401825,0.225071968,0.230590408,0.232002607,0.24584216,0.257259247,0.2710988,0.279409049,0.284970941,0.298115257,0.318907175,0.332388246,0.347639998,0.359774048,0.387800771,0.401998805,0.426234316,0.458095704,0.477833904,0.511759274,0.554364239,0.594535875,0.651979795,0.725772636,0.838596491,0.864950301,0.872565314,0.882613655,0.898528054,0.910640378,0.906838303,0.931062951,0.94976916,0.925555375,0.912747814,0.898191299,0.886763348,0.874998642,0.866340775,0.858030525,0.848340666,0.835511379,0.782868937,0.744446255,0.714344685,0.690098311,0.665851936,0.650621911,0.634685786,0.612188366,0.597642714,0.583781435,0.550888056,0.517288577,0.484069306,0.445635761,0.42207376,0.390223236,0.370148281,0.353527782,0.334821574,0.317505839,0.302623432,0.268687198,0.254836782,0.235782956,0.223659769,0.211199826,0.198739884,0.193199718,0.179012547,0.171039053,0.163098148,0.16275053,0.1579056,0.151311716,0.157536255,0.153734181,0.154418554,0.157210363,0.161696812,0.175177883,0.177263592,0.189375917,0.198403129,0.215001901,0.231980881,0.256564011,0.290837,0.329270545,0.350399218,0.36841019,0.398870241,0.414121992,0.431774483,0.458443322,0.493389821,0.51938515,0.535983923,0.551920048,0.584476672,0.623942208,0.652349139,0.679365597,0.709456303,0.74064418,0.76522731,0.785997501,0.819238499,0.855933953,0.895410353,0.934528271,0.990636033,0.999304763,1,0.999304763,0.954885666,0.853163869,0.789462821,0.739948944,0.697713324,0.658921297,0.621889088,0.574428331,0.538080495,0.50863071,0.463983488,0.427277171,0.387453153,0.340709359,0.291879854,0.231654989,0.146770952,0.027374939,0,0,0,0,0,0,0,0,0,0,0,0,0,0,0,0,0,0,0,0,0,0,0,0,0,0,0,0,0,0,0,0,0,0
z=023.0,0.887436858,0.788734995,0.726435283,0.676237032,0.631231329,0.593123676,0.564749335,0.528716528,0.491684319,0.463972625,0.448384118,0.414480474,0.400619195,0.373233393,0.349030471,0.335180055,0.320265059,0.299484004,0.283591331,0.267644343,0.256205529,0.235457064,0.217446092,0.208092988,0.19529629,0.190777253,0.176231601,0.160643094,0.151300853,0.13884091,0.135734072,0.128108196,0.12532725,0.112172071,0.102493075,0.085535821,0.082070501,0.074444625,0.072022161,0.066829613,0.064396285,0.063364293,0.057813264,0.059203737,0.055738417,0.054011189,0.051241106,0.050882625,0.04846016,0.049155396,0.048112541,0.049155396,0.051241106,0.053663571,0.055727554,0.0585085,0.062321438,0.06543914,0.066123513,0.069252078,0.075139862,0.082059638,0.092770626,0.100754983,0.110781598,0.118396611,0.128119059,0.135386454,0.14715116,0.164477758,0.18454185,0.196328282,0.205333768,0.227472707,0.247569388,0.270762044,0.288414535,0.315094237,0.336212047,0.368073434,0.380533377,0.40442127,0.433501711,0.475020368,0.502775515,0.556069741,0.619423171,0.721568627,0.849285753,0.881212319,0.86597143,0.823399055,0.788094074,0.764532073,0.736136006,0.698060942,0.671381239,0.649915811,0.629851719,0.605246863,0.570963011,0.543631525,0.523545706,0.500331324,0.475042094,0.448047363,0.425202325,0.399565477,0.380870132,0.364260496,0.343837923,0.327217424,0.315767748,0.293628809,0.266601488,0.24513606,0.234425072,0.220216175,0.205322905,0.191472489,0.182825485,0.174841128,0.165846505,0.154070936,0.148194014,0.144381077,0.137472163,0.127076204,0.130541524,0.121525175,0.12394764,0.123252403,0.122893922,0.115985009,0.126359242,0.130183043,0.129846288,0.13884091,0.143696703,0.154092662,0.165846505,0.195622182,0.206724241,0.224007387,0.238922383,0.252772799,0.282874369,0.300179241,0.316137092,0.331714736,0.348335234,0.370137418,0.399228722,0.422421379,0.441127587,0.458432459,0.469849546,0.492727174,0.516267449,0.540861442,0.574775949,0.60247678,0.645755255,0.699082071,0.775232198,0.809179295,0.853185596,0.907870295,0.948400413,0.970561078,0.996187062,1,1,1,1,1,1,1,1,1,1,1,1,1,1,1,0.988550323,0.886057248,0.814382706,0.76590082,0.724382163,0.686622128,0.645787844,0.612177503,0.565792189,0.5315192,0.500016295,0.456726957,0.416859486,0.377719841,0.329965781,0.275954592,0.198033784,0.076747597,0.000695237,0,0,0,0,0,0,0,0,0,0,0,0,0,0,0,0,0,0
z=023.5,0.994090489,1,0.990614307,0.921014611,0.841355711,0.798109826,0.753788496,0.723676063,0.700831025,0.680386725,0.651306284,0.629134756,0.605963826,0.576850796,0.522166096,0.499299332,0.479202651,0.451165064,0.42415947,0.411688664,0.391266091,0.375329966,0.354233882,0.340720222,0.331019499,0.317158221,0.29950573,0.280462767,0.271087937,0.25935582,0.253804791,0.244114931,0.237521047,0.227146814,0.214991038,0.207408614,0.198392265,0.191135734,0.183173103,0.18524795,0.181771767,0.177622074,0.174851991,0.174515235,0.170702298,0.171060779,0.166878497,0.16826897,0.164466895,0.167236978,0.166194123,0.171745152,0.173124762,0.174504372,0.180033676,0.180044539,0.187311933,0.193905817,0.197012655,0.201184075,0.207071859,0.216750855,0.228189669,0.247569388,0.25864972,0.264548368,0.27424909,0.289120634,0.310227581,0.324414752,0.349356363,0.370495899,0.395089892,0.43038401,0.462267123,0.526294063,0.547781218,0.560936397,0.573374613,0.582401825,0.60870132,0.636413014,0.660648525,0.663386019,0.700124925,0.777654663,0.77212536,0.704622237,0.66377709,0.626723155,0.599022324,0.569583401,0.545011135,0.516267449,0.497572104,0.481635978,0.460887513,0.433154093,0.417576449,0.398207593,0.38330346,0.371180273,0.350420944,0.336559665,0.317875183,0.310238444,0.290858726,0.284264842,0.268687198,0.256922492,0.24375645,0.231991744,0.22610396,0.212242681,0.20428005,0.19943512,0.183857477,0.176242464,0.167584596,0.155472272,0.153386562,0.144381077,0.139536147,0.129835424,0.123252403,0.115300635,0.112182934,0.106306013,0.104220303,0.099027755,0.096594427,0.09522568,0.092792352,0.087925697,0.086904568,0.086220194,0.084818858,0.082407257,0.079984792,0.082407257,0.082070501,0.087947423,0.087588941,0.093476726,0.092792352,0.095910054,0.103872685,0.106621042,0.119113573,0.127771441,0.135734072,0.148878388,0.153038944,0.167236978,0.181435012,0.188028896,0.20290044,0.223323013,0.243408832,0.264537505,0.288740427,0.314724893,0.342099832,0.381912987,0.414469611,0.476791049,0.524219217,0.561979252,0.620118407,0.685231655,0.732008039,0.797436315,0.854554343,0.879159198,0.922774428,0.978849601,0.999304763,0.965672696,0.893661398,0.835858997,0.79847917,0.763500081,0.730584976,0.704285482,0.669317256,0.642996035,0.617370051,0.590386182,0.566128945,0.540166205,0.513486503,0.486176742,0.455684102,0.426581935,0.388865352,0.351452936,0.320971159,0.278724675,0.228819727,0.167171799,0.042898267,0,0,0,0,0,0,0,0,0,0,0,0,0,0,0,0,0,0,0,0,0,0
z=024.0,0.994090489,1,1,1,1,0.99791429,0.962598447,0.92727174,0.905469556,0.897854543,0.879854435,0.872565314,0.856303297,0.850067894,0.83862908,0.832404541,0.822019445,0.81613166,0.810591494,0.805398946,0.77697029,0.71468144,0.676226169,0.590353593,0.498940851,0.44598338,0.401987942,0.356276139,0.336190321,0.299494867,0.271109663,0.244440823,0.218488947,0.198413992,0.185943186,0.172418663,0.16066482,0.141252512,0.127423823,0.112530552,0.0979849,0.094171962,0.090369888,0.088305904,0.083113356,0.081722883,0.083450111,0.085524958,0.090717506,0.088631796,0.093498452,0.107696486,0.115278909,0.115626528,0.120102113,0.133995981,0.147498778,0.16826897,0.194926946,0.210515453,0.24584216,0.275248493,0.307805117,0.364955733,0.439378632,0.524566835,0.593818913,0.658943023,0.702210635,0.712943349,0.720210744,0.722644071,0.727499864,0.738916952,0.743414263,0.755526587,0.762120471,0.77803487,0.788419966,0.80470371,0.822367063,0.846950193,0.892596817,0.895432079,0.886774211,0.87881158,0.869458476,0.854206724,0.832752159,0.805040465,0.769713758,0.716734561,0.676573787,0.629493238,0.596947477,0.558513932,0.526652545,0.507598718,0.481635978,0.455314757,0.438368367,0.42140025,0.404084515,0.387105535,0.371886372,0.359763185,0.344880778,0.331703873,0.315778611,0.307490087,0.299864212,0.289805008,0.278398783,0.274585845,0.266612351,0.262136766,0.253098691,0.252761936,0.251023844,0.248612243,0.249296616,0.259344957,0.250328608,0.24237684,0.240301993,0.233023736,0.231285644,0.226788333,0.222660366,0.213285536,0.213969909,0.214328391,0.208788224,0.207060996,0.20565966,0.20636576,0.20774537,0.211558308,0.214339254,0.214339254,0.225061105,0.224376731,0.22748357,0.235782956,0.238227147,0.24375645,0.254152409,0.264526642,0.272489273,0.284970941,0.301580577,0.321666395,0.347976753,0.362870023,0.395415784,0.428320026,0.446330998,0.461897779,0.473673347,0.50311227,0.525251209,0.559882679,0.600065178,0.650274293,0.67937646,0.707055565,0.754125251,0.748965292,0.734767259,0.727836619,0.733376786,0.734039433,0.707066428,0.67658465,0.6454185,0.618749661,0.592808647,0.566128945,0.540155342,0.510032046,0.485438053,0.453565803,0.431090109,0.393004182,0.355255011,0.324773233,0.286350551,0.239965238,0.193221444,0.099657813,0.00622454,0,0,0,0,0,0,0,0,0,0,0,0,0,0,0,0,0,0,0,0,0,0,0,0,0,0,0,0,0,0,0,0
z=024.5,0.940426919,0.916191407,0.860778882,0.781858671,0.724675466,0.675889414,0.629482375,0.608364565,0.577567758,0.547085981,0.52214437,0.50102656,0.473325729,0.458106567,0.439389495,0.416533594,0.397512357,0.391255228,0.376361958,0.349378089,0.338297757,0.334137201,0.317169084,0.297430884,0.282896095,0.276997447,0.272152518,0.261061322,0.251382326,0.241333985,0.222986258,0.217456955,0.212948781,0.210863071,0.209820216,0.202889577,0.18524795,0.18454185,0.174841128,0.166878497,0.16688936,0.158568247,0.148878388,0.136766064,0.128466678,0.120840802,0.113910162,0.109412851,0.106306013,0.103525067,0.098680137,0.097289664,0.094182825,0.091065124,0.089337896,0.089685514,0.089685514,0.090391614,0.090033132,0.099016892,0.111487698,0.114942154,0.120840802,0.124990495,0.128108196,0.134343599,0.13884091,0.153038944,0.171712563,0.176579219,0.188365651,0.198750747,0.221595785,0.235793819,0.251393189,0.266264733,0.290869589,0.316104503,0.343142686,0.363206779,0.399239585,0.440410624,0.475389713,0.530465483,0.585150182,0.673836294,0.776285916,0.811634349,0.857672044,0.880886427,0.873260551,0.851447504,0.829286839,0.81821737,0.800206398,0.776981153,0.751355168,0.717082179,0.695638477,0.677985987,0.665167563,0.648536201,0.639889197,0.626386399,0.617033295,0.606984955,0.593471294,0.568909891,0.552973766,0.538080495,0.512802129,0.49373744,0.463277389,0.442865678,0.426234316,0.40371517,0.377763294,0.362533268,0.347987616,0.340003259,0.326511325,0.318885449,0.310586063,0.305393515,0.305382652,0.307120743,0.300548585,0.30781598,0.30919559,0.314062245,0.329965781,0.348661127,0.352159035,0.353169301,0.36285916,0.371864646,0.373961219,0.387474879,0.396121884,0.413437619,0.435945902,0.455325621,0.482331215,0.515550486,0.533235566,0.563358862,0.598663842,0.643006898,0.678626908,0.725066536,0.768681766,0.822019445,0.889544294,0.927966976,0.940101027,0.950833741,0.96190321,0.976470588,0.99653468,1,1,1,1,1,1,1,1,1,0.996523817,0.927597632,0.859084243,0.815784042,0.778393352,0.743044919,0.712258976,0.681081962,0.648894683,0.622899354,0.59695834,0.569931019,0.544652653,0.518689914,0.490641464,0.461191679,0.433512574,0.397838249,0.36218565,0.330324263,0.293639672,0.250697952,0.198413992,0.114225191,0.010059204,0,0,0,0,0,0,0,0,0,0,0,0,0,0,0,0,0,0,0,0,0,0,0,0,0,0,0,0,0,0
z=025.0,0.938667101,0.885025257,0.834479387,0.807821411,0.779425344,0.740948346,0.680712617,0.629167346,0.603867253,0.581022215,0.547085981,0.52285047,0.498604095,0.471609364,0.456705231,0.437303786,0.409287926,0.402009668,0.389538863,0.365303351,0.349378089,0.340372603,0.333800445,0.320275922,0.302992776,0.287045788,0.28185324,0.275270219,0.266601488,0.256911629,0.241355711,0.230601271,0.224029113,0.21917332,0.218141329,0.208451469,0.20081473,0.197001792,0.189060888,0.186975178,0.182803759,0.175883982,0.168258107,0.167932214,0.164466895,0.154777035,0.145076313,0.130541524,0.126380968,0.121525175,0.121883657,0.117038727,0.111498561,0.113225789,0.110803324,0.108717614,0.117038727,0.113910162,0.12256803,0.123600022,0.135734072,0.138134811,0.142653848,0.142653848,0.148204878,0.152691326,0.16342404,0.184878605,0.188354788,0.19805551,0.211210689,0.224365868,0.248948998,0.267296725,0.277355929,0.298115257,0.323393623,0.333441964,0.330345989,0.344163815,0.363576123,0.387779045,0.400945087,0.460137961,0.480593124,0.501037423,0.53045462,0.580326978,0.641855413,0.610102656,0.579273261,0.555048612,0.531497474,0.511759274,0.493063929,0.476465157,0.455662376,0.444245288,0.429015263,0.415501602,0.403030797,0.389897344,0.379153767,0.366335343,0.356287002,0.34453316,0.336548802,0.32479496,0.318201075,0.310586063,0.302634295,0.296735647,0.292585954,0.283928086,0.27838792,0.273890609,0.267655206,0.266612351,0.262810276,0.255879637,0.254847645,0.256574874,0.254825919,0.249655097,0.257617729,0.260376949,0.262799413,0.267991961,0.285633589,0.292575091,0.270077671,0.257596002,0.24099723,0.238216284,0.228874043,0.220911412,0.21227527,0.213633154,0.210526316,0.20290044,0.205333768,0.20360654,0.20774537,0.20360654,0.211905926,0.213980772,0.217446092,0.224713487,0.226093097,0.229221661,0.239606757,0.249285753,0.25727011,0.274227364,0.28114714,0.30021183,0.318201075,0.333441964,0.357688338,0.379132041,0.404768888,0.441149313,0.477475422,0.530813101,0.60180327,0.65132801,0.689403074,0.733724404,0.780109717,0.811286731,0.863559828,0.900624627,0.916549889,0.91966759,0.926587366,0.936983325,0.948063658,0.968475368,0.990983651,1,1,1,1,1,1,1,0.991657161,0.919993482,0.859410135,0.818206507,0.785660746,0.756221824,0.723697789,0.700461681,0.669664874,0.642311662,0.620150997,0.590364456,0.569931019,0.544967682,0.518309706,0.497213622,0.465352235,0.430394873,0.394014448,0.352799957,0.317527565,0.27177231,0.21503449,0.101352452,0.003476183,0,0,0,0,0,0,0,0,0,0,0,0
z=025.5,0.994090489,1,1,1,1,1,1,1,1,1,0.960165119,0.903047091,0.862875455,0.831024931,0.781815219,0.711574602,0.679691489,0.641942317,0.610776166,0.58206507,0.560936397,0.538428114,0.524219217,0.492694585,0.476106675,0.467785563,0.458095704,0.437651404,0.411699527,0.408929444,0.398891967,0.390223236,0.377752431,0.359774048,0.353191027,0.346933898,0.337950139,0.33622291,0.315778611,0.30159144,0.291879854,0.278735539,0.277323339,0.266264733,0.263136169,0.26420075,0.26695997,0.26558036,0.269393297,0.28393895,0.304361523,0.314746619,0.320971159,0.323393623,0.335169192,0.332051491,0.340024985,0.341763076,0.347639998,0.359078812,0.374308837,0.395057303,0.404768888,0.40788659,0.421041769,0.426581935,0.443560915,0.457748085,0.479213514,0.508978328,0.537385259,0.565401119,0.609407419,0.663766227,0.742338819,0.784617891,0.812307859,0.878453099,0.92727174,0.897854543,0.877410244,0.853522351,0.823040574,0.801575145,0.780815817,0.748595948,0.701178643,0.664124708,0.631926566,0.606300581,0.586920863,0.566128945,0.546053989,0.528390636,0.511759274,0.496866004,0.483710825,0.468144044,0.455673239,0.442854815,0.433512574,0.420705013,0.409961436,0.408234208,0.399923959,0.389875618,0.381565369,0.381228613,0.374287111,0.373939493,0.375677584,0.369453044,0.349008745,0.315430992,0.296398892,0.277334202,0.262799413,0.254141546,0.233718972,0.22610396,0.212959644,0.197360274,0.190092879,0.179012547,0.174841128,0.166204986,0.15995872,0.148204878,0.139536147,0.135027972,0.133300744,0.120840802,0.121872793,0.11634349,0.110455706,0.105958394,0.106631905,0.103525067,0.10282983,0.099016892,0.096616153,0.103525067,0.105947531,0.100407365,0.108369996,0.110455706,0.112182934,0.11496388,0.120145565,0.122915648,0.133995981,0.143674977,0.151659334,0.162392048,0.174515235,0.18868068,0.207050133,0.222964532,0.245483678,0.261083048,0.290500244,0.320590951,0.368062571,0.418945196,0.419607843,0.403378415,0.401640324,0.401987942,0.42553908,0.425213188,0.426234316,0.435598284,0.453935147,0.483689099,0.513486503,0.50449188,0.488925099,0.480603987,0.469871273,0.458106567,0.446678616,0.436988757,0.428667644,0.413426756,0.407538971,0.39681712,0.391602846,0.381587095,0.374297974,0.36494487,0.36080604,0.354918255,0.352137309,0.351105317,0.353180164,0.370528488,0.396111021,0.380880995,0.361142795,0.326869806,0.297083265,0.270751181,0.231285644,0.187322796,0.124262669,0.019053827,0,0,0,0,0,0,0,0,0,0,0,0,0,0,0,0,0
z=026.0,0.985052414,0.939047309,0.906501548,0.88295041,0.863223073,0.841073271,0.832752159,0.805703112,0.718809407,0.648536201,0.621182988,0.580316115,0.546358155,0.520428005,0.501710934,0.467785563,0.449437836,0.430036391,0.404432133,0.385725925,0.369800663,0.353527782,0.338297757,0.32684808,0.307826843,0.293628809,0.28185324,0.277355929,0.268002824,0.255173538,0.244093205,0.225408723,0.217109337,0.213644017,0.210167834,0.201868448,0.196665037,0.188354788,0.175547227,0.167943078,0.162055293,0.157536255,0.151659334,0.153397425,0.150279724,0.146119168,0.148889251,0.14715116,0.147509641,0.147857259,0.145434794,0.149573624,0.147857259,0.154429417,0.155124654,0.162739667,0.170007061,0.173124762,0.185237087,0.190082016,0.197371137,0.200488838,0.213644017,0.228852317,0.234044864,0.250687089,0.255195264,0.269056542,0.288403672,0.312324154,0.323056868,0.343479442,0.368421053,0.391613709,0.419325403,0.450469828,0.48613329,0.523882462,0.564032372,0.625984466,0.717733963,0.779077725,0.796730216,0.81613166,0.837238607,0.862180218,0.90820705,0.974352289,1,1,1,1,0.998957145,0.978523709,0.930041823,0.88365651,0.838303188,0.79915268,0.770083102,0.745847591,0.723339308,0.704643963,0.690760958,0.672087339,0.651664766,0.638498724,0.614958449,0.592102547,0.570647982,0.559545924,0.521818478,0.488925099,0.464320243,0.441127587,0.420346532,0.400271577,0.375004074,0.356308728,0.338645375,0.318201075,0.309184727,0.291890718,0.270783771,0.26487426,0.251034708,0.24722177,0.23891152,0.233023736,0.229569279,0.226451578,0.22263864,0.224344142,0.22610396,0.22610396,0.234055728,0.231991744,0.249991853,0.254489164,0.26278855,0.26695997,0.275954592,0.283243713,0.293965564,0.30159144,0.32684808,0.34036174,0.364597252,0.390918473,0.430731628,0.458084841,0.493411547,0.528021292,0.540155342,0.550898919,0.574775949,0.595567867,0.606626473,0.583433817,0.539796861,0.514192602,0.500646353,0.49550812,0.497224485,0.508272229,0.526304926,0.533561458,0.512465374,0.49826734,0.48199446,0.471598501,0.456020857,0.444929662,0.430731628,0.417587312,0.401651187,0.386421161,0.376372821,0.363217642,0.348693716,0.337580794,0.325826951,0.311628917,0.301949921,0.28737168,0.271424692,0.263863994,0.250350334,0.236847537,0.223681495,0.210863071,0.198066373,0.18386834,0.162728803,0.149562761,0.132268752,0.116300038,0.096572701,0.077182119,0.031893976,0.000347618,0,0,0,0,0,0,0,0,0,0,0,0,0,0,0,0,0,0,0,0,0,0,0
z=026.5,0.902330129,0.815403835,0.742360545,0.691141166,0.643680408,0.604204008,0.570647982,0.537037641,0.49826734,0.471598501,0.450143936,0.425202325,0.405453262,0.377415675,0.357329857,0.342099832,0.322720113,0.306088751,0.291195481,0.274227364,0.255184401,0.237173429,0.225408723,0.216403237,0.200130357,0.193894954,0.178664929,0.168975069,0.157557982,0.148204878,0.142990603,0.127076204,0.123969366,0.111487698,0.108022378,0.092086253,0.090380751,0.08171202,0.0789528,0.071326924,0.067850741,0.063016675,0.057487372,0.062321438,0.056433654,0.05574928,0.052979197,0.051947205,0.050556732,0.050904351,0.050556732,0.050556732,0.051936342,0.053315952,0.056444517,0.059551355,0.06473304,0.066829613,0.072358916,0.076856227,0.083786867,0.089337896,0.097289664,0.102840693,0.113236652,0.118765955,0.131236761,0.144728695,0.156851882,0.167573733,0.184194232,0.199098365,0.217098474,0.231644126,0.24860138,0.279430775,0.297789365,0.32546847,0.345543425,0.376372821,0.415490739,0.443235023,0.486470045,0.53873228,0.574080713,0.636423877,0.724360437,0.807386888,0.852121015,0.846244093,0.80123839,0.765911683,0.7434034,0.716397806,0.692162294,0.673803704,0.657541687,0.632947694,0.616001304,0.600076041,0.587941991,0.575482049,0.558177177,0.545011135,0.531855956,0.524219217,0.510390527,0.50102656,0.490999946,0.482352941,0.471272609,0.463288252,0.450133073,0.44598338,0.441127587,0.436271794,0.424507088,0.417587312,0.411710391,0.408592689,0.399239585,0.373265982,0.349378089,0.336212047,0.324436478,0.313356146,0.304687415,0.294671664,0.289826734,0.282189995,0.277703547,0.271468144,0.264885123,0.262451795,0.259344957,0.263157895,0.256585737,0.256574874,0.256564011,0.253815654,0.259681712,0.261061322,0.264537505,0.270783771,0.271120526,0.273901472,0.287730161,0.294997556,0.300896203,0.316473847,0.330671881,0.340720222,0.356982239,0.381554505,0.410656673,0.430058117,0.485090435,0.520428005,0.538417251,0.55401662,0.574091576,0.596241377,0.598663842,0.574428331,0.585161045,0.600412797,0.600076041,0.595209386,0.5862039,0.589343327,0.60732171,0.591754929,0.574450057,0.564738472,0.552626147,0.541198197,0.533583184,0.520428005,0.515235457,0.506229971,0.499310195,0.487187008,0.484775406,0.479213514,0.474357721,0.474368584,0.476074086,0.493759166,0.509000054,0.496866004,0.478518277,0.462245397,0.445972516,0.428645918,0.408570963,0.386757916,0.370810928,0.339308022,0.314388138,0.28185324,0.253435446,0.215012764,0.16618326,0.075802509,0.002433328,0,0,0,0,0,0,0,0,0,0,0,0,0,0,0,0,0,0
z=027.0,0.994090489,1,1,0.992374124,0.926239748,0.87081636,0.84000869,0.807821411,0.787377112,0.767313019,0.745510836,0.729227092,0.716386943,0.694248004,0.684536418,0.653717886,0.586225626,0.557123459,0.528738254,0.50240617,0.476454294,0.459127695,0.442854815,0.423475096,0.401303569,0.381587095,0.37845853,0.36770409,0.348661127,0.328575308,0.317505839,0.311292162,0.300874477,0.256238119,0.226788333,0.198750747,0.178643202,0.15995872,0.144717832,0.134680354,0.129161914,0.127402097,0.12394764,0.117038727,0.121177557,0.117712237,0.115289772,0.120493183,0.11634349,0.124295258,0.135364728,0.145423931,0.156145782,0.167247841,0.189060888,0.225039379,0.252761936,0.26278855,0.268687198,0.288088643,0.292933572,0.307794253,0.312997664,0.331030362,0.338992993,0.348704579,0.377763294,0.389864755,0.419292814,0.438020748,0.469165173,0.502417033,0.558839824,0.613567976,0.642289935,0.650274293,0.66307099,0.6848949,0.695605888,0.683145945,0.682113954,0.686252784,0.672087339,0.69801749,0.748574222,0.738927815,0.714333822,0.686991472,0.66377709,0.638835479,0.621878225,0.604899245,0.582054207,0.56024116,0.547085981,0.534951931,0.520406279,0.503101407,0.471946119,0.446689479,0.42691869,0.407202216,0.391950464,0.372907501,0.356993102,0.344869915,0.33169301,0.319602412,0.306088751,0.295008419,0.279778393,0.269730053,0.261419803,0.253793928,0.239595894,0.231318234,0.22472435,0.217446092,0.203943295,0.202563685,0.19943512,0.187311933,0.182467003,0.179349302,0.170343816,0.167910488,0.163771658,0.156167509,0.155809027,0.145782413,0.148878388,0.14230623,0.141958612,0.141610993,0.140231383,0.140915757,0.139894628,0.144044321,0.14230623,0.144033458,0.145760687,0.153745044,0.154766172,0.157883874,0.159274347,0.172777144,0.177622074,0.182130248,0.193905817,0.20912498,0.216403237,0.22677747,0.24375645,0.252761936,0.277334202,0.288436261,0.309521482,0.338297757,0.359741459,0.395394058,0.43629352,0.476443431,0.511737548,0.542936288,0.581348107,0.623963935,0.681777198,0.754146977,0.795698224,0.845201238,0.902330129,0.946662321,0.97817609,0.99791429,1,1,1,1,1,1,0.999652382,0.980565966,0.927988702,0.893357232,0.876389115,0.852837977,0.835522242,0.818564988,0.804019336,0.789462821,0.776329368,0.753788496,0.694606485,0.661365488,0.634370757,0.608723046,0.583433817,0.55886155,0.541176471,0.525272935,0.509347673,0.493063929,0.48266797,0.468089729,0.460865787,0.446287545,0.442485471,0.433490848,0.437640541,0.43728206,0.453902558,0.484688501,0.528673076,0.517994677,0.504481017,0.495486394,0.471261746,0.437021346,0.403030797,0.348943566,0.211221552,0.020857096,0
z=027.5,0.994090489,1,1,1,0.987148987,0.921742437,0.886078975,0.853880832,0.828254848,0.818901744,0.802270382,0.783933518,0.770061376,0.753810222,0.747911575,0.728531856,0.71952637,0.6993971,0.63604367,0.584835153,0.564749335,0.532887947,0.507946336,0.485112161,0.465373961,0.454967139,0.434892184,0.388159253,0.336907284,0.296703058,0.266264733,0.233686383,0.211905926,0.195633045,0.185573842,0.153353973,0.131931997,0.119472055,0.112182934,0.109076096,0.10145022,0.0979849,0.091401879,0.088284178,0.088295041,0.08585085,0.087599804,0.087252186,0.088653522,0.093139971,0.096942046,0.100765847,0.110466569,0.120504046,0.142284504,0.161001575,0.169681169,0.185932323,0.220911412,0.246885014,0.30226495,0.363891152,0.383651078,0.399228722,0.422421379,0.435598284,0.456009994,0.480940742,0.515908967,0.549182554,0.61323122,0.663429472,0.680734344,0.691814676,0.7046331,0.718494378,0.732333931,0.748270056,0.771810331,0.787409701,0.816805171,0.825104557,0.827537885,0.880853837,0.913747216,0.900277008,0.868415621,0.835185487,0.792232904,0.745836728,0.71952637,0.691836402,0.674509804,0.650958666,0.624637445,0.587246755,0.558839824,0.533202976,0.514887839,0.494106784,0.472293737,0.456379338,0.435945902,0.425908424,0.407191353,0.397501494,0.38192385,0.369094563,0.351778828,0.341763076,0.328944653,0.320286785,0.3105752,0.29674651,0.295356037,0.279083157,0.275270219,0.267296725,0.25727011,0.251023844,0.246526533,0.242018359,0.231644126,0.225756341,0.218152192,0.214328391,0.212959644,0.208092988,0.204290913,0.203943295,0.199793602,0.200836456,0.199793602,0.1966759,0.195285427,0.195274564,0.199087502,0.200130357,0.202911303,0.203248058,0.212590299,0.210167834,0.220563793,0.221595785,0.229221661,0.236836674,0.243072076,0.249296616,0.261083048,0.271815762,0.285655315,0.303318668,0.314746619,0.337591657,0.358372712,0.378817012,0.407191353,0.431426864,0.459127695,0.499277606,0.54050296,0.556721525,0.578578024,0.626386399,0.712226386,0.71882027,0.706697083,0.692531639,0.686285373,0.674868285,0.670023356,0.675215904,0.6848949,0.686622128,0.672434957,0.657204932,0.645429363,0.629840856,0.617728532,0.601792407,0.588648091,0.572711966,0.560958123,0.544305035,0.528379773,0.514181739,0.498625822,0.481972734,0.464646135,0.450133073,0.428678507,0.413426756,0.387800771,0.361153658,0.337939275,0.310227581,0.285633589,0.25549943,0.22055293,0.169985335,0.097604693,0.007636739,0,0,0,0,0,0,0,0,0,0,0,0,0,0,0,0,0,0,0,0,0
z=028.0,0.913421324,0.86349465,0.77803487,0.714322959,0.653381131,0.615642822,0.576503177,0.539481832,0.516615067,0.48199446,0.461202542,0.430394873,0.404095378,0.391266091,0.365303351,0.342088969,0.328944653,0.320275922,0.296029548,0.272500136,0.263842268,0.254141546,0.235782956,0.215382109,0.208440606,0.199087502,0.187659551,0.174156754,0.164466895,0.150974961,0.142990603,0.135038835,0.127076204,0.12256803,0.1177231,0.110444843,0.093498452,0.091749498,0.082059638,0.0782467,0.078257563,0.073738526,0.066134376,0.066829613,0.06543914,0.064048667,0.063364293,0.06197382,0.061278583,0.058171745,0.060583347,0.062669057,0.06197382,0.062321438,0.064743903,0.065080658,0.073412634,0.068915322,0.073065015,0.079984792,0.092803215,0.096963772,0.102851556,0.114594536,0.12879257,0.130541524,0.138156537,0.149236869,0.16756287,0.181087393,0.197012655,0.202574548,0.223323013,0.250676226,0.265927978,0.28047363,0.310933681,0.334137201,0.363902015,0.389191244,0.42415947,0.461202542,0.501721797,0.543273043,0.576861659,0.648514475,0.739905491,0.807810548,0.863874857,0.897832817,0.888859921,0.868763239,0.843843355,0.827548748,0.815088806,0.795002987,0.766617783,0.742708164,0.706697083,0.672424094,0.643702135,0.60385639,0.566476563,0.547422736,0.515572212,0.497224485,0.481635978,0.457758948,0.438357504,0.428645918,0.408581826,0.398891967,0.378795285,0.353516919,0.336907284,0.326163706,0.305393515,0.297083265,0.280136875,0.2756287,0.26695997,0.264189886,0.254489164,0.246874151,0.24099723,0.234044864,0.235098582,0.231991744,0.230275379,0.233371354,0.236489055,0.236163163,0.239595894,0.247558525,0.248938135,0.257280973,0.262473521,0.277345065,0.295008419,0.305045896,0.319939167,0.348682853,0.380164032,0.40371517,0.435250665,0.46639509,0.498940851,0.525946445,0.537037641,0.55610233,0.584476672,0.627049047,0.648536201,0.669664874,0.69978817,0.731280213,0.7631416,0.786008365,0.79391668,0.748585085,0.731280213,0.733365923,0.712932486,0.700809299,0.683156808,0.667242409,0.66239748,0.647504209,0.6454185,0.636413014,0.631242192,0.637477595,0.653044376,0.64057357,0.627766009,0.612535984,0.597979469,0.583097062,0.570289501,0.55401662,0.537059367,0.522502852,0.505882353,0.492390419,0.474031829,0.458084841,0.443560915,0.420009777,0.404073652,0.380522514,0.356971376,0.334484819,0.304698278,0.28114714,0.24927489,0.217424366,0.169659443,0.089587746,0.012123187,0,0,0,0,0,0,0,0,0,0,0,0,0,0,0,0,0,0,0,0,0,0,0,0
z=028.5,0.9750258,0.920699582,0.870838086,0.845570583,0.818912607,0.806767693,0.767964804,0.682787464,0.629482375,0.601770681,0.555722123,0.530802238,0.497213622,0.468133181,0.454978002,0.425897561,0.404062789,0.388832763,0.365640106,0.351778828,0.335538537,0.314746619,0.302981913,0.295356037,0.280451904,0.259344957,0.243745587,0.234425072,0.230601271,0.226114823,0.213285536,0.195274564,0.187659551,0.173483244,0.168975069,0.166204986,0.164119277,0.162728803,0.157166911,0.149921243,0.14368584,0.136744338,0.126022487,0.129151051,0.123610885,0.115995872,0.117733963,0.113551681,0.113214926,0.110455706,0.112889034,0.119797947,0.119439466,0.120134702,0.126022487,0.128097333,0.142317093,0.145760687,0.152702189,0.159274347,0.164814513,0.167584596,0.171060779,0.181445875,0.197371137,0.206702515,0.223670632,0.236478192,0.241681603,0.264526642,0.273890609,0.300200967,0.324099723,0.337265765,0.363195915,0.388854489,0.407528108,0.423800989,0.452533811,0.481983597,0.534604313,0.599706697,0.638846342,0.610797893,0.609418283,0.610450274,0.620140134,0.641225354,0.66653631,0.637108251,0.601444788,0.575134431,0.552626147,0.528738254,0.511064038,0.486828526,0.468828418,0.453587529,0.435587421,0.417239694,0.404779751,0.38606268,0.355602629,0.339329749,0.308163598,0.294649938,0.27838792,0.263136169,0.246189778,0.227831188,0.215023627,0.202563685,0.191830971,0.179686057,0.169311824,0.161001575,0.148889251,0.139536147,0.130867416,0.124306121,0.113931889,0.108033241,0.103166585,0.096235946,0.087610668,0.08793656,0.085166477,0.073065015,0.072717397,0.069936451,0.068556841,0.06749226,0.065428277,0.066460268,0.066460268,0.068545978,0.068904459,0.075476617,0.072022161,0.079637173,0.081364402,0.085514095,0.093465863,0.101461083,0.107327141,0.118070719,0.131921134,0.144033458,0.15857911,0.172081908,0.191787518,0.208440606,0.233718972,0.252077562,0.281842377,0.327206561,0.36561838,0.414132855,0.454282766,0.48475368,0.511053175,0.544652653,0.579273261,0.611471403,0.665482592,0.729563848,0.795676498,0.870403563,0.865287057,0.85284884,0.859388409,0.841746782,0.820628972,0.803649992,0.783249145,0.766954538,0.750344903,0.734072022,0.72299169,0.704643963,0.688012601,0.673836294,0.66169138,0.646472218,0.632610939,0.62016186,0.608733909,0.592797784,0.578273858,0.56508609,0.548465591,0.537374396,0.520417142,0.504481017,0.487882244,0.470588235,0.455651513,0.433871055,0.419303677,0.393373527,0.367389061,0.341056977,0.311965673,0.282200858,0.24584216,0.207017544,0.135332138,0.028787138,0,0,0,0,0,0,0,0,0,0,0,0,0,0,0
z=029.0,0.994090489,1,1,1,1,1,1,1,1,1,1,0.997219054,0.912030851,0.80537722,0.74478301,0.693900386,0.651295421,0.609765901,0.586909999,0.557807832,0.523545706,0.506577589,0.48475368,0.459486177,0.440095595,0.429015263,0.411004291,0.390581717,0.372570746,0.363228505,0.353527782,0.334832437,0.327901798,0.315789474,0.306447233,0.29950573,0.291195481,0.287034925,0.278040302,0.273173646,0.267991961,0.265569496,0.262440932,0.255532019,0.257259247,0.250697952,0.252772799,0.247232633,0.253109554,0.250697952,0.260051056,0.259344957,0.264537505,0.270772908,0.276997447,0.277681821,0.284623323,0.294313182,0.300548585,0.308858834,0.323762968,0.338623649,0.356287002,0.370843517,0.385030688,0.40233556,0.42762479,0.448405844,0.475389713,0.505523872,0.533930802,0.576535767,0.624985063,0.665167563,0.730606703,0.829286839,0.976057792,0.998957145,0.983368638,0.970224322,0.95843789,0.9210472,0.877410244,0.819227636,0.776644397,0.724382163,0.683493564,0.647493346,0.619423171,0.594525012,0.5664657,0.541893433,0.521449134,0.502058552,0.479550269,0.460854924,0.442865678,0.426929553,0.410309054,0.394731411,0.381239476,0.364608115,0.350410081,0.335527674,0.322350769,0.312650046,0.300548585,0.294649938,0.275639563,0.267644343,0.257965347,0.252055836,0.240638749,0.233708109,0.22125903,0.211580034,0.20498615,0.197023519,0.189734398,0.185932323,0.171386671,0.156841019,0.145423931,0.139199392,0.127423823,0.122220412,0.114246918,0.111140079,0.104567921,0.097995763,0.098680137,0.099027755,0.091401879,0.093465863,0.094867199,0.097626419,0.095551572,0.102134593,0.104904677,0.109749606,0.112182934,0.11980881,0.124295258,0.137102819,0.154755309,0.177274455,0.182130248,0.192526207,0.200488838,0.213285536,0.225408723,0.237879529,0.250328608,0.271446418,0.292227473,0.311281299,0.336918147,0.360110803,0.385041551,0.424507088,0.473662484,0.508326544,0.536722611,0.569257509,0.614947586,0.669273804,0.739231981,0.825137146,0.886730759,0.855955679,0.839313454,0.841051545,0.840356309,0.820965727,0.80194449,0.786008365,0.770756613,0.753810222,0.743066645,0.726446146,0.709478029,0.69770246,0.6848949,0.668969638,0.654434849,0.64403889,0.632610939,0.620140134,0.604920971,0.592450166,0.577556895,0.566487426,0.551235674,0.537732877,0.524925316,0.510368801,0.497224485,0.477833904,0.460854924,0.445624898,0.424148607,0.4085601,0.385715062,0.353886264,0.326837217,0.299853349,0.264189886,0.23438162,0.173059584,0.078474825,0.000695237,0,0,0,0,0,0,0,0,0,0,0,0
z=029.5,0.956678073,0.891293249,0.851795122,0.82097659,0.793960133,0.769735484,0.7388735,0.657889305,0.610439411,0.57375482,0.543273043,0.507609581,0.483721688,0.460507305,0.430047254,0.40650698,0.393688556,0.37707892,0.356634621,0.331377981,0.322361632,0.309879963,0.294302319,0.269740916,0.258997339,0.254152409,0.246168052,0.235772093,0.214328391,0.202911303,0.192873825,0.190788116,0.189397643,0.176915974,0.171039053,0.152691326,0.145749823,0.136766064,0.131225898,0.125348976,0.125696594,0.123958503,0.123610885,0.121525175,0.119091847,0.118396611,0.115268046,0.1177231,0.114246918,0.116691109,0.116691109,0.118744229,0.119439466,0.121872793,0.122915648,0.123958503,0.125348976,0.126739449,0.131236761,0.13608169,0.146792678,0.156167509,0.172429526,0.179001684,0.186975178,0.196306556,0.206018141,0.219857694,0.232686981,0.249296616,0.271446418,0.284264842,0.295692792,0.325794362,0.34867199,0.369442181,0.401303569,0.424854706,0.467427082,0.510379664,0.558513932,0.622519146,0.681766335,0.699777307,0.712584868,0.743751018,0.786334257,0.864559231,0.933496279,0.933865624,0.917929499,0.899234153,0.886078975,0.84831894,0.816479279,0.790527402,0.758991907,0.719515507,0.695616751,0.671392103,0.656162077,0.632621802,0.620140134,0.604920971,0.583064472,0.533919939,0.492021074,0.451165064,0.415153984,0.38814839,0.361142795,0.342773342,0.323752105,0.305045896,0.287393406,0.271120526,0.256248982,0.243408832,0.242018359,0.225071968,0.216750855,0.206018141,0.20014122,0.19805551,0.188713269,0.18800717,0.187659551,0.182825485,0.187659551,0.195252838,0.195969801,0.205322905,0.217435229,0.220889686,0.24237684,0.258302102,0.269371571,0.287393406,0.311976536,0.332746727,0.356645484,0.36218565,0.371875509,0.37983814,0.395079029,0.40788659,0.430731628,0.451871164,0.477127804,0.488566618,0.507598718,0.52560969,0.552973766,0.571321493,0.606984955,0.64195318,0.679680626,0.694573896,0.656151214,0.625017652,0.618760524,0.627070773,0.637075661,0.662712509,0.67552007,0.665493455,0.653033513,0.648525338,0.634685786,0.629829993,0.629145619,0.631600674,0.6454185,0.642648417,0.631220466,0.614958449,0.599728423,0.588289609,0.574786812,0.557829558,0.545695508,0.531160719,0.514876976,0.501037423,0.484775406,0.469186899,0.452914019,0.435239802,0.418619304,0.397501494,0.382586497,0.355265874,0.327912661,0.305741133,0.279083157,0.251393189,0.220563793,0.176220738,0.101015697,0.011427951,0,0,0,0,0,0,0,0,0,0,0,0,0,0,0,0,0,0,0,0,0,0,0
z=030.0,0.923111184,0.881527348,0.793623377,0.720199881,0.671044484,0.626734018,0.586562381,0.556775841,0.517657922,0.494095921,0.469882136,0.440443213,0.423116615,0.387127261,0.373602737,0.360436695,0.336559665,0.312671772,0.304709141,0.288414535,0.268317853,0.251371463,0.242029222,0.232676118,0.218825702,0.206007278,0.190440498,0.177622074,0.172092771,0.16688936,0.159611102,0.144370213,0.134691217,0.122915648,0.118418337,0.109412851,0.104220303,0.099712129,0.097289664,0.088631796,0.08309163,0.075824236,0.072358916,0.075476617,0.06819836,0.068545978,0.063364293,0.062321438,0.061278583,0.060941828,0.060952691,0.063016675,0.063701048,0.064754766,0.069252078,0.075128999,0.075128999,0.083786867,0.089327033,0.097615556,0.104567921,0.106990386,0.111487698,0.114953017,0.123263267,0.137102819,0.15128999,0.167573733,0.173819999,0.182130248,0.20360654,0.218478084,0.238216284,0.248264624,0.2710988,0.300537722,0.31648471,0.349356363,0.363217642,0.40095595,0.433512574,0.45949704,0.46639509,0.504828635,0.537711151,0.585128456,0.67481397,0.745130628,0.77074575,0.758981044,0.732703275,0.703242627,0.677975124,0.653381131,0.63781435,0.619792515,0.600076041,0.569931019,0.544326761,0.522155233,0.499983705,0.48128836,0.46501548,0.442507197,0.418271685,0.393340937,0.381912987,0.355591766,0.340698495,0.325131715,0.312671772,0.297094129,0.278377057,0.268350443,0.264189886,0.252066699,0.240301993,0.236130574,0.219868557,0.211558308,0.208092988,0.199087502,0.197012655,0.193536473,0.18454185,0.183151377,0.181087393,0.1776438,0.172429526,0.173809136,0.170702298,0.171049916,0.168279833,0.178306447,0.177632937,0.186279941,0.188702406,0.191483352,0.202216066,0.212264407,0.23024279,0.24860138,0.252772799,0.265221878,0.264526642,0.280451904,0.290847863,0.298115257,0.313345283,0.330335126,0.340372603,0.362174787,0.384324589,0.397153875,0.43038401,0.459812069,0.493770029,0.546390745,0.584487535,0.62221498,0.628808864,0.65684645,0.692531639,0.703579382,0.679691489,0.6651567,0.651653903,0.63919396,0.627776873,0.620487752,0.60870132,0.598327087,0.595904622,0.58758351,0.581369833,0.585182771,0.595220249,0.609755038,0.605952963,0.59349302,0.578241269,0.562663625,0.550225409,0.536353267,0.519732768,0.50933681,0.492390419,0.476117538,0.459833795,0.443886807,0.42553908,0.402009668,0.388832763,0.362533268,0.335864429,0.309543208,0.286002933,0.255206127,0.228515561,0.179327576,0.118320569,0.019347129,0,0,0,0,0,0,0,0,0,0,0,0,0,0,0,0,0,0,0,0,0
z=030.5,0.994090489,1,1,1,0.995144207,0.950127641,0.900972245,0.886426593,0.865993156,0.846591711,0.832752159,0.822714681,0.808169029,0.79847917,0.78082668,0.778393352,0.772147086,0.754136114,0.696659606,0.64403889,0.600401934,0.575145294,0.545695508,0.526652545,0.512117756,0.485459779,0.458769214,0.394720547,0.33898213,0.301558851,0.26349465,0.24305035,0.20912498,0.177274455,0.16688936,0.156841019,0.143338222,0.122220412,0.111129216,0.099712129,0.088990278,0.088642659,0.076845364,0.074444625,0.066481994,0.067524849,0.067155505,0.067850741,0.069567107,0.070294932,0.083776003,0.088642659,0.10767476,0.120819076,0.135017109,0.143674977,0.164477758,0.199750149,0.227809462,0.266612351,0.30435066,0.376003476,0.415512465,0.435935039,0.452555537,0.479539406,0.506229971,0.53045462,0.571299766,0.611438814,0.698712726,0.724034545,0.737189724,0.746879583,0.75415784,0.765574928,0.780468198,0.778382489,0.761403509,0.737526479,0.718809407,0.709478029,0.720895117,0.75514638,0.743077508,0.711552876,0.683862908,0.662375754,0.639508989,0.61354625,0.602129162,0.583792298,0.565096953,0.550551301,0.533594047,0.511433382,0.478518277,0.456716094,0.436271794,0.410309054,0.397153875,0.380207485,0.363912878,0.350757699,0.336548802,0.324099723,0.314735756,0.294660801,0.284623323,0.273879746,0.267655206,0.250002716,0.241692466,0.234403346,0.22539786,0.218119602,0.207756233,0.197023519,0.192504481,0.184878605,0.178664929,0.170354679,0.166204986,0.157883874,0.152006952,0.149573624,0.145423931,0.13884091,0.134354462,0.136776927,0.129498669,0.128129922,0.126370105,0.127423823,0.122915648,0.123969366,0.122578893,0.123610885,0.123958503,0.126728586,0.132605508,0.129835424,0.135734072,0.142653848,0.149236869,0.152017815,0.160653957,0.169659443,0.174862854,0.186986041,0.190777253,0.206018141,0.2164141,0.236489055,0.252751073,0.26558036,0.288403672,0.315767748,0.332051491,0.360773451,0.389886481,0.421041769,0.460507305,0.505513009,0.551235674,0.618032698,0.699744718,0.78496551,0.852490359,0.912400196,0.976090381,1,1,1,1,1,1,0.979903319,0.935614578,0.898202162,0.870848949,0.856629189,0.835152898,0.819912009,0.803649992,0.789473684,0.77874097,0.762457227,0.752419749,0.73788496,0.72575091,0.713986204,0.697713324,0.663766227,0.607332573,0.569268372,0.544326761,0.513508229,0.491673456,0.465699853,0.447699745,0.425875835,0.410667536,0.39090761,0.371908098,0.358698604,0.343479442,0.32752159,0.314388138,0.30021183,0.294313182,0.283243713,0.281168866,0.283243713,0.301189506,0.351018413,0.315050785,0.267188094,0.143555483,0.009733312,0,0,0
z=031.0,0.994090489,1,1,0.98192385,0.904415838,0.845201238,0.803671718,0.771115094,0.751724513,0.723676063,0.705317473,0.68765412,0.666210418,0.653044376,0.633295313,0.588995709,0.555732986,0.512117756,0.491336701,0.471946119,0.445972516,0.420009777,0.40166205,0.389191244,0.379490522,0.35872033,0.338971267,0.324447341,0.32132964,0.314399001,0.299853349,0.286002933,0.274574982,0.250002716,0.219162457,0.200488838,0.187311933,0.170680571,0.16066482,0.147487915,0.141610993,0.134691217,0.123632611,0.117038727,0.120840802,0.111824453,0.113899299,0.115278909,0.11910271,0.118765955,0.127782304,0.129846288,0.154060073,0.168964206,0.198392265,0.222616914,0.239943512,0.244440823,0.247558525,0.255184401,0.26211504,0.269730053,0.27838792,0.291890718,0.305393515,0.331008636,0.340024985,0.355613492,0.373602737,0.402346423,0.434903047,0.449101081,0.489250991,0.553973168,0.574091576,0.594177394,0.614947586,0.631578947,0.658584542,0.682472435,0.714670577,0.7434034,0.794644506,0.849340068,0.924067134,0.915800337,0.860778882,0.816120797,0.777698115,0.744457118,0.724023681,0.699777307,0.676237032,0.657541687,0.640215089,0.620487752,0.605246863,0.589680083,0.574765086,0.557818695,0.5467275,0.534626039,0.523882462,0.508652436,0.501374178,0.494106784,0.48128836,0.468144044,0.46155016,0.453250774,0.44389767,0.42691869,0.401998805,0.387800771,0.373265982,0.36703058,0.358372712,0.347629135,0.341393732,0.329976644,0.323393623,0.316147955,0.3105752,0.302612569,0.299842485,0.296398892,0.29950573,0.287393406,0.285307696,0.288425398,0.282548476,0.283928086,0.282548476,0.283928086,0.283591331,0.281168866,0.291195481,0.289468253,0.289815871,0.297441747,0.302623432,0.307479224,0.316126229,0.329976644,0.334484819,0.34729238,0.361838032,0.372559883,0.389180381,0.404410407,0.424507088,0.444918799,0.475737331,0.512780403,0.544305035,0.575818804,0.603150291,0.65578187,0.70254739,0.741697898,0.765933409,0.799163544,0.835163761,0.852142741,0.870468742,0.842420292,0.808820814,0.792547933,0.772494704,0.766617783,0.778024007,0.766617783,0.748259193,0.734408777,0.71468144,0.698050079,0.68142958,0.666188692,0.648894683,0.631915703,0.617033295,0.599022324,0.587594373,0.571332356,0.552626147,0.533930802,0.52076476,0.503459888,0.483363207,0.467796426,0.447373853,0.428993536,0.407549834,0.384715659,0.364597252,0.337591657,0.307099017,0.281494759,0.230253653,0.18454185,0.120102113,0.026342947,0,0,0,0,0,0,0,0,0,0,0,0,0,0,0,0,0,0,0,0,0
z=031.5,0.894345772,0.807137038,0.734397914,0.678322742,0.628787138,0.595926348,0.55748194,0.522155233,0.497224485,0.471935256,0.445624898,0.413774374,0.392993319,0.372223127,0.355613492,0.335516811,0.314746619,0.307468361,0.282189995,0.262104177,0.250350334,0.240301993,0.228515561,0.210178698,0.200477975,0.183520721,0.172777144,0.167584596,0.153745044,0.146825268,0.138145674,0.120504046,0.115995872,0.108022378,0.10420944,0.100754983,0.085861713,0.085861713,0.077562327,0.075476617,0.070990169,0.064037803,0.05436967,0.055738417,0.050904351,0.049155396,0.049861496,0.045364184,0.045016566,0.043289338,0.046396176,0.047439031,0.047428168,0.047797512,0.049177122,0.051230243,0.06611265,0.0592146,0.067166368,0.073749389,0.084807995,0.088284178,0.095203954,0.100048884,0.109749606,0.114605399,0.128119059,0.144370213,0.154081799,0.167584596,0.178328173,0.193558199,0.213980772,0.231633263,0.252077562,0.263853131,0.291532236,0.315083374,0.342784205,0.375329966,0.404084515,0.437662267,0.470240617,0.519363424,0.576481451,0.635717777,0.712258976,0.830307968,0.944196404,0.998261909,0.998261909,0.969865841,0.931421433,0.882602792,0.839682798,0.810949976,0.778393352,0.739623051,0.709478029,0.670327522,0.638846342,0.608038673,0.58758351,0.565781326,0.530107001,0.50240617,0.483015589,0.458443322,0.429688773,0.394742274,0.373602737,0.353864538,0.338634512,0.318885449,0.299853349,0.285666178,0.271794036,0.258291239,0.247580251,0.238574765,0.220922275,0.21503449,0.205670523,0.199087502,0.195633045,0.190429634,0.182803759,0.175883982,0.176579219,0.175177883,0.174493509,0.175883982,0.16688936,0.173472381,0.175188746,0.179707783,0.188018033,0.197707892,0.207050133,0.217087611,0.230253653,0.250002716,0.275965455,0.290163489,0.311618054,0.335505948,0.345554288,0.362533268,0.370137418,0.393351801,0.415153984,0.43767313,0.468795829,0.500320461,0.52560969,0.550909782,0.590364456,0.604910108,0.62430069,0.636391288,0.600380207,0.607299984,0.600727826,0.594177394,0.614567378,0.634338167,0.653391994,0.638509587,0.636760632,0.624985063,0.614599967,0.611503992,0.611145511,0.622551735,0.622225843,0.606995818,0.588637228,0.574091576,0.559882679,0.539481832,0.526304926,0.506240834,0.490641464,0.472293737,0.451534409,0.435956765,0.412764108,0.393330074,0.368779534,0.347639998,0.322698387,0.29221661,0.262093314,0.212253544,0.165835642,0.103166585,0.015957851,0,0,0,0,0,0,0,0,0,0,0,0,0,0,0,0,0,0,0,0,0,0,0,0,0,0
z=032.0,0.99200478,0.959133127,0.929335723,0.906849166,0.886774211,0.878116343,0.862180218,0.845537994,0.75415784,0.694226278,0.64333279,0.59695834,0.570984737,0.538069632,0.507609581,0.493748303,0.46639509,0.440779968,0.427277171,0.409613818,0.383672804,0.371538754,0.358361849,0.338645375,0.324773233,0.309890826,0.299158112,0.279778393,0.271468144,0.25727011,0.255195264,0.246189778,0.242713595,0.228515561,0.213611428,0.210884797,0.197371137,0.192862962,0.192167726,0.187322796,0.186975178,0.184205095,0.17902341,0.17831731,0.174841128,0.172081908,0.170691434,0.170007061,0.169659443,0.165846505,0.168605725,0.171745152,0.175547227,0.175547227,0.176590082,0.179360165,0.186986041,0.191135734,0.197012655,0.202889577,0.210167834,0.222975395,0.229221661,0.234403346,0.24860138,0.258986475,0.287045788,0.294997556,0.304361523,0.320634403,0.347618272,0.365303351,0.387800771,0.410982565,0.44113845,0.476791049,0.502764652,0.554690131,0.598316224,0.6644506,0.781424149,0.816468416,0.814730324,0.801216664,0.753788496,0.711542013,0.699777307,0.7191353,0.700483407,0.650969529,0.62430069,0.592102547,0.563011243,0.536353267,0.513497366,0.491336701,0.46639509,0.447352126,0.425886698,0.409961436,0.392993319,0.377057194,0.358709467,0.3500516,0.333094346,0.314062245,0.307120743,0.291543099,0.280115149,0.267318451,0.253109554,0.24722177,0.229221661,0.22125903,0.212242681,0.202216066,0.191472489,0.18040302,0.1769377,0.164825376,0.160653957,0.152354571,0.148519907,0.136429309,0.130193906,0.12603335,0.119787084,0.111487698,0.109401988,0.10629515,0.103525067,0.100059747,0.096594427,0.091749498,0.095214817,0.090706643,0.091738635,0.090717506,0.090022269,0.08931617,0.089305307,0.093824344,0.093487589,0.100765847,0.099386236,0.107696486,0.112161208,0.117712237,0.12118842,0.128466678,0.133985118,0.143338222,0.153723318,0.164466895,0.1769377,0.192504481,0.210178698,0.227135951,0.243072076,0.266264733,0.288425398,0.319233067,0.347955027,0.378425941,0.415143121,0.48266797,0.508619847,0.507598718,0.509369399,0.522155233,0.53045462,0.5795557,0.630470914,0.683504427,0.677616642,0.68556841,0.693183423,0.694584759,0.677279887,0.661702243,0.645755255,0.627755146,0.613915594,0.598001195,0.579631742,0.567856173,0.550203683,0.532529466,0.51938515,0.497930585,0.48199446,0.461919505,0.442170442,0.423149204,0.40371517,0.379142904,0.36009994,0.330682744,0.299549183,0.270055945,0.219162457,0.167573733,0.088968551,0.005561892,0,0,0,0,0,0,0,0,0,0,0,0,0,0,0,0,0,0,0
z=032.5,0.994090489,1,1,1,1,1,1,1,1,0.999304763,0.950812015,0.861506708,0.811634349,0.787713867,0.734061159,0.678301016,0.633306176,0.60385639,0.568214654,0.535658031,0.509010917,0.490989083,0.461571886,0.45012221,0.438009885,0.405464125,0.388854489,0.382608223,0.36703058,0.351800554,0.332409972,0.315789474,0.315778611,0.310933681,0.30297105,0.298462875,0.274574982,0.248253761,0.231318234,0.221248167,0.213980772,0.210515453,0.201531693,0.199793602,0.199782739,0.199793602,0.204301776,0.205322905,0.205670523,0.209841942,0.216403237,0.229232524,0.245494541,0.246885014,0.253120417,0.263483787,0.271794036,0.280788659,0.295356037,0.304687415,0.311281299,0.320275922,0.338286894,0.360784314,0.377763294,0.39090761,0.405474988,0.432806474,0.460148824,0.487176145,0.518320569,0.555048612,0.59349302,0.654749878,0.726435283,0.770083102,0.813003096,0.876747597,0.986823095,0.999652382,0.991668025,0.962913476,0.93732008,0.915854652,0.903742328,0.886763348,0.862169355,0.838281462,0.799163544,0.757970778,0.722644071,0.690435066,0.670686003,0.644734126,0.62221498,0.603530498,0.58206507,0.561968388,0.522155233,0.500711531,0.477138667,0.453609255,0.438368367,0.421052632,0.403030797,0.38538917,0.375677584,0.357677475,0.346249525,0.330671881,0.317505839,0.307479224,0.293617946,0.28323285,0.273879746,0.261072185,0.251740807,0.243767313,0.236847537,0.227842051,0.218825702,0.212253544,0.206029004,0.196339145,0.188713269,0.186616697,0.183857477,0.175905709,0.173135625,0.167584596,0.16413014,0.156841019,0.156862745,0.154429417,0.154418554,0.152354571,0.155113791,0.155124654,0.156482538,0.151659334,0.154081799,0.163065559,0.162033567,0.164825376,0.16826897,0.174862854,0.183173103,0.190777253,0.197371137,0.200836456,0.214317528,0.222986258,0.240649612,0.251382326,0.261419803,0.280126012,0.299158112,0.320634403,0.342795068,0.367378198,0.396795394,0.429015263,0.45879094,0.49688773,0.546716637,0.606995818,0.687643257,0.799141817,0.922350769,0.996176199,1,1,1,1,1,1,1,1,1,1,1,1,0.982684265,0.923437076,0.873271414,0.845907338,0.819227636,0.798815925,0.774917169,0.752756504,0.737537342,0.715029059,0.698397697,0.679007115,0.65893216,0.642648417,0.625702026,0.603541361,0.587257618,0.570637119,0.555070338,0.535299549,0.519711042,0.491347564,0.477127804,0.451186791,0.418966922,0.390918473,0.360056488,0.329335723,0.288110369,0.239585031,0.161990115,0.029026126,0,0,0,0,0,0,0,0,0
z=033.0,0.918211939,0.841725056,0.793275759,0.755548314,0.720895117,0.677942534,0.622551735,0.58135897,0.54120906,0.51071642,0.486491771,0.456705231,0.435239802,0.414111129,0.382260605,0.367725816,0.356634621,0.332746727,0.310260171,0.300200967,0.289120634,0.268002824,0.247927869,0.237521047,0.227820325,0.221595785,0.203248058,0.187670414,0.176926837,0.168627451,0.163434903,0.156493401,0.151985226,0.136418445,0.127423823,0.115637391,0.109423714,0.103883548,0.10145022,0.097289664,0.093487589,0.090706643,0.084123622,0.086904568,0.077909945,0.0782467,0.07548748,0.075476617,0.074444625,0.074086144,0.077899082,0.077214709,0.081027647,0.08033241,0.085524958,0.088284178,0.092781489,0.097289664,0.099027755,0.10215632,0.104220303,0.110792461,0.11980881,0.128803433,0.143664114,0.153038944,0.162728803,0.169322688,0.182477866,0.201162349,0.223681495,0.232686981,0.246189778,0.265569496,0.292900983,0.317527565,0.337961002,0.367378198,0.390234099,0.430373146,0.468828418,0.513464776,0.566824181,0.637086524,0.665504318,0.707761664,0.766628646,0.858052251,0.97364619,0.988561186,0.959839227,0.928314595,0.885372875,0.846917604,0.819901146,0.769040248,0.720916843,0.689392211,0.662734235,0.637792624,0.614947586,0.599022324,0.577904514,0.553669002,0.51800554,0.489609473,0.457389604,0.429688773,0.410993428,0.391961327,0.371549617,0.337591657,0.319602412,0.298810494,0.281505622,0.259323231,0.239270002,0.217065885,0.195958938,0.177611211,0.166878497,0.154418554,0.146792678,0.134691217,0.129498669,0.120493183,0.119450329,0.115995872,0.112867308,0.112878171,0.111509424,0.117375482,0.12462115,0.129487806,0.134691217,0.153364836,0.158209766,0.166878497,0.186964315,0.213633154,0.251371463,0.285296833,0.319569822,0.344152952,0.363228505,0.400249851,0.438020748,0.454282766,0.502764652,0.54326218,0.584465808,0.605268589,0.640225952,0.673445223,0.723328445,0.766954538,0.784954647,0.817522134,0.852153604,0.884677638,0.908924013,0.913084569,0.922774428,0.930747922,0.939394927,0.892303514,0.857313563,0.843104666,0.816826897,0.786692738,0.76522731,0.73926457,0.718505241,0.698071805,0.679007115,0.65408723,0.632274184,0.614252349,0.594177394,0.575482049,0.557829558,0.537048504,0.515908967,0.495834012,0.475411439,0.454293629,0.432122101,0.403378415,0.376025202,0.351116181,0.328238553,0.295008419,0.259344957,0.21602303,0.165455434,0.076443431,0.001390473,0,0,0,0,0,0,0,0,0,0,0,0,0,0,0,0,0,0,0,0,0,0,0,0,0,0
z=033.5,0.949432405,0.93869969,0.88393895,0.779425344,0.71330183,0.672760849,0.616327196,0.583781435,0.556775841,0.525620553,0.498604095,0.466069198,0.44736299,0.420357395,0.392308946,0.38330346,0.364249633,0.335505948,0.32132964,0.308152735,0.293943838,0.274227364,0.25727011,0.252425181,0.244440823,0.229895171,0.208429743,0.192178589,0.184911194,0.180392157,0.175536364,0.161675086,0.152017815,0.140568139,0.128466678,0.120504046,0.11980881,0.114605399,0.110444843,0.10905437,0.104546195,0.094867199,0.092455597,0.094171962,0.087263049,0.088273315,0.079995655,0.080680028,0.079300418,0.080321547,0.080669165,0.084818858,0.084482103,0.087252186,0.090033132,0.099038618,0.099016892,0.107316278,0.110108088,0.114257781,0.115300635,0.12118842,0.126739449,0.137428711,0.148878388,0.163402314,0.175188746,0.182467003,0.193547336,0.20290044,0.233360491,0.243072076,0.257606865,0.277345065,0.302949324,0.332746727,0.354233882,0.374645592,0.394047037,0.414100266,0.399902232,0.404432133,0.419988051,0.443919396,0.497213622,0.561251426,0.613535386,0.606267992,0.610439411,0.60247678,0.578936505,0.556775841,0.531171582,0.513160611,0.493063929,0.474716202,0.458106567,0.439400358,0.421030905,0.408234208,0.390929336,0.379827277,0.36494487,0.346597143,0.336918147,0.323741242,0.312650046,0.302275813,0.291890718,0.282189995,0.271109663,0.25864972,0.248948998,0.246863288,0.238216284,0.228189669,0.220574656,0.212937918,0.20774537,0.195274564,0.197001792,0.189397643,0.184205095,0.180055402,0.176231601,0.169311824,0.171397534,0.164119277,0.162392048,0.158937592,0.154766172,0.15444028,0.155113791,0.149584488,0.158242355,0.154777035,0.1571995,0.157894737,0.164477758,0.165162131,0.169659443,0.170354679,0.177285319,0.18178263,0.192862962,0.202216066,0.209494324,0.21779371,0.230938026,0.243767313,0.251012981,0.272489273,0.283580468,0.304339797,0.326858943,0.341393732,0.369811526,0.398881104,0.42069415,0.463614144,0.517647059,0.562989517,0.61945576,0.620107544,0.627776873,0.623583727,0.636065396,0.648536201,0.658551953,0.650263429,0.633664657,0.626375536,0.614263212,0.615979577,0.623246972,0.611482266,0.592797784,0.573070447,0.556091467,0.532551192,0.515224594,0.495475531,0.472988974,0.454282766,0.427277171,0.398185867,0.374645592,0.34867199,0.32546847,0.295703655,0.260018467,0.217782847,0.163760795,0.083026452,0.00208571,0,0,0,0,0,0,0,0,0,0,0,0,0,0,0,0,0,0,0,0,0,0,0,0,0,0,0,0
z=034.0,0.994090489,1,1,1,1,0.998957145,0.976774754,0.947705176,0.935581989,0.92451252,0.90891315,0.9020151,0.897496062,0.886426593,0.880527945,0.871533322,0.869458476,0.866340775,0.858030525,0.851458367,0.845896475,0.771810331,0.695551572,0.561609907,0.499299332,0.441453479,0.378121775,0.340350877,0.306067025,0.262777687,0.228526424,0.210178698,0.196306556,0.161327467,0.132583781,0.113899299,0.097648145,0.090033132,0.084123622,0.075465754,0.067144642,0.054684699,0.048134268,0.041236217,0.037760035,0.034294715,0.037064798,0.03671718,0.041225354,0.05051328,0.061604476,0.072695671,0.080658302,0.08517734,0.096952909,0.117006138,0.146781815,0.177980555,0.198739884,0.222964532,0.261430666,0.296735647,0.353147575,0.404399544,0.478844169,0.608027809,0.705643365,0.798120689,0.832752159,0.834142632,0.838650807,0.845907338,0.851458367,0.857346152,0.866340775,0.871185704,0.88365651,0.888838195,0.878778991,0.840019554,0.810928249,0.80123839,0.799478573,0.764195318,0.740655043,0.711552876,0.686980609,0.664819945,0.641268807,0.618423768,0.593134539,0.555385367,0.529422628,0.508293955,0.486850253,0.469176036,0.449101081,0.427972408,0.415849221,0.400608332,0.386410298,0.368768671,0.360447559,0.339666504,0.329281408,0.318537831,0.307131606,0.293281191,0.284970941,0.275976319,0.265917115,0.254130683,0.24651567,0.234414209,0.226788333,0.219510075,0.213285536,0.207060996,0.197707892,0.192862962,0.185932323,0.178664929,0.177969692,0.170354679,0.166520015,0.162739667,0.157894737,0.158926729,0.152354571,0.149932106,0.147857259,0.14439194,0.14853077,0.144739558,0.14230623,0.144044321,0.149573624,0.147509641,0.151300853,0.160990712,0.156851882,0.161349193,0.162392048,0.173113899,0.177611211,0.183173103,0.191830971,0.200130357,0.210526316,0.228167943,0.231991744,0.250687089,0.258997339,0.279409049,0.30297105,0.318190212,0.338276031,0.36423877,0.392298083,0.422084623,0.458410733,0.493400684,0.537374396,0.60456249,0.65755255,0.770724024,0.857661181,0.915496171,0.963967194,0.993395253,1,1,1,0.992710879,0.934224105,0.879126609,0.84693933,0.813013959,0.790864157,0.7638477,0.743783608,0.722296453,0.702221498,0.686958883,0.660322633,0.640584433,0.62430069,0.602498506,0.586214763,0.566813318,0.547781218,0.528401499,0.509325946,0.488208136,0.464689588,0.446309272,0.416533594,0.387094672,0.36009994,0.332735864,0.302601706,0.264515779,0.21669654,0.161968388,0.046037695,0,0,0,0,0,0,0,0,0,0,0,0,0,0,0,0,0,0
z=034.5,0.994090489,1,0.98783336,0.895062734,0.81613166,0.764542936,0.716397806,0.691814676,0.656151214,0.631568084,0.603867253,0.582760306,0.563347998,0.518679051,0.489587746,0.467437945,0.435587421,0.414469611,0.408570963,0.383987833,0.359404704,0.343837923,0.333789582,0.315441855,0.297420021,0.28185324,0.272847754,0.263842268,0.256227255,0.242713595,0.226093097,0.220911412,0.20636576,0.203258921,0.19805551,0.195285427,0.187322796,0.180718049,0.174851991,0.162381185,0.15857911,0.154429417,0.146825268,0.144739558,0.144044321,0.137450437,0.141263375,0.138851773,0.13954701,0.141285101,0.138156537,0.141610993,0.143696703,0.142664711,0.149584488,0.150953234,0.157873011,0.164108413,0.166552604,0.180739775,0.195948075,0.199771876,0.206007278,0.212601162,0.21987942,0.239248275,0.248264624,0.26763348,0.282885232,0.292944435,0.317516702,0.343490305,0.360795177,0.381576232,0.414806366,0.455303894,0.484069306,0.520406279,0.538775732,0.566128945,0.601444788,0.638857205,0.689392211,0.743077508,0.792222041,0.908196187,0.962598447,0.939416653,0.922785291,0.907555266,0.885383738,0.865982293,0.844169247,0.829286839,0.819933735,0.800543154,0.783216555,0.757959915,0.743414263,0.727499864,0.712595731,0.695627614,0.670707729,0.652696757,0.627418391,0.60109717,0.570963011,0.539112487,0.512106893,0.491336701,0.468817555,0.451523546,0.436967031,0.422084623,0.405464125,0.397838249,0.376383684,0.351767965,0.320275922,0.301232959,0.286013796,0.274238227,0.26211504,0.256900766,0.246526533,0.236119711,0.224713487,0.224376731,0.22334474,0.218488947,0.220227038,0.217098474,0.219868557,0.227494433,0.232676118,0.236847537,0.246189778,0.257965347,0.276997447,0.289120634,0.316810602,0.335495084,0.381185161,0.401640324,0.419662158,0.441442616,0.475400576,0.510357938,0.538428114,0.563695617,0.603150291,0.636423877,0.661007007,0.702199772,0.720210744,0.755548314,0.79639346,0.832741296,0.874976916,0.913758079,0.941806529,0.956710662,0.9802618,0.999304763,1,1,1,1,1,1,1,1,1,1,1,1,1,0.990266688,0.915474445,0.862527837,0.836912715,0.809201021,0.783249145,0.757612297,0.734756396,0.715018196,0.693205149,0.677627505,0.656498832,0.636402151,0.616001304,0.596925751,0.57859975,0.556439085,0.535668894,0.514540221,0.493074792,0.470555646,0.449101081,0.427961545,0.397859975,0.368768671,0.335864429,0.292900983,0.253435446,0.189995112,0.094519581,0.006257129,0,0,0,0,0,0,0,0,0,0,0,0,0,0,0
z=035.0,0.889826734,0.793601651,0.71468144,0.670327522,0.624289827,0.592091684,0.554342513,0.515235457,0.495149639,0.468133181,0.436977894,0.414458747,0.386410298,0.36703058,0.356287002,0.333452827,0.305045896,0.300896203,0.281505622,0.257617729,0.244104068,0.235446201,0.229210798,0.210852208,0.197360274,0.177622074,0.168985932,0.16413014,0.153049807,0.146455923,0.137102819,0.117017001,0.109076096,0.104231166,0.099027755,0.0979849,0.087252186,0.087610668,0.078605182,0.075476617,0.068915322,0.060246592,0.053315952,0.048818641,0.048112541,0.041898865,0.042572375,0.0394764,0.039128782,0.038781163,0.040845147,0.041192765,0.041898865,0.04085601,0.042930857,0.047439031,0.060572484,0.053641845,0.061962957,0.072717397,0.083439248,0.087588941,0.093487589,0.096257672,0.102493075,0.109076096,0.124968769,0.143674977,0.152343708,0.163771658,0.169670306,0.185258813,0.215012764,0.22610396,0.245831297,0.26211504,0.289120634,0.306088751,0.337950139,0.367378198,0.399923959,0.432828201,0.459486177,0.510390527,0.562652762,0.626712292,0.694921514,0.800173809,0.949019608,0.965346804,0.923795557,0.851795122,0.789126066,0.737863234,0.697691597,0.665167563,0.633653794,0.604214872,0.582760306,0.557829558,0.539796861,0.514529357,0.49964695,0.480603987,0.464320243,0.444592906,0.431426864,0.419640432,0.403400141,0.389191244,0.37845853,0.365314214,0.340035848,0.32408886,0.30781598,0.292585954,0.280462767,0.269730053,0.26002933,0.253120417,0.245483678,0.237868665,0.226114823,0.224735213,0.215729727,0.212601162,0.20498615,0.19943512,0.199098365,0.198750747,0.200488838,0.197371137,0.200488838,0.201846722,0.208440606,0.22263864,0.220205312,0.229210798,0.224355005,0.228526424,0.233371354,0.236847537,0.24513606,0.247917006,0.264179023,0.267307588,0.280799522,0.287730161,0.303666286,0.308174461,0.327217424,0.346238662,0.372559883,0.399217859,0.437314649,0.456705231,0.488566618,0.514540221,0.527000163,0.546053989,0.563358862,0.583433817,0.609059801,0.643658682,0.654054641,0.595904622,0.569235783,0.557123459,0.56922492,0.575807941,0.577893651,0.566802455,0.582054207,0.601108033,0.60385639,0.611808158,0.610787029,0.590016838,0.568540546,0.548465591,0.526674271,0.506914345,0.484742817,0.460865787,0.43629352,0.416544457,0.390929336,0.361859758,0.331356254,0.297083265,0.262799413,0.222627777,0.15928521,0.068524252,0.003476183,0,0,0,0,0,0,0,0,0,0,0,0,0,0,0,0,0,0,0,0,0,0,0,0,0,0,0,0
z=035.5,0.994090489,0.991668025,0.975764489,0.95705828,0.948400413,0.941133018,0.936277226,0.928673076,0.922774428,0.86667753,0.786692738,0.711216121,0.659975015,0.628787138,0.593156265,0.569920156,0.540850578,0.517994677,0.48128836,0.468491663,0.460518168,0.430731628,0.410993428,0.398544348,0.388843626,0.369072837,0.347661724,0.337265765,0.334137201,0.322024876,0.308847971,0.299158112,0.286361414,0.274944327,0.271815762,0.269730053,0.261419803,0.254163272,0.2513606,0.238216284,0.231633263,0.229906034,0.224702623,0.227135951,0.218478084,0.220227038,0.215697138,0.212264407,0.218141329,0.214676009,0.215718864,0.22125903,0.226799196,0.230264516,0.23753191,0.23753191,0.247917006,0.257617729,0.263505513,0.265927978,0.269382434,0.279083157,0.290858726,0.30710988,0.32270925,0.334137201,0.343131823,0.367714953,0.386757916,0.401998805,0.423800989,0.452197056,0.483015589,0.512802129,0.549149965,0.584813427,0.641257944,0.697680734,0.796013253,0.887773614,0.86115909,0.849361795,0.837238607,0.812307859,0.799500299,0.768008256,0.758655152,0.740633317,0.709141274,0.672782576,0.626375536,0.596936614,0.56300038,0.538080495,0.510368801,0.489261854,0.463657596,0.444234425,0.425213188,0.40788659,0.388506871,0.375688447,0.36009994,0.342795068,0.32479496,0.313692901,0.300874477,0.286687307,0.277345065,0.260376949,0.247558525,0.242029222,0.227831188,0.217435229,0.204975287,0.197697029,0.183173103,0.177980555,0.170702298,0.162392048,0.150627342,0.145413068,0.137808919,0.130530661,0.12603335,0.120156428,0.1177231,0.104546195,0.103177448,0.094878062,0.094182825,0.093835207,0.087599804,0.088284178,0.081375265,0.086915431,0.079278692,0.081016783,0.081027647,0.077888219,0.081016783,0.081016783,0.084134485,0.084134485,0.08931617,0.092107979,0.098321656,0.099722992,0.104904677,0.107001249,0.125674868,0.128466678,0.140915757,0.153375699,0.16480365,0.174515235,0.195274564,0.210526316,0.228178806,0.247580251,0.265569496,0.302938461,0.326858943,0.352854272,0.390549128,0.368714356,0.376383684,0.402672315,0.41202542,0.421726142,0.437999022,0.46986041,0.491706045,0.523513117,0.579957634,0.581695725,0.58687741,0.594155668,0.577535169,0.555048612,0.533572321,0.514203465,0.4920428,0.466080061,0.447710608,0.424507088,0.398891967,0.371538754,0.343142686,0.308163598,0.274216501,0.236467329,0.179664331,0.098625822,0.009385693,0,0,0,0,0,0,0,0,0,0,0,0,0,0,0,0,0,0,0,0,0,0,0,0,0,0,0,0
z=036.0,0.994090489,1,1,1,1,1,1,1,0.980196622,0.86667753,0.798815925,0.751713649,0.708446038,0.674509804,0.642311662,0.621519744,0.591396448,0.556786704,0.519721905,0.485123024,0.466742708,0.447710608,0.420009777,0.396469502,0.383998696,0.365303351,0.348335234,0.335842703,0.319928304,0.304013905,0.291543099,0.276302211,0.258638857,0.247210907,0.231991744,0.221954266,0.213991635,0.209135843,0.206702515,0.202541959,0.1966759,0.192852099,0.185932323,0.18107653,0.175873119,0.16964858,0.173092173,0.172733692,0.172755418,0.174515235,0.172429526,0.18521536,0.187659551,0.195274564,0.202205203,0.210852208,0.217804573,0.225408723,0.233371354,0.248959861,0.260018467,0.26971919,0.292911846,0.308500353,0.320982022,0.34036174,0.36218565,0.384324589,0.402357286,0.425549943,0.460159687,0.50587149,0.544305035,0.566476563,0.599033187,0.636413014,0.679343871,0.723328445,0.790820705,0.907500951,0.984389767,0.96536853,0.938352072,0.923469665,0.904785183,0.893346369,0.8815708,0.85560806,0.833099777,0.815088806,0.80123839,0.790158058,0.762804845,0.73441964,0.716745424,0.698386834,0.684884037,0.667926783,0.649915811,0.617717669,0.60247678,0.577198414,0.535668894,0.513486503,0.487534626,0.466416816,0.454293629,0.434544566,0.421389387,0.40233556,0.389538863,0.369442181,0.342099832,0.323730379,0.315767748,0.295008419,0.28599207,0.271804899,0.260387812,0.250676226,0.239259139,0.228884906,0.225082831,0.208440606,0.197012655,0.18938678,0.181098256,0.170354679,0.163771658,0.173809136,0.163065559,0.16275053,0.168627451,0.174862854,0.178654066,0.183509858,0.185573842,0.187322796,0.19391668,0.208071262,0.220889686,0.231633263,0.232665254,0.237521047,0.244093205,0.246863288,0.258997339,0.265917115,0.279083157,0.286013796,0.301580577,0.312682635,0.32479496,0.344185541,0.358709467,0.378827875,0.407202216,0.428993536,0.456009994,0.490989083,0.523545706,0.576535767,0.645027429,0.707750801,0.770767476,0.877366792,0.956678073,0.995828581,1,1,1,1,1,1,1,1,1,1,0.996523817,0.940394329,0.87948509,0.843148118,0.820628972,0.792580523,0.769061974,0.746901309,0.721959698,0.704958992,0.684199663,0.666894791,0.646787247,0.627407528,0.607669328,0.589658356,0.564412579,0.545728097,0.527021889,0.50378578,0.484406062,0.458454185,0.439041877,0.412058009,0.382629949,0.349378089,0.316126229,0.27385802,0.224713487,0.127717126,0.025289229,0,0,0,0,0,0,0,0,0,0,0,0,0,0
z=036.5,0.871511596,0.787366248,0.733355059,0.691477921,0.644723263,0.602129162,0.567519418,0.532540329,0.495160502,0.473662484,0.449426973,0.415870947,0.40233556,0.376709576,0.352484927,0.341056977,0.323719516,0.298452012,0.284960078,0.271446418,0.261061322,0.238216284,0.22125903,0.211916789,0.199109228,0.193199718,0.176926837,0.161685949,0.151648471,0.141610993,0.139188529,0.129835424,0.12603335,0.110097224,0.100059747,0.089685514,0.083460974,0.077899082,0.075139862,0.073065015,0.069241214,0.067513986,0.06130031,0.059898973,0.056086036,0.054358807,0.053663571,0.050209114,0.051577861,0.049524741,0.050535006,0.050187388,0.051251969,0.053315952,0.054717289,0.05988811,0.066134376,0.067513986,0.073054152,0.075139862,0.077551464,0.084134485,0.089652925,0.099386236,0.110455706,0.118755092,0.133659225,0.140242246,0.149921243,0.16204443,0.185562979,0.199424257,0.209483461,0.228515561,0.248612243,0.276649829,0.293639672,0.317853457,0.341752213,0.374297974,0.409602955,0.442170442,0.489978817,0.53321384,0.575818804,0.628428657,0.675541796,0.761055891,0.888707838,0.949084786,0.927282603,0.906164793,0.887806203,0.862169355,0.842789637,0.811275868,0.773179078,0.738569334,0.709456303,0.672087339,0.646808973,0.613567976,0.576524904,0.538417251,0.493748303,0.471935256,0.444592906,0.420335669,0.390592581,0.370137418,0.353158438,0.325837814,0.302275813,0.277334202,0.25727011,0.240986367,0.227125088,0.217087611,0.203921569,0.183846613,0.17831731,0.167921351,0.164445169,0.147498778,0.145087176,0.137808919,0.132268752,0.135038835,0.130541524,0.126022487,0.126044213,0.127423823,0.136059964,0.135386454,0.141252512,0.149226006,0.152006952,0.163087285,0.171386671,0.191472489,0.20428005,0.228537287,0.243061213,0.287741024,0.30435066,0.332399109,0.365303351,0.394394655,0.459812069,0.505545598,0.551224811,0.581011352,0.589669219,0.605246863,0.623257835,0.638151105,0.664809082,0.692868394,0.725392428,0.749649666,0.765574928,0.784954647,0.814045951,0.85698767,0.898191299,0.932822769,0.966411384,0.989604041,1,1,1,1,1,1,1,1,1,1,1,1,1,1,1,0.946966487,0.833784151,0.759328662,0.701135191,0.649937537,0.59971756,0.558524795,0.511422519,0.461224268,0.406094183,0.346216936,0.286328825,0.217435229,0.077866493,0,0,0,0,0,0,0,0,0,0,0,0,0,0,0,0,0,0,0,0,0,0,0,0,0,0
z=037.0,0.978512846,0.979914182,0.973667916,0.918592146,0.79639346,0.733050893,0.682113954,0.637108251,0.600412797,0.574775949,0.53498452,0.508304818,0.478844169,0.459138558,0.431416001,0.410993428,0.390929336,0.376025202,0.349378089,0.339318885,0.324099723,0.308511216,0.29359622,0.277692684,0.263853131,0.258638857,0.24446255,0.228526424,0.216088208,0.198403129,0.193210581,0.189734398,0.184215958,0.169311824,0.162055293,0.150627342,0.148204878,0.1374613,0.131921134,0.127423823,0.125338113,0.125685731,0.121525175,0.121525175,0.115311499,0.114942154,0.112889034,0.113921025,0.112172071,0.112889034,0.112878171,0.114942154,0.117712237,0.118755092,0.120156428,0.122915648,0.122926511,0.128814296,0.132605508,0.137102819,0.144717832,0.158242355,0.165835642,0.175873119,0.184889468,0.192515344,0.201151486,0.211558308,0.236478192,0.251023844,0.263505513,0.272174244,0.302612569,0.318907175,0.343479442,0.377393949,0.394731411,0.421020042,0.453946011,0.489957091,0.534636902,0.573385476,0.612894465,0.657845853,0.691445332,0.744424529,0.710510021,0.680386725,0.656835587,0.629482375,0.597979469,0.573407202,0.545000272,0.524925316,0.505523872,0.477844767,0.464667862,0.438346641,0.426592798,0.404432133,0.386790506,0.375340829,0.357003965,0.341763076,0.330302537,0.319939167,0.302275813,0.289805008,0.278029439,0.262799413,0.257954484,0.241333985,0.235120309,0.222291022,0.214665146,0.202216066,0.19529629,0.187659551,0.183857477,0.167573733,0.16413014,0.1571995,0.153038944,0.14644506,0.141610993,0.125696594,0.127760578,0.120851665,0.119461192,0.114594536,0.112519689,0.108717614,0.107327141,0.105252295,0.104893813,0.10215632,0.102145457,0.101808701,0.096942046,0.104220303,0.099722992,0.107348868,0.106642768,0.110466569,0.114257781,0.117038727,0.123252403,0.127054478,0.138493292,0.147498778,0.153386562,0.163065559,0.173461518,0.185573842,0.207050133,0.218456358,0.237868665,0.255173538,0.272489273,0.293259464,0.324067134,0.34729238,0.38606268,0.414817229,0.451143338,0.495834012,0.555407094,0.633295313,0.713953615,0.767649775,0.854891098,0.898875672,0.859388409,0.799456846,0.737515616,0.672793439,0.624659171,0.57722014,0.534604313,0.481983597,0.435945902,0.368757808,0.318201075,0.258606268,0.168203791,0.035652599,0,0,0,0,0,0,0,0,0,0,0,0,0,0,0,0,0,0,0,0,0,0,0,0,0,0,0,0,0,0,0,0,0,0,0,0,0
z=037.5,0.994090489,1,1,1,1,1,1,0.995144207,0.985801966,0.979914182,0.976101244,0.970919559,0.967106621,0.966411384,0.964336538,0.960871218,0.958448753,0.956373907,0.954288197,0.90682744,0.815099669,0.759687144,0.720895117,0.687328228,0.636054533,0.527684536,0.45012221,0.407517245,0.363891152,0.310586063,0.287741024,0.250339471,0.222269296,0.20290044,0.16756287,0.145076313,0.125338113,0.1184292,0.10629515,0.10212373,0.092792352,0.083406659,0.071652816,0.065754169,0.062690783,0.059236326,0.063364293,0.064037803,0.07095758,0.07962631,0.089652925,0.092433871,0.103861822,0.106642768,0.115278909,0.128781707,0.147477052,0.174851991,0.204605942,0.239259139,0.271446418,0.324077997,0.383640215,0.497485199,0.574048123,0.614958449,0.651643039,0.700798436,0.775927435,0.874966053,0.881223182,0.883308891,0.88365651,0.884004128,0.884004128,0.885742219,0.887469448,0.891966759,0.89508446,0.901319863,0.910640378,0.913073706,0.878800717,0.853174732,0.828939221,0.791190049,0.772483841,0.738927815,0.706349465,0.655140948,0.614914996,0.566107219,0.531149856,0.506229971,0.48266797,0.456346749,0.435228939,0.412047146,0.393351801,0.371527891,0.364249633,0.345576014,0.324784096,0.313008528,0.295692792,0.287741024,0.270066808,0.256922492,0.248623106,0.237521047,0.227125088,0.216739992,0.206376623,0.20219434,0.192862962,0.187648688,0.177622074,0.175199609,0.168279833,0.168964206,0.162370322,0.163391451,0.164108413,0.163771658,0.178979958,0.176926837,0.175199609,0.167921351,0.165162131,0.161360056,0.156841019,0.15581989,0.157894737,0.153049807,0.153386562,0.153734181,0.149236869,0.153386562,0.153386562,0.15306067,0.15928521,0.158926729,0.165162131,0.171734289,0.172429526,0.177285319,0.186638423,0.190777253,0.20290044,0.209841942,0.218130465,0.229906034,0.245820433,0.258291239,0.271804899,0.290141763,0.3151051,0.332399109,0.358709467,0.387453153,0.416153387,0.454630384,0.504839498,0.556417359,0.594861767,0.639172234,0.694237141,0.755852479,0.818532399,0.917234262,0.994785726,1,1,0.963217642,0.847319537,0.766248438,0.705284884,0.645103471,0.605594482,0.553321384,0.509000054,0.460539895,0.408549237,0.347976753,0.292900983,0.220542067,0.096909456,0.000695237,0,0,0,0,0,0,0,0,0,0,0,0,0,0,0,0,0,0,0,0,0,0,0,0,0,0,0,0,0,0,0,0,0,0,0
z=038.0,0.994090489,0.997219054,0.911368204,0.819586117,0.751724513,0.703927,0.660659388,0.634338167,0.600054315,0.568551409,0.543642388,0.523882462,0.492031937,0.476443431,0.452197056,0.434903047,0.417587312,0.40788659,0.393677693,0.366693824,0.360458422,0.350410081,0.328597034,0.313356146,0.30159144,0.295019282,0.289815871,0.270414426,0.265232741,0.248612243,0.23961762,0.2361523,0.230601271,0.227831188,0.222975395,0.209483461,0.197718755,0.192167726,0.189060888,0.181445875,0.181771767,0.176242464,0.174167617,0.173819999,0.168616588,0.153734181,0.145087176,0.138156537,0.132963989,0.126728586,0.122220412,0.120156428,0.120493183,0.114605399,0.113225789,0.113225789,0.112530552,0.112182934,0.107696486,0.116680246,0.127032752,0.12670686,0.135364728,0.146814404,0.153745044,0.15581989,0.161360056,0.166204986,0.187996307,0.199793602,0.209135843,0.217804573,0.237868665,0.25727011,0.272141654,0.293281191,0.318548694,0.337939275,0.371517028,0.390581717,0.428667644,0.463983488,0.514518494,0.566085492,0.624278964,0.720189017,0.863190484,0.895432079,0.894736842,0.894736842,0.894041606,0.886774211,0.872923796,0.842452881,0.822367063,0.810939112,0.787377112,0.765596654,0.743414263,0.721242735,0.684884037,0.650632774,0.618738797,0.596241377,0.578252132,0.550888056,0.519765358,0.497224485,0.478507414,0.44389767,0.420009777,0.396100158,0.377752431,0.36218565,0.349367226,0.329987507,0.315083374,0.296040411,0.279419912,0.269740916,0.255184401,0.24860138,0.245831297,0.23753191,0.236489055,0.233360491,0.236825811,0.229558416,0.233371354,0.236130574,0.243419695,0.250002716,0.269023953,0.289815871,0.307479224,0.31648471,0.321666395,0.329629026,0.332746727,0.342078105,0.343479442,0.357677475,0.370506762,0.382608223,0.400619195,0.417207104,0.44319157,0.472641356,0.502058552,0.538080495,0.56300038,0.575101841,0.57131063,0.584813427,0.610797893,0.632936831,0.656824724,0.683504427,0.725392428,0.775579816,0.803313237,0.807126175,0.808158166,0.812318723,0.82373581,0.84347401,0.850067894,0.846602575,0.841757645,0.836228342,0.833099777,0.831720167,0.828602466,0.823399055,0.8230623,0.819944598,0.816816034,0.815447287,0.813709196,0.811971104,0.809211884,0.808169029,0.810233013,0.808864266,0.808169029,0.807473793,0.808853403,0.807137038,0.810939112,0.802248656,0.719461192,0.623583727,0.565075227,0.505882353,0.459138558,0.424126881,0.385041551,0.350040737,0.307468361,0.263842268,0.218478084,0.176188148,0.127021889,0.025300092,0,0,0,0,0,0,0,0,0,0,0,0,0,0,0,0,0,0,0
z=038.5,0.924784096,0.829971213,0.750334039,0.70739232,0.662038998,0.632600076,0.597642714,0.56162077,0.541893433,0.522491988,0.486502634,0.470197165,0.445635761,0.422095486,0.413774374,0.397153875,0.368084297,0.359763185,0.346944761,0.32755418,0.313356146,0.299875075,0.293976427,0.283917223,0.268676335,0.251034708,0.242018359,0.2361523,0.229558416,0.222975395,0.213980772,0.195274564,0.187681277,0.181087393,0.17555809,0.172440389,0.167932214,0.16826897,0.159252621,0.157536255,0.152321981,0.143001467,0.136418445,0.131910271,0.128455814,0.127076204,0.126380968,0.119797947,0.112519689,0.101797838,0.093835207,0.091075987,0.083450111,0.084145348,0.081364402,0.082396393,0.088642659,0.084818858,0.08793656,0.096583564,0.101786975,0.104904677,0.104904677,0.105263158,0.109760469,0.115289772,0.128108196,0.140894031,0.149584488,0.154777035,0.161012438,0.176231601,0.204627668,0.212590299,0.22610396,0.244093205,0.262462658,0.281494759,0.310216718,0.331019499,0.362880886,0.391972191,0.421041769,0.469165173,0.514181739,0.564727608,0.573287708,0.602140025,0.700439954,0.679702352,0.645429363,0.617033295,0.591418174,0.566487426,0.543631525,0.524577698,0.50933681,0.492379556,0.474357721,0.455673239,0.442159579,0.424854706,0.416196839,0.40095595,0.391961327,0.378447667,0.368421053,0.358025094,0.3500516,0.338623649,0.331008636,0.322014013,0.317842594,0.307131606,0.306088751,0.295008419,0.294660801,0.285655315,0.282537613,0.278040302,0.274933464,0.273890609,0.269382434,0.268708924,0.268002824,0.270414426,0.271815762,0.274585845,0.278040302,0.297072402,0.302981913,0.301243822,0.29950573,0.297094129,0.289120634,0.261050459,0.23753191,0.221606648,0.211547444,0.200477975,0.187996307,0.186269078,0.180728912,0.176242464,0.171386671,0.174145891,0.169996198,0.170332953,0.169300961,0.171386671,0.178990821,0.181087393,0.186975178,0.198392265,0.206713378,0.220205312,0.234055728,0.256574874,0.288773016,0.304361523,0.311270436,0.331367117,0.353516919,0.372570746,0.412720656,0.429362881,0.452566401,0.471935256,0.493411547,0.537711151,0.566824181,0.592102547,0.624268101,0.648199446,0.668263538,0.696648743,0.693216012,0.691825539,0.68765412,0.682483298,0.680397588,0.676237032,0.673477812,0.668969638,0.666547173,0.66377709,0.659975015,0.657204932,0.65408723,0.651664766,0.646124599,0.64679811,0.641257944,0.637803487,0.638498724,0.635739504,0.63158981,0.629493238,0.628102765,0.625343545,0.623627179,0.623236109,0.619097279,0.62016186,0.620476889,0.620150997,0.619129868,0.621172125,0.61878225,0.620824507,0.62154147,0.626744881,0.634718375,0.642626691,0.648916409,0.669664874,0.694182825,0.735332138,0.810233013,0.943001467,1,1,1
z=039.0,0.994090489,1,1,1,1,1,1,1,1,1,0.992700016,0.917201673,0.83271957,0.765205584,0.714670577,0.682124817,0.642311662,0.619781652,0.5862039,0.563695617,0.532887947,0.516267449,0.501037423,0.483710825,0.462940633,0.439063603,0.433871055,0.424843843,0.397859975,0.388506871,0.376394547,0.368768671,0.365987725,0.356993102,0.34520667,0.333441964,0.32200315,0.317516702,0.305751996,0.305741133,0.304013905,0.299516593,0.299853349,0.298810494,0.295692792,0.296051274,0.296398892,0.295356037,0.297430884,0.298473739,0.298473739,0.298473739,0.301243822,0.301939058,0.307479224,0.302981913,0.314735756,0.325805225,0.340709359,0.347976753,0.356982239,0.369105426,0.37569931,0.391961327,0.406832872,0.426581935,0.440095595,0.464320243,0.484384335,0.505534735,0.53183423,0.557471077,0.584476672,0.623246972,0.675541796,0.734745533,0.81022215,0.925131715,0.937667699,0.926587366,0.909608386,0.888153821,0.869110858,0.846254956,0.820650698,0.793981859,0.763858563,0.727489001,0.704969855,0.680386725,0.644364782,0.612177503,0.589332464,0.567171799,0.546043126,0.52907501,0.509347673,0.501721797,0.479571995,0.4684808,0.456705231,0.441127587,0.431774483,0.422432242,0.413437619,0.405833469,0.400619195,0.403378415,0.396111021,0.387105535,0.377774157,0.365998588,0.359763185,0.351789691,0.342436587,0.336212047,0.329639889,0.318211939,0.313703764,0.30643637,0.301939058,0.29674651,0.287741024,0.28393895,0.278735539,0.273532128,0.267655206,0.267655206,0.263842268,0.257954484,0.25727011,0.255173538,0.250339471,0.236108848,0.200119494,0.180750638,0.163771658,0.150257998,0.141947749,0.123263267,0.120840802,0.115995872,0.111150942,0.10629515,0.095551572,0.098669274,0.092444734,0.088990278,0.095214817,0.092792352,0.091412742,0.10074412,0.098006626,0.105610776,0.106631905,0.114605399,0.122589756,0.133289881,0.145076313,0.159643691,0.174873717,0.1966759,0.217424366,0.234750964,0.266612351,0.300559448,0.357666612,0.388496008,0.423464233,0.472630493,0.53112813,0.584422356,0.666188692,0.695627614,0.689761556,0.686632991,0.684547282,0.678333605,0.674509804,0.671728858,0.666199555,0.663440335,0.660322633,0.657194069,0.652349139,0.650263429,0.646819836,0.640932051,0.640584433,0.635044267,0.630199337,0.630546956,0.626049644,0.622225843,0.617717669,0.617022432,0.61461083,0.610461137,0.607701917,0.6059421,0.604225735,0.600771278,0.598674705,0.597642714,0.593156265,0.589321601,0.59349302,0.584161642,0.586540655,0.583129651,0.587931128,0.582760306,0.592091684,0.586584107,0.596599859,0.594177394,0.611123785,0.616262017,0.649426973,0.711031449,0.838129379,1,1
z=039.5,0.988887078,0.984769974,0.979229808,0.976448862,0.970571941,0.968486231,0.965020911,0.894324045,0.786355983,0.724382163,0.679691489,0.638846342,0.59971756,0.576850796,0.547781218,0.519026669,0.496518386,0.470218891,0.454282766,0.433838466,0.408234208,0.39819673,0.385041551,0.363912878,0.34729238,0.335169192,0.324447341,0.318548694,0.306783988,0.289468253,0.276660692,0.262810276,0.260376949,0.256227255,0.248938135,0.239954375,0.236489055,0.225050242,0.212264407,0.207071859,0.19805551,0.1966759,0.191830971,0.189060888,0.192167726,0.189408506,0.188018033,0.188713269,0.18662756,0.188018033,0.191124871,0.189397643,0.190440498,0.191146597,0.194601054,0.201868448,0.209809353,0.213307262,0.227125088,0.233729835,0.247558525,0.254500027,0.258986475,0.270077671,0.277703547,0.302286676,0.312313291,0.323752105,0.341056977,0.363195915,0.382966705,0.397849112,0.433164956,0.454641247,0.480593124,0.513138884,0.547422736,0.596925751,0.644049753,0.708087556,0.798120689,0.919276519,0.931421433,0.925555375,0.923817283,0.924164901,0.92589213,0.921709847,0.908934876,0.899245017,0.885383738,0.876389115,0.868068003,0.851784259,0.828950084,0.800890772,0.772483841,0.749649666,0.732692412,0.708098419,0.681777198,0.653381131,0.631578947,0.615306067,0.599359079,0.568203791,0.547085981,0.529422628,0.508293955,0.482320352,0.451175927,0.433175819,0.416892075,0.395426647,0.376742165,0.361131932,0.333441964,0.323404486,0.30226495,0.286709033,0.272163381,0.262799413,0.247232633,0.236847537,0.235098582,0.224029113,0.214328391,0.210873934,0.206713378,0.202563685,0.200836456,0.199761012,0.20428005,0.200477975,0.201184075,0.202552822,0.211895063,0.213296399,0.22193254,0.223333876,0.2361523,0.252055836,0.262799413,0.276313074,0.291184618,0.274564119,0.288088643,0.313008528,0.336201184,0.355950247,0.375329966,0.383292597,0.412036283,0.434903047,0.449426973,0.466416816,0.495160502,0.524925316,0.565401119,0.621519744,0.67827929,0.71744066,0.782521319,0.811949378,0.810254739,0.807484656,0.803671718,0.798826788,0.797783934,0.794318614,0.790158058,0.785660746,0.781511053,0.77874097,0.775623269,0.772505567,0.770083102,0.767660638,0.764890555,0.761414372,0.761077617,0.759350388,0.756221824,0.755526587,0.752072131,0.750681658,0.749660529,0.749312911,0.748270056,0.748270056,0.748270056,0.748270056,0.748270056,0.749312911,0.751018413,0.754842214,0.755885069,0.759013633,0.761077617,0.765922546,0.769398729,0.774928032,0.785660746,0.793645103,0.806430938,0.816848623,0.83795557,0.862180218,0.897104992,0.867959372,0.784976373,0.687382543,0.623974798,0.552604421,0.489261854,0.384639618,0.283276302,0.111259573,0,0,0,0,0
z=040.0,0.847982185,0.767997393,0.709467166,0.666188692,0.617728532,0.584139916,0.549866927,0.519374287,0.48337407,0.461224268,0.434881321,0.407897453,0.395057303,0.362880886,0.344174678,0.32893379,0.309901689,0.28807778,0.27700831,0.262451795,0.247558525,0.227472707,0.211905926,0.203943295,0.191483352,0.182814622,0.167921351,0.152354571,0.14439194,0.135723209,0.132953126,0.120145565,0.116006735,0.10074412,0.091065124,0.07962631,0.076519472,0.072717397,0.069252078,0.064407148,0.062658193,0.057813264,0.052283961,0.052620716,0.047091413,0.046048558,0.043626093,0.040171637,0.041214491,0.0394764,0.040866873,0.040530118,0.041214491,0.044310467,0.04570094,0.051566998,0.052620716,0.060941828,0.062658193,0.065428277,0.069599696,0.075150725,0.079973929,0.086904568,0.098343382,0.106979523,0.120819076,0.132963989,0.14022052,0.149932106,0.173124762,0.187670414,0.202205203,0.212948781,0.231633263,0.263831405,0.279441638,0.301949921,0.329270545,0.356645484,0.393688556,0.419683885,0.465699853,0.499625224,0.520753897,0.555689533,0.598989734,0.69246646,0.807060996,0.885383738,0.876389115,0.85560806,0.829634458,0.794687958,0.764173592,0.726793765,0.693900386,0.658226061,0.6249742,0.595220249,0.563369725,0.541545815,0.519026669,0.497919722,0.473662484,0.445972516,0.421052632,0.397859975,0.381576232,0.357688338,0.342099832,0.32822769,0.306447233,0.299494867,0.284275705,0.274585845,0.261419803,0.251034708,0.236836674,0.224713487,0.218478084,0.211569171,0.199445983,0.194590191,0.188713269,0.18107653,0.174167617,0.170007061,0.166541741,0.167226115,0.165151268,0.163065559,0.163771658,0.161349193,0.165162131,0.167573733,0.173809136,0.174515235,0.188702406,0.203943295,0.208440606,0.207408614,0.209494324,0.224376731,0.21917332,0.228167943,0.234750964,0.243419695,0.255532019,0.262104177,0.274227364,0.284623323,0.298462875,0.307131606,0.333778719,0.355591766,0.380174895,0.407897453,0.444582043,0.482657107,0.506229971,0.53289881,0.569583401,0.609407419,0.657541687,0.696670469,0.744446255,0.802618,0.856629189,0.880549671,0.916549889,0.971603932,1,1,1,1,1,1,0.995480962,0.874270816,0.74824833,0.649579056,0.576850796,0.506229971,0.424811254,0.333420238,0.242289935,0.08790397,0,0,0,0,0,0,0,0,0,0,0,0,0,0,0,0,0,0,0,0,0,0,0,0,0,0,0,0,0,0,0,0,0,0,0
z=040.5,0.994090489,1,1,0.996871436,0.932420835,0.826505893,0.761425235,0.71676715,0.682472435,0.639541578,0.615273478,0.584150779,0.565792189,0.531855956,0.514529357,0.501374178,0.464656999,0.442865678,0.420357395,0.403389278,0.378806148,0.361142795,0.359057085,0.338286894,0.318918038,0.301939058,0.291890718,0.284264842,0.2756287,0.25864972,0.232676118,0.211905926,0.197360274,0.186269078,0.178675792,0.166900223,0.163434903,0.149921243,0.137798056,0.125348976,0.117038727,0.119797947,0.108033241,0.111835316,0.106990386,0.107001249,0.109412851,0.105263158,0.107348868,0.107338004,0.109760469,0.113225789,0.118081582,0.122220412,0.12327413,0.133300744,0.151648471,0.168616588,0.189039161,0.20152083,0.208429743,0.215023627,0.225756341,0.229916898,0.236836674,0.251382326,0.272152518,0.292238336,0.301928195,0.312324154,0.342784205,0.366313617,0.393699419,0.415849221,0.445961653,0.455684102,0.491336701,0.518331432,0.55401662,0.583433817,0.635717777,0.685242518,0.74272989,0.819988051,0.934854163,0.905111075,0.837597089,0.766248438,0.725392428,0.678659497,0.642996035,0.609048938,0.582401825,0.554005757,0.527684536,0.504839498,0.48061485,0.458769214,0.441822823,0.423127478,0.404073652,0.385041551,0.368073434,0.350073326,0.336896421,0.324099723,0.305393515,0.290163489,0.277681821,0.265917115,0.250687089,0.239954375,0.22748357,0.219868557,0.208092988,0.194264299,0.186269078,0.178664929,0.170702298,0.161001575,0.151311716,0.146803541,0.135375591,0.124316984,0.122915648,0.11634349,0.108706751,0.102482212,0.099027755,0.090728369,0.087252186,0.084145348,0.081027647,0.074097007,0.072706534,0.069958177,0.070294932,0.067513986,0.067524849,0.066829613,0.066481994,0.072022161,0.068926185,0.075128999,0.073749389,0.078594319,0.081375265,0.084145348,0.091412742,0.099027755,0.104198577,0.109760469,0.12603335,0.124642877,0.139536147,0.154418554,0.166204986,0.181760904,0.199413394,0.216392374,0.230948889,0.252403454,0.281842377,0.309901689,0.340687632,0.370821791,0.40512737,0.452186193,0.51068383,0.586866547,0.666558036,0.753462604,0.802639726,0.823366466,0.741339417,0.669914725,0.614936723,0.543979143,0.470903264,0.375004074,0.299125523,0.18234751,0.023529412,0,0,0,0,0,0,0,0,0,0,0,0,0,0,0,0,0,0,0,0,0,0,0,0,0,0,0,0,0,0,0,0,0,0,0,0,0,0,0,0
z=041.0,0.994090489,1,1,1,0.989940796,0.969865841,0.957753517,0.948052795,0.939753408,0.938015317,0.930400304,0.925207756,0.91966759,0.916897507,0.911704959,0.906512411,0.875661289,0.796350008,0.72988974,0.690076585,0.655455977,0.629829993,0.591070556,0.574102439,0.551930911,0.527011026,0.515583075,0.5072511,0.487871381,0.417598175,0.356993102,0.306045299,0.262799413,0.230601271,0.210515453,0.163434903,0.148541633,0.138145674,0.12670686,0.112519689,0.099722992,0.095193091,0.080669165,0.075107273,0.068209223,0.067861604,0.067177231,0.071696269,0.079973929,0.085492369,0.104546195,0.118755092,0.132594645,0.145782413,0.162739667,0.194568465,0.226440715,0.26349465,0.356634621,0.42897181,0.444940525,0.451860301,0.472956385,0.497897996,0.513519092,0.528390636,0.561631633,0.590364456,0.629134756,0.670696866,0.720916843,0.817804573,0.891608278,0.895432079,0.89854978,0.903383847,0.906164793,0.914811797,0.91966759,0.92589213,0.935592852,0.945282711,0.953256206,0.974015534,0.99791429,0.988561186,0.973331161,0.960871218,0.940090163,0.915148552,0.896116452,0.856640052,0.824431047,0.793960133,0.769029385,0.730932595,0.701178643,0.671750584,0.649242301,0.628787138,0.609407419,0.586214763,0.561273152,0.525968171,0.506588453,0.491325838,0.47124002,0.452186193,0.434881321,0.417924067,0.405116506,0.393351801,0.380880995,0.363228505,0.353180164,0.344522296,0.330671881,0.321655532,0.311628917,0.301243822,0.293270328,0.281158003,0.275617837,0.272510999,0.263157895,0.257943621,0.252425181,0.244451686,0.240280267,0.240638749,0.235793819,0.233718972,0.235109445,0.226788333,0.228537287,0.23024279,0.223692358,0.21987942,0.224365868,0.231654989,0.232339362,0.229916898,0.243061213,0.248275487,0.251023844,0.256227255,0.26558036,0.280115149,0.284275705,0.298104394,0.314388138,0.329629026,0.356623758,0.385704199,0.402694042,0.413437619,0.433860192,0.453239911,0.476791049,0.496876867,0.536679159,0.577904514,0.602129162,0.620466026,0.644723263,0.672760849,0.711867905,0.752061268,0.821302482,0.871544186,0.944587475,0.996523817,1,1,1,1,1,1,1,0.998261909,0.902579979,0.761045027,0.66239748,0.590712074,0.51209603,0.438009885,0.34312096,0.251675629,0.105904079,0.001390473,0,0,0,0,0,0,0,0,0,0,0,0,0,0,0,0,0,0,0,0,0,0,0,0,0,0,0,0,0,0,0,0,0
z=041.5,0.96812775,0.905382652,0.810928249,0.735104014,0.677605779,0.633990549,0.594155668,0.55886155,0.529759383,0.49826734,0.476095812,0.444582043,0.420009777,0.401292705,0.37845853,0.358383575,0.344859052,0.326858943,0.303655423,0.288773016,0.280788659,0.264863397,0.242029222,0.232676118,0.222301885,0.213285536,0.202563685,0.180728912,0.171397534,0.163098148,0.159274347,0.148878388,0.14092662,0.132605508,0.126370105,0.114605399,0.101797838,0.099722992,0.096942046,0.092455597,0.093139971,0.085861713,0.083450111,0.08517734,0.08033241,0.076508609,0.073043289,0.072695671,0.072358916,0.070273206,0.072369779,0.073043289,0.074422899,0.076856227,0.078594319,0.079289555,0.085524958,0.087947423,0.088295041,0.095214817,0.102134593,0.102145457,0.113225789,0.127065341,0.141263375,0.147487915,0.157547119,0.15928521,0.173819999,0.196317419,0.208429743,0.221606648,0.236499919,0.263831405,0.28323285,0.300222693,0.32546847,0.351800554,0.38397697,0.414100266,0.441464342,0.476432567,0.529422628,0.574775949,0.639183097,0.722263864,0.828939221,0.952191625,0.98510673,0.990983651,0.980250937,0.967801858,0.957395036,0.932486014,0.917234262,0.900624627,0.883287165,0.847634566,0.799500299,0.756906197,0.709478029,0.655108359,0.62221498,0.5862039,0.560588778,0.533224703,0.512454511,0.486470045,0.46363587,0.427266308,0.405116506,0.385041551,0.361838032,0.342099832,0.323741242,0.306783988,0.287393406,0.268687198,0.248253761,0.229580142,0.214665146,0.202216066,0.189050024,0.178664929,0.171397534,0.161001575,0.154766172,0.146119168,0.142990603,0.139188529,0.140209657,0.134680354,0.13608169,0.137102819,0.145402205,0.143696703,0.151300853,0.159611102,0.167921351,0.18662756,0.187648688,0.208766498,0.232317636,0.251056434,0.292227473,0.332377383,0.345565151,0.367389061,0.384335452,0.415490739,0.447004508,0.4875129,0.531464885,0.560577915,0.588973983,0.622225843,0.662364891,0.694573896,0.734050296,0.755906795,0.774580414,0.796045842,0.828243985,0.870121123,0.918983217,0.943903101,0.95705828,0.975753626,0.998261909,1,1,1,1,1,1,1,1,1,1,1,1,1,1,1,1,1,1,1,1,1,1,1,1,1,1,1,1,1,1,1,0.97640541,0.906816577,0.869469339,0.839650209,0.812677204,0.790473087,0.770072239,0.751724513,0.734082885,0.714659714,0.7046331,0.686285373,0.672424094,0.661354625,0.648471023,0.637781761,0.625310955,0.629829993,0.61630547,0.626788333,0.675900277,0.773602737,1
z=042.0,0.97254902,0.876019771,0.796415187,0.752756504,0.703948726,0.680375862,0.643006898,0.597653577,0.555048612,0.531160719,0.492368693,0.464331106,0.443875944,0.409972299,0.398544348,0.380196622,0.354559774,0.337591657,0.320960295,0.307120743,0.291879854,0.274227364,0.26073543,0.251382326,0.241692466,0.221943403,0.207767096,0.190788116,0.189408506,0.183857477,0.176926837,0.159947857,0.149932106,0.139536147,0.126391831,0.124316984,0.120145565,0.120840802,0.115985009,0.115626528,0.105969258,0.102482212,0.094193689,0.091749498,0.087947423,0.08309163,0.081690294,0.076160991,0.0789528,0.073401771,0.077540601,0.08238553,0.081016783,0.083786867,0.08655695,0.090011406,0.103155722,0.101786975,0.109043507,0.11496388,0.120145565,0.123610885,0.128466678,0.137102819,0.150279724,0.1571995,0.175883982,0.186638423,0.191820108,0.207408614,0.218847428,0.245472815,0.264885123,0.278377057,0.301906469,0.325446744,0.34867199,0.380522514,0.409624681,0.441464342,0.482678833,0.511379067,0.502036826,0.48956602,0.506219108,0.526641682,0.572396937,0.660963554,0.690098311,0.649220575,0.612525121,0.584487535,0.560577915,0.533930802,0.513497366,0.488219,0.46501548,0.449448699,0.426929553,0.410298191,0.389528,0.374982348,0.360795177,0.34796589,0.331356254,0.316462984,0.30505676,0.289468253,0.276997447,0.262810276,0.255868774,0.244440823,0.233382217,0.226440715,0.212948781,0.200488838,0.193894954,0.189397643,0.179349302,0.172418663,0.15928521,0.155472272,0.145076313,0.144381077,0.135723209,0.130183043,0.124306121,0.120840802,0.115648254,0.113225789,0.108022378,0.106306013,0.102482212,0.103188311,0.098343382,0.101428494,0.093476726,0.096952909,0.097300527,0.097974037,0.097995763,0.099722992,0.102482212,0.103177448,0.113910162,0.115648254,0.119776221,0.126717723,0.136766064,0.138504155,0.148204878,0.159621965,0.172755418,0.18592146,0.190418771,0.208809951,0.229221661,0.243061213,0.261789148,0.285677041,0.315778611,0.346933898,0.375351692,0.417924067,0.473325729,0.518689914,0.559187442,0.610070067,0.675194177,0.727467275,0.769735484,0.799120091,0.747172886,0.709478029,0.697354842,0.711552876,0.716408669,0.697713324,0.675552659,0.64403889,0.619097279,0.59242844,0.561251426,0.537385259,0.50102656,0.473336592,0.44736299,0.42069415,0.389202107,0.353864538,0.319233067,0.280093422,0.228146217,0.160273749,0.056726957,0.000347618,0,0,0,0,0,0,0,0,0,0,0,0,0,0,0,0,0,0,0,0,0,0,0,0,0,0,0
z=042.5,0.994090489,1,1,1,1,1,1,1,1,1,1,0.991668025,0.955320189,0.86388572,0.779762099,0.721253598,0.669664874,0.633990549,0.59833795,0.577546032,0.540513823,0.523882462,0.503459888,0.47439031,0.456357612,0.443213296,0.42277986,0.404095378,0.381565369,0.37707892,0.371864646,0.350062463,0.341046114,0.320971159,0.314399001,0.308869697,0.303666286,0.301243822,0.293617946,0.290152626,0.28185324,0.275617837,0.274574982,0.267644343,0.268328717,0.261061322,0.257259247,0.256922492,0.262473521,0.264189886,0.272836891,0.271468144,0.277355929,0.285655315,0.292922709,0.300190104,0.302623432,0.30505676,0.311303025,0.320982022,0.33898213,0.356634621,0.372907501,0.383651078,0.401998805,0.418619304,0.443202433,0.470903264,0.498234751,0.530107001,0.558492206,0.60109717,0.648199446,0.706349465,0.774232796,0.908869697,0.968812123,0.996176199,0.992374124,0.974699908,0.966063766,0.949084786,0.923480528,0.893009614,0.867731248,0.848003911,0.827548748,0.791896149,0.766281028,0.744772147,0.694248004,0.659616534,0.617022432,0.591059693,0.559871816,0.5315192,0.508652436,0.488914236,0.464678725,0.445299006,0.4290044,0.412036283,0.3940579,0.38121775,0.364955733,0.34729238,0.336548802,0.32684808,0.308500353,0.297083265,0.283569605,0.274574982,0.26420075,0.252403454,0.239259139,0.231654989,0.222649503,0.213622291,0.206354897,0.199087502,0.194937809,0.184205095,0.183151377,0.169333551,0.164466895,0.158600836,0.153386562,0.147857259,0.144402803,0.142653848,0.137113682,0.133637499,0.134006844,0.133289881,0.131573516,0.130889142,0.127749715,0.130889142,0.129151051,0.130519798,0.130889142,0.134332736,0.133300744,0.136755201,0.14715116,0.149942969,0.154418554,0.16342404,0.168985932,0.174504372,0.186975178,0.199771876,0.211221552,0.229569279,0.236489055,0.258312965,0.26833958,0.284243116,0.311976536,0.333441964,0.36009994,0.397838249,0.432480582,0.468459073,0.512432785,0.581684862,0.64290913,0.641909728,0.641920591,0.627755146,0.61945576,0.616685677,0.627744283,0.653685297,0.635381022,0.604888382,0.580663734,0.550225409,0.52490359,0.486155016,0.462245397,0.436260931,0.409961436,0.378806148,0.340003259,0.304687415,0.265873662,0.213242084,0.143653251,0.033936234,0,0,0,0,0,0,0,0,0,0,0,0,0,0,0,0,0,0,0,0,0,0,0,0,0,0,0,0,0,0,0,0,0
z=043.0,0.967769268,0.950138504,0.93456086,0.921058063,0.909608386,0.894019879,0.808484058,0.723328445,0.673466949,0.634685786,0.59380805,0.559220032,0.537037641,0.505534735,0.479561132,0.447352126,0.436282657,0.422084623,0.392645701,0.370506762,0.365640106,0.350399218,0.328597034,0.307131606,0.302286676,0.293281191,0.278377057,0.265243604,0.247917006,0.238227147,0.234066591,0.229210798,0.219857694,0.205333768,0.192515344,0.180044539,0.176579219,0.170354679,0.167932214,0.164119277,0.164466895,0.158589973,0.155450546,0.152343708,0.146803541,0.148183151,0.146119168,0.144381077,0.144728695,0.140915757,0.146803541,0.147162023,0.153038944,0.150964098,0.158915866,0.159611102,0.164814513,0.166204986,0.169322688,0.169670306,0.179707783,0.18800717,0.209135843,0.216055619,0.22748357,0.238574765,0.244788442,0.265917115,0.28114714,0.293628809,0.31648471,0.335864429,0.355276737,0.376731302,0.407864863,0.429699636,0.462571289,0.493759166,0.529433491,0.581011352,0.641236217,0.711520287,0.83063386,0.884351746,0.889544294,0.907892021,0.925207756,0.957405899,0.987507468,0.975764489,0.968138613,0.959828363,0.953603824,0.949095649,0.933159524,0.913084569,0.904079083,0.889891912,0.884688501,0.873249688,0.856640052,0.840367172,0.827222856,0.814404432,0.786334257,0.745130628,0.695627614,0.633295313,0.589321601,0.551583293,0.523198088,0.499310195,0.470544783,0.413415893,0.368051708,0.328944653,0.292922709,0.267991961,0.24446255,0.220205312,0.206702515,0.184552713,0.169670306,0.156841019,0.14439194,0.133300744,0.120145565,0.115648254,0.103199174,0.103525067,0.09660529,0.097974037,0.100418228,0.102493075,0.110108088,0.114594536,0.125001358,0.135049699,0.145087176,0.169290098,0.190755527,0.213980772,0.233697246,0.256900766,0.280810385,0.312302428,0.349356363,0.389180381,0.446320135,0.51209603,0.59862039,0.673803704,0.700831025,0.736483624,0.771104231,0.826853511,0.910987996,0.957047417,0.970908696,0.993080224,1,1,1,1,1,1,1,1,1,1,1,1,0.999304763,0.951496388,0.871837488,0.819260225,0.786692738,0.745836728,0.720916843,0.685242518,0.66169138,0.633306176,0.607017544,0.584487535,0.548834936,0.523534843,0.486480908,0.461897779,0.43629352,0.410667536,0.379849003,0.342458313,0.298810494,0.257248384,0.19490522,0.120819076,0.014599967,0,0,0,0,0,0,0,0,0,0,0,0,0,0,0,0,0,0,0,0,0,0,0,0,0,0
z=043.5,0.868741513,0.811612623,0.744076911,0.684514692,0.637097387,0.602487643,0.561631633,0.530813101,0.498278203,0.471250883,0.44941611,0.420009777,0.405811743,0.373265982,0.354570637,0.34312096,0.320634403,0.295714518,0.28669817,0.273879746,0.256216392,0.234740101,0.220216175,0.214328391,0.202889577,0.191809244,0.171397534,0.159621965,0.152702189,0.145434794,0.145760687,0.129498669,0.122915648,0.105599913,0.09660529,0.088284178,0.085524958,0.083786867,0.078941937,0.07548748,0.068904459,0.063690185,0.059898973,0.0592146,0.055043181,0.054022052,0.048134268,0.047775786,0.04294172,0.047428168,0.043973711,0.050893488,0.049177122,0.054011189,0.056802998,0.061984683,0.061615339,0.071663679,0.072011298,0.078931074,0.079289555,0.084492966,0.089685514,0.093824344,0.105610776,0.117364619,0.130878279,0.147498778,0.152702189,0.158926729,0.184900331,0.201173212,0.213980772,0.222291022,0.244766716,0.278029439,0.29812612,0.318559557,0.338971267,0.370843517,0.407191353,0.439737114,0.482657107,0.532540329,0.576514041,0.637770898,0.704578784,0.755493998,0.826136549,0.876693281,0.838987562,0.785649883,0.742360545,0.680397588,0.652001521,0.619434034,0.583770572,0.560252023,0.536342404,0.511759274,0.489261854,0.46363587,0.450817446,0.42624518,0.404095378,0.390581717,0.374308837,0.35942643,0.346249525,0.329987507,0.317516702,0.302634295,0.291901581,0.276986584,0.26558036,0.255173538,0.248948998,0.237890392,0.22610396,0.218130465,0.20636576,0.200477975,0.191472489,0.184194232,0.173461518,0.170354679,0.160653957,0.152691326,0.151311716,0.143349085,0.141621856,0.138504155,0.134680354,0.131562653,0.125685731,0.121514312,0.126717723,0.120493183,0.115995872,0.118776818,0.120156428,0.118059856,0.123600022,0.125348976,0.128455814,0.128455814,0.132616371,0.14160013,0.146119168,0.151648471,0.15652599,0.16066482,0.178306447,0.186279941,0.199065776,0.206354897,0.226788333,0.239595894,0.261419803,0.284253979,0.298810494,0.327184835,0.35143121,0.381554505,0.414806366,0.455303894,0.504165988,0.56784531,0.655108359,0.747205475,0.792232904,0.833425669,0.905458693,0.94216501,0.96536853,0.996871436,1,1,1,1,1,1,1,1,1,1,1,1,1,1,1,1,1,1,0.98231492,0.908587258,0.850057031,0.807137038,0.768008256,0.738916952,0.699125523,0.669675737,0.643343653,0.61740264,0.592439303,0.566845907,0.534973657,0.501395905,0.469523654,0.436945304,0.385041551,0.335538537,0.271859215,0.204671121,0.052968334,0.001390473,0,0,0,0,0,0,0
z=044.0,0.994090489,1,1,1,0.998261909,0.949747434,0.853174732,0.810233013,0.772147086,0.74202379,0.709478029,0.693541904,0.666199555,0.646450492,0.621878225,0.603530498,0.595567867,0.57859975,0.555048612,0.524925316,0.498929988,0.46501548,0.440790832,0.427961545,0.413068274,0.382238879,0.337233176,0.313367009,0.296051274,0.284960078,0.263157895,0.244821031,0.227820325,0.212937918,0.199771876,0.187670414,0.182130248,0.174493509,0.168616588,0.158231492,0.154429417,0.147835533,0.138862636,0.135744935,0.130161317,0.131910271,0.132953126,0.132279615,0.133311607,0.132257889,0.135397317,0.14368584,0.148541633,0.150616479,0.155809027,0.164108413,0.174504372,0.185932323,0.189745261,0.198739884,0.220574656,0.232676118,0.26140894,0.303307805,0.329629026,0.34796589,0.358372712,0.387800771,0.413437619,0.458421596,0.484764543,0.496540112,0.52423008,0.538428114,0.556439085,0.585171908,0.617728532,0.644723263,0.671728858,0.705665092,0.751387757,0.804008473,0.890934767,0.975373418,0.951528977,0.926913258,0.892629406,0.823399055,0.776992016,0.723306719,0.678626908,0.638813753,0.604225735,0.571658248,0.547444463,0.520775623,0.498604095,0.475411439,0.455325621,0.426940416,0.406148498,0.389886481,0.371527891,0.355602629,0.339329749,0.322014013,0.309206453,0.292933572,0.281516485,0.268687198,0.253457172,0.242702732,0.226451578,0.219162457,0.203226332,0.191135734,0.185606431,0.175177883,0.163771658,0.153038944,0.148183151,0.136755201,0.125696594,0.11910271,0.114953017,0.109760469,0.101102602,0.096246809,0.088284178,0.082059638,0.076182717,0.072369779,0.070642551,0.064743903,0.063701048,0.061984683,0.057813264,0.051947205,0.051947205,0.053674434,0.048471023,0.049503015,0.051925479,0.05436967,0.051936342,0.052979197,0.058171745,0.058182608,0.067166368,0.066829613,0.073401771,0.083786867,0.095910054,0.098658411,0.10629515,0.119776221,0.128097333,0.139536147,0.156167509,0.174167617,0.185237087,0.207767096,0.226451578,0.252751073,0.277670958,0.300537722,0.337917549,0.372896638,0.417207104,0.466384227,0.523491391,0.608006083,0.638031612,0.620107544,0.654054641,0.685535821,0.704937266,0.674868285,0.643702135,0.618065287,0.587931128,0.552984629,0.519048395,0.490652327,0.454967139,0.421758731,0.385693336,0.339308022,0.297420021,0.248242898,0.192102547,0.077518875,0.003476183,0,0,0,0,0,0,0,0,0,0,0,0,0,0,0,0,0,0,0,0,0,0,0,0,0,0,0,0,0,0
z=044.5,0.994090489,1,0.999652382,0.988908805,0.957753517,0.938710553,0.922774428,0.911357341,0.90477432,0.894389224,0.888501439,0.880538808,0.874998642,0.868068003,0.817152789,0.76038238,0.719515507,0.691119439,0.663418608,0.633317039,0.621530607,0.59971756,0.575134431,0.566813318,0.556058878,0.532192711,0.507631307,0.493063929,0.476106675,0.460865787,0.441822823,0.43629352,0.42277986,0.411699527,0.404779751,0.399923959,0.386073543,0.355233284,0.32200315,0.283243713,0.247243496,0.233034599,0.22055293,0.213622291,0.206007278,0.200803867,0.197023519,0.196317419,0.207050133,0.228178806,0.256227255,0.285307696,0.284275705,0.284275705,0.284623323,0.287034925,0.296040411,0.300537722,0.306425506,0.315778611,0.322361632,0.326163706,0.336896421,0.352495791,0.357329857,0.376720439,0.39020151,0.408929444,0.425213188,0.45465211,0.48613329,0.510042909,0.544294172,0.594514149,0.681081962,0.69702895,0.708782793,0.716756287,0.727141383,0.730606703,0.743414263,0.75553745,0.778045734,0.789473684,0.824431047,0.862875455,0.867731248,0.868078866,0.871185704,0.877073489,0.878116343,0.875693879,0.860800608,0.837238607,0.803302374,0.777676389,0.744446255,0.721937972,0.697354842,0.668611156,0.652685894,0.630188474,0.607332573,0.590375319,0.578925642,0.559893542,0.539134213,0.519048395,0.501721797,0.48199446,0.464331106,0.446678616,0.435598284,0.42140025,0.409961436,0.397501494,0.385041551,0.371875509,0.359067949,0.353180164,0.342099832,0.334821574,0.323046005,0.318559557,0.310596926,0.305382652,0.300537722,0.292238336,0.287404269,0.28531856,0.279430775,0.274574982,0.273868883,0.26695997,0.26625387,0.269382434,0.262799413,0.26558036,0.266612351,0.26971919,0.272847754,0.275270219,0.276313074,0.282548476,0.292922709,0.298462875,0.298115257,0.311628917,0.324436478,0.333083483,0.347629135,0.359057085,0.375666721,0.395415784,0.408570963,0.433512574,0.456705231,0.482678833,0.516256586,0.553288795,0.600401934,0.673097605,0.765194721,0.808147303,0.84347401,0.873608169,0.897496062,0.933159524,0.901276411,0.846906741,0.802618,0.758644289,0.719841399,0.676237032,0.646102873,0.61807615,0.585171908,0.553321384,0.523882462,0.488555755,0.455673239,0.417207104,0.386377709,0.340698495,0.298799631,0.253783064,0.196632448,0.093770029,0.005561892,0,0,0,0,0,0,0,0,0,0,0,0,0,0,0,0,0,0,0,0,0,0,0,0,0,0,0,0,0,0,0,0,0,0
z=045.0,0.955982836,0.866655804,0.795002987,0.753440878,0.709467166,0.679702352,0.643343653,0.615295204,0.590364456,0.573396339,0.546053989,0.52285047,0.507609581,0.486502634,0.473336592,0.459138558,0.439411222,0.426929553,0.412742382,0.398533485,0.378795285,0.354223019,0.339318885,0.323404486,0.311281299,0.292227473,0.275606974,0.255879637,0.229232524,0.219520939,0.210863071,0.188018033,0.173819999,0.16133833,0.151300853,0.141274238,0.128108196,0.127076204,0.116691109,0.111487698,0.101808701,0.096257672,0.083450111,0.083428385,0.075465754,0.068220086,0.068209223,0.059192874,0.057139753,0.052968334,0.055390799,0.052631579,0.050219977,0.049166259,0.049861496,0.048134268,0.060920102,0.054347944,0.059551355,0.063005812,0.071316061,0.069599696,0.076171854,0.078931074,0.08793656,0.091412742,0.106284287,0.111487698,0.117733963,0.131225898,0.139188529,0.155113791,0.173472381,0.187311933,0.207060996,0.21987942,0.235457064,0.258302102,0.282874369,0.312986801,0.335875292,0.360436695,0.398185867,0.439737114,0.487849655,0.542545218,0.594133942,0.703155722,0.764836239,0.760023899,0.747227201,0.738221715,0.728520993,0.69455217,0.635381022,0.60318288,0.575134431,0.551594156,0.535668894,0.522481125,0.507598718,0.49826734,0.488208136,0.475052957,0.469165173,0.462245397,0.456346749,0.459475314,0.458432459,0.468459073,0.469501928,0.467427082,0.464320243,0.470881538,0.473314866,0.461224268,0.434207811,0.409624681,0.394394655,0.38054424,0.370159144,0.354223019,0.339318885,0.315094237,0.302634295,0.290152626,0.276313074,0.270425289,0.261767422,0.258302102,0.251382326,0.247558525,0.242029222,0.239259139,0.240986367,0.24375645,0.240312856,0.247210907,0.255868774,0.262451795,0.264537505,0.260387812,0.270762044,0.272163381,0.282885232,0.282537613,0.295703655,0.304003042,0.312324154,0.325805225,0.342784205,0.359752322,0.380891858,0.406496116,0.443550052,0.480940742,0.511759274,0.525968171,0.540155342,0.557123459,0.582075933,0.612525121,0.625343545,0.63781435,0.653728749,0.668958775,0.690782684,0.709130411,0.740274836,0.792917278,0.826516756,0.827559611,0.829645321,0.833099777,0.83586986,0.838292325,0.804301776,0.716756287,0.664439737,0.624289827,0.591754929,0.557449351,0.528738254,0.510021183,0.489294444,0.467448808,0.452555537,0.442887404,0.438009885,0.433154093,0.406822009,0.356634621,0.315767748,0.272152518,0.2164141,0.127402097,0.020455163,0,0,0,0,0,0,0,0,0,0,0,0,0,0,0,0,0,0,0,0,0,0,0,0,0,0
z=045.5,0.993742871,0.941860844,0.88362392,0.845907338,0.809896258,0.790179784,0.765574928,0.7441095,0.708424312,0.668632883,0.635381022,0.60042366,0.587235892,0.555732986,0.537048504,0.52285047,0.507609581,0.486839389,0.470914127,0.463277389,0.446667753,0.427635653,0.416207702,0.409277063,0.396458639,0.384704796,0.372570746,0.34520667,0.317505839,0.293628809,0.281168866,0.265927978,0.250687089,0.236141437,0.220911412,0.212242681,0.197012655,0.18524795,0.184194232,0.173472381,0.165498887,0.15857911,0.152343708,0.152691326,0.145076313,0.1374613,0.13608169,0.130183043,0.127423823,0.12256803,0.122915648,0.120504046,0.120493183,0.11980881,0.120504046,0.115289772,0.126380968,0.132247026,0.133300744,0.136070827,0.135744935,0.14092662,0.144370213,0.150964098,0.166520015,0.172766281,0.186975178,0.189745261,0.202216066,0.211916789,0.226810059,0.242365977,0.256574874,0.279430775,0.306414643,0.32755418,0.339297159,0.358003368,0.376014339,0.418619304,0.447688882,0.422790723,0.433523437,0.440410624,0.46501548,0.491999348,0.533202976,0.575786215,0.548813209,0.527695399,0.502753788,0.482678833,0.46501548,0.448394981,0.433523437,0.420357395,0.408570963,0.396100158,0.388843626,0.380185759,0.379827277,0.370126555,0.375329966,0.377752431,0.365987725,0.356287002,0.354212156,0.338634512,0.318201075,0.294302319,0.280104285,0.269045679,0.26420075,0.259323231,0.247569388,0.233729835,0.223681495,0.208103851,0.192178589,0.183846613,0.176590082,0.16550975,0.152691326,0.147846396,0.134006844,0.131921134,0.117733963,0.110803324,0.10696866,0.099016892,0.096257672,0.087263049,0.083439248,0.079973929,0.075465754,0.072706534,0.067503123,0.067166368,0.065428277,0.059898973,0.056781272,0.053663571,0.056781272,0.059562218,0.060246592,0.062669057,0.066807887,0.067850741,0.073043289,0.078920211,0.088620933,0.087925697,0.097974037,0.11043398,0.115637391,0.12946608,0.139199392,0.148194014,0.173103036,0.187344522,0.207050133,0.237184292,0.257943621,0.290837,0.337906686,0.385725925,0.434196947,0.477801314,0.517972951,0.557796969,0.577893651,0.593482157,0.616327196,0.641605562,0.674520667,0.731280213,0.778382489,0.785313128,0.786703601,0.787746456,0.789810439,0.792939004,0.79639346,0.79985878,0.804356091,0.806800282,0.81337244,0.820628972,0.826516756,0.808158166,0.743740155,0.704274618,0.677258161,0.665471729,0.650274293,0.65893216,0.672065613,0.686937157,0.663766227,0.644017164,0.618793113,0.593449568,0.572711966,0.545706371,0.524197491,0.495464668,0.468078866,0.442528923,0.40304166,0.376351094,0.325816088,0.262484384,0.184552713,0.051273695,0,0,0,0,0,0,0,0,0
z=046.0,0.994090489,1,1,1,1,1,1,1,1,0.993764597,0.952560969,0.926924121,0.896811689,0.878453099,0.8618326,0.808853403,0.744413666,0.692499049,0.666547173,0.630166748,0.591754929,0.574450057,0.552984629,0.527706263,0.512106893,0.498256477,0.476432567,0.454988865,0.436977894,0.424137744,0.404758025,0.387464016,0.373591874,0.333094346,0.299158112,0.28252675,0.256564011,0.233718972,0.227157677,0.211188963,0.203932432,0.193536473,0.178284721,0.169985335,0.162728803,0.154755309,0.144033458,0.150953234,0.151300853,0.154766172,0.165498887,0.16550975,0.185606431,0.209483461,0.231285644,0.273521264,0.292249199,0.298462875,0.307120743,0.318201075,0.336907284,0.361121069,0.380533377,0.390234099,0.40788659,0.434881321,0.448047363,0.470577372,0.49235783,0.530465483,0.568551409,0.6059421,0.671381239,0.760360654,0.783575037,0.809211884,0.832752159,0.8625387,0.908576395,0.937309217,0.923111184,0.898180436,0.878442236,0.859062517,0.841040682,0.814393569,0.797783934,0.779088588,0.766617783,0.754842214,0.744457118,0.734072022,0.719482918,0.674173049,0.644386508,0.618065287,0.601444788,0.597284232,0.586899136,0.567867036,0.556775841,0.543979143,0.528390636,0.511053175,0.499972842,0.489240128,0.47852914,0.464678725,0.458095704,0.442854815,0.434892184,0.426581935,0.407875726,0.376361958,0.351105317,0.333778719,0.318548694,0.304003042,0.291879854,0.275965455,0.267655206,0.253120417,0.240312856,0.231991744,0.225756341,0.216403237,0.208429743,0.202552822,0.189734398,0.188018033,0.178664929,0.176590082,0.172418663,0.168964206,0.162370322,0.161360056,0.153397425,0.157883874,0.156515127,0.150964098,0.154766172,0.150953234,0.156851882,0.156851882,0.162392048,0.161707675,0.167584596,0.175188746,0.176231601,0.182477866,0.194253435,0.203943295,0.213959046,0.226788333,0.239606757,0.253804791,0.274227364,0.292922709,0.305404378,0.335180055,0.368746945,0.418597578,0.458454185,0.486491771,0.530117864,0.585856282,0.636738906,0.672087339,0.698050079,0.689022867,0.666166965,0.626017055,0.594514149,0.566454837,0.540839715,0.511074901,0.488903373,0.462267123,0.437662267,0.415469013,0.397838249,0.371180273,0.356634621,0.328249416,0.305762859,0.287045788,0.266275596,0.244799305,0.227787736,0.198370539,0.172722829,0.136059964,0.099701266,0.024941611,0,0,0,0,0,0,0,0,0,0,0,0,0,0,0,0,0,0,0,0,0,0,0,0,0,0,0,0,0
z=046.5,0.944891641,0.912715225,0.888142958,0.862527837,0.826505893,0.745510836,0.670696866,0.634327304,0.591407311,0.558503069,0.533583184,0.502417033,0.476791049,0.449090218,0.421063495,0.408570963,0.391591983,0.367714953,0.349725707,0.333441964,0.320634403,0.299842485,0.28531856,0.272163381,0.263853131,0.253804791,0.231654989,0.221595785,0.214328391,0.205670523,0.194590191,0.185237087,0.175547227,0.165172994,0.159274347,0.147857259,0.145076313,0.137808919,0.135375591,0.130193906,0.122220412,0.122231275,0.114942154,0.113921025,0.108022378,0.108033241,0.108717614,0.10420944,0.106642768,0.100765847,0.104557058,0.10491554,0.108380859,0.107001249,0.113214926,0.116321764,0.120840802,0.127402097,0.133289881,0.14230623,0.147509641,0.148552496,0.159274347,0.162392048,0.176590082,0.187996307,0.204638531,0.212601162,0.223681495,0.236836674,0.260713704,0.275954592,0.294660801,0.320971159,0.337950139,0.363206779,0.386432024,0.422421379,0.449079355,0.48542719,0.532877084,0.584813427,0.653359405,0.749942969,0.805735701,0.837944707,0.870153712,0.91899408,0.981945576,1,1,1,1,1,1,0.997566672,0.985801966,0.973342024,0.965031774,0.953582098,0.907511814,0.834110043,0.77251643,0.732312205,0.673456086,0.628776275,0.590701211,0.560567052,0.516256586,0.48061485,0.448731736,0.426592798,0.399923959,0.379849003,0.35734072,0.337591657,0.316137092,0.309184727,0.287730161,0.270077671,0.262104177,0.247906143,0.240638749,0.230948889,0.218814839,0.199413394,0.182119385,0.167236978,0.160306339,0.155472272,0.157547119,0.152017815,0.162381185,0.162728803,0.168605725,0.181793493,0.182814622,0.191820108,0.222627777,0.227146814,0.251002118,0.277660095,0.298821357,0.309879963,0.315420129,0.323046005,0.343479442,0.356276139,0.382586497,0.406126772,0.431405138,0.479528543,0.5262832,0.571625659,0.598327087,0.631578947,0.667905057,0.720525773,0.790842431,0.856629189,0.909945141,0.934897616,0.939047309,0.9407854,0.945282711,0.947716039,0.898875672,0.8413883,0.799837054,0.781141709,0.751746239,0.72713052,0.693900386,0.670012493,0.640215089,0.614241486,0.585856282,0.562652762,0.53982945,0.50933681,0.483732551,0.452566401,0.430068981,0.398207593,0.365998588,0.337928412,0.295681929,0.249242301,0.193199718,0.116680246,0.018717071,0,0,0,0,0,0,0,0,0,0,0,0,0,0,0,0,0,0,0,0,0,0,0,0,0,0,0,0,0,0,0,0
z=047.0,0.899560046,0.85974689,0.807788822,0.729531258,0.677605779,0.632958557,0.588289609,0.551583293,0.52423008,0.491695182,0.470903264,0.443224159,0.417250557,0.397175602,0.370485036,0.353527782,0.342099832,0.318896312,0.29674651,0.287045788,0.273532128,0.253457172,0.237184292,0.226451578,0.22055293,0.212590299,0.192862962,0.177285319,0.166552604,0.161012438,0.15857911,0.14853077,0.14230623,0.126022487,0.117017001,0.106284287,0.099375373,0.096257672,0.094182825,0.092792352,0.088631796,0.08309163,0.078605182,0.078941937,0.073390908,0.072706534,0.068567704,0.065786758,0.063701048,0.065786758,0.064754766,0.069936451,0.068556841,0.072706534,0.075476617,0.081375265,0.079289555,0.088284178,0.089674651,0.092781489,0.096257672,0.103894411,0.109771332,0.119797947,0.131236761,0.141958612,0.151311716,0.159274347,0.175536364,0.183857477,0.205670523,0.2164141,0.233023736,0.249644234,0.273542991,0.305035033,0.318907175,0.344511433,0.364249633,0.39819673,0.439031014,0.47092499,0.520417142,0.574775949,0.626723155,0.70668622,0.751713649,0.743729292,0.756895334,0.755168106,0.711205258,0.674151323,0.631209603,0.597284232,0.574775949,0.551930911,0.518353158,0.495486394,0.471946119,0.456379338,0.432817337,0.414817229,0.391276954,0.382608223,0.36218565,0.346944761,0.332399109,0.317179947,0.303655423,0.289131497,0.276649829,0.26349465,0.254489164,0.240301993,0.226810059,0.216044756,0.205322905,0.197371137,0.190777253,0.176926837,0.167932214,0.161696812,0.152680463,0.142295367,0.13470208,0.130183043,0.124295258,0.12186193,0.114931291,0.104567921,0.101797838,0.095573299,0.09522568,0.093465863,0.090011406,0.088620933,0.08517734,0.079973929,0.078257563,0.083439248,0.078268426,0.078941937,0.076530335,0.082407257,0.082765738,0.089327033,0.092444734,0.092086253,0.100407365,0.107327141,0.10767476,0.118070719,0.131247624,0.135397317,0.146803541,0.156493401,0.171386671,0.190429634,0.19876161,0.217098474,0.236108848,0.259692575,0.28531856,0.308837108,0.338960404,0.36699799,0.410309054,0.455662376,0.505860627,0.582032481,0.64817772,0.717777416,0.815425561,0.921025474,0.996523817,0.96880126,0.886448319,0.830318831,0.793612514,0.764162729,0.73717886,0.707761664,0.682820053,0.656824724,0.628102765,0.603519635,0.579273261,0.550898919,0.528379773,0.49897344,0.475063821,0.448047363,0.415870947,0.387127261,0.358709467,0.316115366,0.274900874,0.207050133,0.146108305,0.034305578,0,0,0,0,0,0,0,0,0,0,0,0,0,0,0,0,0,0,0,0,0,0,0
z=047.5,0.994090489,1,1,1,1,1,0.986464614,0.91620227,0.871880941,0.843137255,0.811971104,0.78634512,0.770083102,0.750692521,0.73304003,0.71744066,0.706023573,0.692868394,0.678996252,0.654423986,0.638846342,0.615621096,0.544283309,0.486470045,0.440084732,0.402683179,0.366313617,0.333420238,0.297778502,0.268013687,0.249991853,0.235109445,0.205322905,0.190103742,0.18107653,0.167573733,0.158905002,0.140209657,0.123958503,0.110803324,0.107338004,0.104557058,0.098343382,0.092097116,0.093476726,0.091065124,0.093118245,0.090022269,0.095899191,0.095562436,0.101113465,0.104926403,0.113551681,0.124979632,0.143001467,0.15444028,0.167943078,0.176926837,0.206007278,0.226082233,0.25313128,0.287751887,0.327184835,0.355580903,0.397849112,0.457378741,0.532529466,0.586193037,0.601792407,0.61807615,0.642300798,0.655814459,0.666199555,0.683167672,0.698060942,0.715018196,0.738221715,0.757264679,0.798120689,0.826516756,0.874303406,0.940068437,0.99791429,0.995828581,0.9802618,0.961892347,0.933507142,0.878442236,0.796719353,0.739568736,0.694584759,0.656151214,0.620498615,0.587594373,0.566128945,0.537765466,0.5072511,0.488544892,0.460865787,0.447026234,0.423833578,0.408592689,0.383998696,0.371191136,0.354223019,0.341404595,0.32408886,0.309217316,0.299147249,0.27909402,0.270077671,0.258986475,0.242398566,0.230948889,0.220216175,0.209831079,0.200477975,0.189039161,0.18383575,0.172092771,0.163434903,0.154766172,0.144022595,0.138830047,0.130183043,0.124979632,0.114605399,0.113225789,0.105925805,0.099712129,0.096594427,0.088284178,0.086915431,0.084829721,0.080669165,0.082754875,0.079289555,0.072011298,0.068904459,0.075813372,0.072011298,0.069252078,0.068893596,0.076519472,0.075139862,0.078594319,0.082059638,0.08793656,0.085883439,0.095214817,0.100765847,0.106642768,0.11980881,0.126380968,0.135397317,0.144033458,0.158905002,0.176926837,0.18521536,0.202878714,0.222975395,0.248253761,0.268676335,0.293628809,0.322687524,0.34796589,0.387464016,0.425169735,0.474335995,0.537363533,0.594850904,0.691467058,0.811275868,0.921036337,0.971929825,0.998609527,1,1,1,0.991657161,0.928325458,0.882961273,0.849372658,0.822019445,0.794666232,0.772505567,0.752756504,0.73304003,0.712248113,0.693541904,0.67520504,0.652360002,0.642300798,0.618065287,0.604910108,0.585878008,0.567497692,0.546379882,0.525598827,0.509000054,0.49097822,0.464667862,0.442148715,0.417217968,0.391983054,0.358068546,0.327206561,0.28875129,0.237575363,0.170007061,0.025984466,0,0,0,0,0,0,0,0,0,0,0,0
z=048.0,0.994090489,1,0.987855087,0.934234968,0.890923904,0.85836728,0.827907229,0.814404432,0.791907012,0.776307642,0.751724513,0.735440769,0.683841182,0.617717669,0.584476672,0.555407094,0.521796752,0.497582967,0.486817663,0.455651513,0.433164956,0.418282548,0.400945087,0.380891858,0.368073434,0.350431807,0.335864429,0.324436478,0.321992287,0.303666286,0.289468253,0.276313074,0.268350443,0.263842268,0.261767422,0.257259247,0.24513606,0.240649612,0.226440715,0.220216175,0.216750855,0.210178698,0.20636576,0.205670523,0.206018141,0.202552822,0.201173212,0.199098365,0.20014122,0.202552822,0.202563685,0.204290913,0.207060996,0.211569171,0.213980772,0.217446092,0.22472435,0.235098582,0.240649612,0.244451686,0.25727011,0.266612351,0.279778393,0.292564228,0.298473739,0.314388138,0.32755418,0.350410081,0.364260496,0.38538917,0.408234208,0.433490848,0.466036609,0.494791157,0.536690022,0.59101624,0.659236326,0.696648743,0.71952637,0.739253707,0.75762316,0.784954647,0.812655478,0.84555972,0.886741622,0.953256206,0.998957145,1,1,1,1,1,1,1,0.998261909,0.982336647,0.970213459,0.959491608,0.957753517,0.933865624,0.902340992,0.847286948,0.78839824,0.726804628,0.682124817,0.649209712,0.612177503,0.58206507,0.548802346,0.506914345,0.481277497,0.456009994,0.432469719,0.412405627,0.394394655,0.365976862,0.34520667,0.329629026,0.309879963,0.276660692,0.247547662,0.220911412,0.203248058,0.185573842,0.168975069,0.160990712,0.153723318,0.139177666,0.142284504,0.135712346,0.150931508,0.145076313,0.149215143,0.149921243,0.151637608,0.162739667,0.172429526,0.185541253,0.209103253,0.213991635,0.226810059,0.239259139,0.259692575,0.289435663,0.314377274,0.337233176,0.350040737,0.36218565,0.381902124,0.403019934,0.425549943,0.44736299,0.474368584,0.515192005,0.550909782,0.613198631,0.655108359,0.705295747,0.787387975,0.885340286,0.943207865,0.965020911,0.988213568,1,0.970561078,0.901993374,0.858030525,0.825832383,0.796751942,0.769040248,0.749638803,0.723676063,0.70116778,0.679691489,0.660333496,0.642322525,0.622225843,0.600065178,0.586551518,0.563032969,0.541871707,0.524566835,0.501037423,0.485785672,0.460159687,0.439031014,0.414817229,0.389875618,0.367008853,0.336548802,0.30643637,0.271131389,0.23024279,0.183151377,0.095475531,0.007625876,0,0,0,0,0,0,0,0,0,0,0,0,0,0,0,0,0,0,0,0,0,0,0,0,0,0,0
z=048.5,0.916473847,0.804323502,0.722274727,0.67796426,0.627070773,0.600032589,0.557449351,0.516267449,0.49688773,0.476780186,0.436967031,0.417239694,0.394731411,0.36841019,0.357677475,0.34036174,0.307826843,0.301602303,0.282548476,0.262799413,0.242746184,0.234414209,0.228526424,0.212253544,0.201162349,0.180055402,0.171049916,0.166552604,0.157177774,0.149215143,0.139872902,0.120840802,0.112172071,0.103872685,0.10145022,0.098332519,0.090706643,0.088295041,0.081016783,0.07548748,0.072706534,0.064396285,0.054337081,0.055390799,0.051588724,0.045364184,0.045364184,0.042930857,0.040160773,0.040519255,0.042583238,0.042583238,0.04432133,0.046048558,0.046048558,0.047091413,0.064754766,0.059192874,0.066471131,0.077551464,0.090011406,0.090706643,0.095214817,0.098680137,0.108033241,0.113921025,0.130193906,0.147846396,0.156841019,0.166878497,0.171049916,0.190071153,0.222986258,0.227146814,0.251708218,0.268002824,0.292575091,0.310944544,0.341752213,0.372233991,0.41064581,0.434207811,0.465699853,0.495844875,0.502047689,0.537048504,0.573385476,0.662734235,0.781771767,0.788419966,0.766617783,0.745499973,0.711889631,0.653728749,0.622551735,0.590712074,0.564043235,0.540861442,0.517657922,0.501374178,0.479213514,0.464678725,0.444603769,0.429015263,0.411004291,0.391266091,0.380870132,0.368421053,0.354559774,0.343490305,0.327901798,0.320634403,0.312324154,0.301939058,0.291890718,0.280799522,0.274574982,0.259344957,0.252772799,0.24446255,0.24237684,0.233708109,0.225430449,0.220216175,0.211221552,0.209135843,0.202552822,0.201162349,0.196328282,0.194937809,0.194590191,0.191483352,0.184900331,0.18524795,0.183520721,0.183520721,0.184889468,0.185943186,0.192873825,0.19076639,0.194220846,0.19805551,0.201868448,0.204290913,0.215708001,0.220216175,0.222627777,0.234750964,0.245483678,0.259670849,0.273542991,0.286350551,0.301939058,0.314735756,0.34036174,0.363576123,0.391613709,0.416196839,0.452197056,0.489935365,0.543620662,0.590353593,0.64403889,0.65161045,0.603867253,0.58411819,0.567867036,0.56922492,0.567486829,0.581695725,0.614599967,0.676921406,0.682113954,0.662060725,0.640595296,0.622225843,0.600760415,0.583781435,0.563684754,0.542219325,0.525262072,0.496181631,0.485459779,0.458084841,0.435598284,0.417576449,0.385725925,0.365281625,0.334137201,0.303666286,0.269382434,0.23024279,0.179001684,0.101341589,0.008321112,0,0,0,0,0,0,0,0,0,0,0,0,0,0,0,0,0,0,0,0,0,0,0,0,0,0,0,0
z=049.0,0.994090489,0.988528597,0.939731682,0.890565423,0.858378144,0.833447396,0.816120797,0.792232904,0.766281028,0.73441964,0.678301016,0.621519744,0.574786812,0.549508446,0.520406279,0.495834012,0.478518277,0.449796317,0.426581935,0.404410407,0.394383792,0.374297974,0.356297865,0.334484819,0.326522188,0.319580685,0.301243822,0.285666178,0.277355929,0.262125903,0.257259247,0.252055836,0.237510184,0.224713487,0.218141329,0.213296399,0.202216066,0.200477975,0.197371137,0.188354788,0.185954049,0.181793493,0.177980555,0.180044539,0.170007061,0.173439791,0.170354679,0.166541741,0.172071044,0.168627451,0.168605725,0.174156754,0.177980555,0.177274455,0.186964315,0.185237087,0.189745261,0.195980664,0.200836456,0.198750747,0.209820216,0.220911412,0.230601271,0.247200043,0.25864972,0.26695997,0.28047363,0.294324045,0.310238444,0.333778719,0.354896529,0.368421053,0.399228722,0.424496225,0.453250774,0.488903373,0.530802238,0.56922492,0.618336864,0.615968714,0.626006192,0.622910217,0.632936831,0.639889197,0.656835587,0.688338493,0.722948237,0.708076693,0.65408723,0.612894465,0.58273858,0.558513932,0.532181848,0.507968063,0.482678833,0.464656999,0.439041877,0.419325403,0.404062789,0.384346315,0.368746945,0.351442073,0.335864429,0.32479496,0.310564337,0.295019282,0.285307696,0.270099397,0.261778285,0.248253761,0.235467927,0.227842051,0.21849981,0.206702515,0.193210581,0.18316224,0.179001684,0.171049916,0.162055293,0.151659334,0.149226006,0.14230623,0.133311607,0.127076204,0.12118842,0.118070719,0.110444843,0.10767476,0.102493075,0.101786975,0.092444734,0.085872576,0.092781489,0.087588941,0.08517734,0.086209331,0.082733149,0.08100592,0.085524958,0.085514095,0.08517734,0.084134485,0.089685514,0.091075987,0.097626419,0.102818967,0.10491554,0.110814187,0.119450329,0.123958503,0.137113682,0.139155939,0.159632828,0.172766281,0.177611211,0.194601054,0.207756233,0.226114823,0.247927869,0.271468144,0.296388029,0.328597034,0.360784314,0.38991907,0.439400358,0.49027212,0.562305144,0.639161371,0.688012601,0.708435175,0.729194503,0.758666015,0.808147303,0.851795122,0.884699365,0.913008528,0.905078486,0.874640161,0.83724947,0.805746565,0.78634512,0.760045625,0.742719027,0.718125034,0.697343979,0.680386725,0.662734235,0.643006898,0.621878225,0.604899245,0.58896312,0.568540546,0.548128836,0.531845093,0.506219108,0.494085058,0.46710119,0.44113845,0.421041769,0.396100158,0.365640106,0.337613383,0.300907066,0.260007604,0.212242681,0.129422628,0.014904133,0,0,0,0,0,0,0,0,0,0,0,0,0,0,0,0
z=049.5,0.994090489,1,1,1,1,1,1,0.999304763,0.973667916,0.922763565,0.876030634,0.844516865,0.816816034,0.793981859,0.775623269,0.757970778,0.742719027,0.724001955,0.666514584,0.617717669,0.593829776,0.565411982,0.522133507,0.494106784,0.467796426,0.441801097,0.411004291,0.366672098,0.338645375,0.3098691,0.288425398,0.255162674,0.228884906,0.22263864,0.206018141,0.187311933,0.173472381,0.166541741,0.15857911,0.152321981,0.133648362,0.128466678,0.118765955,0.120145565,0.114974743,0.115289772,0.112878171,0.110803324,0.110108088,0.119113573,0.12051491,0.131573516,0.137102819,0.149921243,0.163087285,0.190755527,0.199413394,0.215023627,0.235793819,0.257639455,0.288773016,0.336527076,0.365640106,0.394014448,0.423800989,0.451175927,0.486491771,0.517994677,0.553288795,0.589343327,0.652305687,0.696670469,0.707761664,0.724708055,0.744120363,0.772136223,0.799500299,0.830329694,0.880180327,0.935592852,0.988908805,1,0.996523817,0.977144099,0.96674814,0.943892238,0.910998859,0.882266037,0.863223073,0.844864483,0.833447396,0.816142523,0.806430938,0.795350606,0.766954538,0.715702569,0.687306502,0.644060616,0.611829884,0.585530389,0.562674488,0.538417251,0.522502852,0.503449025,0.484764543,0.469871273,0.449763728,0.436977894,0.420346532,0.403063386,0.392982456,0.384672207,0.373276845,0.362174787,0.348335234,0.338286894,0.328260279,0.321666395,0.305382652,0.289131497,0.276997447,0.264537505,0.254500027,0.246874151,0.239606757,0.230253653,0.226440715,0.226429852,0.216750855,0.209820216,0.207071859,0.205333768,0.205333768,0.204627668,0.202205203,0.209809353,0.209135843,0.209809353,0.214339254,0.224702623,0.227146814,0.235782956,0.2513606,0.269034816,0.286350551,0.292596817,0.30297105,0.315072511,0.328586171,0.344859052,0.360458422,0.376720439,0.396458639,0.411004291,0.44113845,0.462614741,0.497213622,0.535310412,0.577198414,0.64195318,0.720199881,0.792211178,0.809907121,0.826169138,0.839324317,0.857335289,0.879148335,0.900972245,0.939069035,0.989940796,1,1,1,1,1,1,1,1,1,1,1,1,0.967714953,0.876704144,0.805083917,0.763858563,0.731638694,0.695301722,0.660648525,0.623963935,0.591407311,0.565455434,0.527000163,0.496866004,0.456009994,0.42140025,0.381532779,0.343816197,0.289435663,0.219499212,0.136038238,0.019781652,0,0,0,0,0,0,0,0,0,0,0,0,0,0,0,0,0,0,0,0,0
z=050.0,0.913768942,0.867698658,0.830307968,0.789821302,0.712269839,0.659594807,0.618412905,0.575807941,0.54050296,0.516951822,0.487871381,0.458801803,0.439031014,0.4092662,0.387464016,0.374982348,0.354548911,0.331367117,0.311628917,0.300200967,0.287360817,0.268687198,0.255879637,0.240671338,0.231980881,0.22193254,0.204269187,0.190777253,0.179686057,0.167932214,0.163076422,0.155113791,0.151648471,0.135038835,0.130530661,0.114268644,0.109760469,0.102840693,0.100754983,0.098669274,0.092792352,0.093129108,0.088295041,0.08517734,0.083786867,0.083450111,0.078931074,0.077540601,0.075128999,0.076508609,0.074444625,0.077899082,0.079973929,0.07962631,0.083776003,0.08517734,0.090359024,0.094867199,0.097974037,0.105263158,0.109412851,0.117038727,0.125674868,0.131236761,0.14025311,0.147846396,0.166900223,0.174504372,0.188713269,0.196665037,0.217087611,0.235120309,0.249991853,0.269045679,0.295345174,0.319591549,0.335853566,0.366335343,0.388485145,0.423475096,0.46639509,0.506925208,0.552278529,0.620096681,0.686611265,0.75967628,0.806072457,0.869773505,0.959806637,1,1,0.995144207,0.980250937,0.96398892,0.959828363,0.945282711,0.907185921,0.854576069,0.809896258,0.773179078,0.724729781,0.690771821,0.660300907,0.629851719,0.608712183,0.5862039,0.564401716,0.545021998,0.525631416,0.505534735,0.490293846,0.47714953,0.461213405,0.443202433,0.41864103,0.408929444,0.39228722,0.381576232,0.36218565,0.358709467,0.350388355,0.336570528,0.331030362,0.323752105,0.318907175,0.314746619,0.313019391,0.307805117,0.30919559,0.304024768,0.317853457,0.312335017,0.316473847,0.305404378,0.308869697,0.309901689,0.315430992,0.315094237,0.316147955,0.320634403,0.32755418,0.325826951,0.334832437,0.343479442,0.34867199,0.359752322,0.372581609,0.38121775,0.397827386,0.408929444,0.426581935,0.44980718,0.474368584,0.504133399,0.549139102,0.593134539,0.637108251,0.678322742,0.687317365,0.69978817,0.71468144,0.733018304,0.754842214,0.790147195,0.811286731,0.826158275,0.840693064,0.858747488,0.88019119,0.886013796,0.849340068,0.811971104,0.765596654,0.734408777,0.693541904,0.652349139,0.619803378,0.585193634,0.557471077,0.519037532,0.49027212,0.448058226,0.416881212,0.37845853,0.335864429,0.289468253,0.221921677,0.146792678,0.03601108,0.000695237,0,0,0,0,0,0,0,0,0,0,0,0,0,0,0,0,0,0,0,0,0,0,0,0,0,0,0,0,0,0,0,0,0
z=050.5,0.930737059,0.903383847,0.875672153,0.817500407,0.728890337,0.675552659,0.632600076,0.590364456,0.556439085,0.531855956,0.496181631,0.47124002,0.448731736,0.421737005,0.398870241,0.386757916,0.36427136,0.346955624,0.324447341,0.308174461,0.295008419,0.282885232,0.264895986,0.249307479,0.239259139,0.233708109,0.217098474,0.202541959,0.189071751,0.175210472,0.169659443,0.162381185,0.157547119,0.146803541,0.140231383,0.127760578,0.120134702,0.112182934,0.107348868,0.105252295,0.101439357,0.098669274,0.093835207,0.095214817,0.088642659,0.086220194,0.086209331,0.086904568,0.08447124,0.084840584,0.086209331,0.086567813,0.086567813,0.088979414,0.087252186,0.093824344,0.095910054,0.102145457,0.10282983,0.113921025,0.116691109,0.13017218,0.139525284,0.14853077,0.152343708,0.161696812,0.172081908,0.18386834,0.200130357,0.212937918,0.230264516,0.244799305,0.268687198,0.281168866,0.307479224,0.337939275,0.350768562,0.38192385,0.403019934,0.439031014,0.480593124,0.524892727,0.573733094,0.632556624,0.673412634,0.722959101,0.720547499,0.706675357,0.729531258,0.700820162,0.66169138,0.633632068,0.598663842,0.569931019,0.540883168,0.512465374,0.495844875,0.474020966,0.450480691,0.431448591,0.414795503,0.391266091,0.373961219,0.357003965,0.336570528,0.327901798,0.311628917,0.297083265,0.279061431,0.2710988,0.257954484,0.244799305,0.231285644,0.222291022,0.211558308,0.204627668,0.191809244,0.181435012,0.173472381,0.16342404,0.155461409,0.149215143,0.13884091,0.129498669,0.123610885,0.12256803,0.109076096,0.104926403,0.100754983,0.097659008,0.090369888,0.084818858,0.084482103,0.079278692,0.074792244,0.075824236,0.069252078,0.070968443,0.068209223,0.070631688,0.067155505,0.069599696,0.073065015,0.073749389,0.072022161,0.076508609,0.08033241,0.087599804,0.087947423,0.098332519,0.102493075,0.111487698,0.116332627,0.130183043,0.133974255,0.148867525,0.165857368,0.177958829,0.194937809,0.213285536,0.231980881,0.255521156,0.275932866,0.307805117,0.334126338,0.364923144,0.406496116,0.458421596,0.514529357,0.602465917,0.633566889,0.590321004,0.561588181,0.567150073,0.575807941,0.586866547,0.588289609,0.589658356,0.572016729,0.534962794,0.506229971,0.466753571,0.436956168,0.397838249,0.358350986,0.318863723,0.26239748,0.191461626,0.103123133,0.007973494,0,0,0,0,0,0,0,0,0,0,0,0,0,0,0,0,0,0,0,0,0,0,0,0,0,0,0,0,0,0,0,0,0
z=051.0,0.994090489,1,1,1,1,1,1,0.996523817,0.9612297,0.925196893,0.902004237,0.875683016,0.857682907,0.8428005,0.834816143,0.820965727,0.810243876,0.799511162,0.763500081,0.730584976,0.694932377,0.643321927,0.59766444,0.553288795,0.501015697,0.465384824,0.416511868,0.358372712,0.326511325,0.30364456,0.265938841,0.238553039,0.217087611,0.190798979,0.171745152,0.163771658,0.149226006,0.140557276,0.120471457,0.113551681,0.090717506,0.090706643,0.081386128,0.072369779,0.073065015,0.066471131,0.072000435,0.074444625,0.075824236,0.081342676,0.086220194,0.101786975,0.112867308,0.127749715,0.140231383,0.159621965,0.180381294,0.202205203,0.217456955,0.245146923,0.28669817,0.327228287,0.376014339,0.429330292,0.466753571,0.521079789,0.573396339,0.628428657,0.670686003,0.714312096,0.759350388,0.774580414,0.783933518,0.792928141,0.808169029,0.826516756,0.844516865,0.867372766,0.894715116,0.930378578,0.979892456,0.999652382,1,0.98715985,0.940763674,0.900244419,0.87672587,0.854217587,0.8230623,0.786334257,0.768670903,0.742708164,0.722296453,0.699082071,0.646808973,0.604551627,0.58068546,0.550540438,0.519048395,0.498940851,0.473684211,0.454988865,0.438357504,0.42207376,0.399239585,0.388832763,0.368779534,0.351800554,0.338276031,0.32617457,0.305741133,0.293954701,0.28461246,0.270077671,0.259344957,0.248264624,0.240301993,0.229221661,0.221606648,0.211536581,0.200825593,0.193536473,0.185932323,0.17969692,0.171039053,0.16550975,0.158589973,0.154070936,0.149573624,0.14368584,0.138504155,0.137819782,0.131236761,0.127771441,0.12603335,0.123610885,0.120156428,0.124306121,0.12118842,0.120493183,0.120819076,0.121872793,0.127076204,0.130878279,0.128108196,0.130530661,0.137472163,0.146466786,0.150279724,0.156145782,0.163087285,0.171386671,0.182477866,0.191461626,0.205996415,0.216739992,0.231285644,0.252055836,0.272141654,0.289805008,0.311596328,0.337244039,0.375666721,0.405105643,0.436956168,0.474335995,0.523513117,0.575797078,0.660290044,0.767660638,0.851110749,0.933159524,0.982662539,0.999304763,1,1,1,1,1,1,0.98715985,0.973678779,0.969876704,0.967443376,0.953571235,0.872250285,0.799456846,0.751702786,0.73611428,0.710510021,0.677975124,0.645755255,0.612177503,0.577546032,0.546705774,0.511053175,0.481657705,0.441116724,0.407223942,0.361859758,0.323089457,0.252055836,0.17516702,0.056802998,0.000695237,0,0,0,0,0,0,0,0,0,0,0,0,0,0,0,0,0,0
z=051.5,0.994090489,0.994785726,0.937656836,0.875672153,0.823724947,0.784607028,0.756221824,0.732681549,0.705295747,0.671402966,0.640932051,0.603172017,0.563022106,0.53912335,0.513160611,0.495149639,0.476791049,0.462582152,0.441453479,0.418977785,0.409277063,0.397143012,0.374982348,0.358372712,0.351452936,0.341056977,0.332388246,0.312335017,0.304709141,0.292922709,0.28461246,0.280810385,0.275965455,0.266612351,0.26416816,0.251382326,0.240649612,0.236836674,0.231296508,0.229221661,0.222301885,0.219184183,0.21779371,0.216066482,0.213991635,0.212601162,0.208082125,0.198750747,0.189756124,0.180392157,0.178664929,0.177285319,0.173819999,0.170017924,0.174504372,0.168975069,0.172429526,0.172440389,0.176590082,0.179012547,0.187670414,0.189745261,0.198739884,0.210863071,0.216066482,0.225050242,0.230959752,0.240312856,0.259344957,0.274564119,0.292585954,0.301602303,0.320982022,0.346260388,0.370495899,0.394383792,0.42624518,0.464678725,0.519026669,0.544305035,0.577893651,0.606984955,0.640595296,0.681777198,0.728520993,0.797425452,0.895377763,0.917592743,0.918277117,0.918972353,0.917592743,0.918277117,0.919319972,0.918972353,0.908934876,0.889881049,0.869447613,0.84555972,0.805062191,0.767638912,0.747922438,0.727814893,0.698050079,0.677605779,0.655119222,0.641605562,0.613915594,0.586193037,0.564064961,0.546043126,0.533224703,0.521807615,0.507283689,0.495834012,0.472956385,0.452544674,0.434196947,0.431079246,0.432122101,0.418271685,0.408929444,0.393340937,0.372581609,0.36494487,0.349693118,0.341393732,0.341056977,0.333431101,0.332757591,0.327206561,0.331345391,0.336548802,0.343501168,0.351083591,0.372223127,0.375666721,0.385715062,0.401651187,0.416881212,0.442159579,0.450839172,0.465710716,0.485101298,0.509706154,0.54534789,0.570941285,0.547411873,0.538786595,0.540155342,0.54188257,0.549845201,0.563337135,0.583097062,0.617728532,0.655455977,0.694226278,0.735071425,0.778382489,0.795024713,0.805398946,0.798826788,0.789473684,0.783575037,0.778730107,0.770083102,0.763858563,0.756569442,0.751735376,0.745836728,0.740307425,0.735451632,0.727836619,0.723686926,0.716756287,0.710520884,0.704980718,0.701178643,0.694258867,0.687675846,0.683178535,0.679713215,0.67382543,0.670001629,0.665851936,0.658584542,0.652360002,0.650274293,0.643343653,0.639541578,0.633653794,0.629493238,0.623257835,0.618065287,0.613567976,0.60732171,0.601792407,0.600065178,0.59349302,0.591396448,0.583455543,0.582412688,0.576524904,0.568214654,0.566118082,0.560219434,0.555754712,0.549182554,0.545706371,0.537396122,0.53360491,0.526337516,0.523219814,0.516560752,0.505491282,0.496518386,0.484004128,0.477160393,0.455629787,0.437586226,0.40774537,0.348411276,0.188832763,0
z=052.0,0.915778611,0.824756939,0.74548911,0.700841888,0.661007007,0.630188474,0.593123676,0.558850687,0.539481832,0.518331432,0.48337407,0.465037206,0.445614035,0.419325403,0.410309054,0.393330074,0.36632448,0.356993102,0.342795068,0.327890935,0.309543208,0.297441747,0.291195481,0.280115149,0.267644343,0.252425181,0.23823801,0.233034599,0.223681495,0.218130465,0.211547444,0.1966759,0.184889468,0.176948563,0.175210472,0.171397534,0.168964206,0.165498887,0.145760687,0.130541524,0.12186193,0.112856445,0.092433871,0.093118245,0.080658302,0.074433762,0.073749389,0.065450003,0.061995546,0.058845256,0.054717289,0.054022052,0.055390799,0.055043181,0.052305687,0.053315952,0.069936451,0.062994949,0.066123513,0.075465754,0.082396393,0.083439248,0.08655695,0.087252186,0.092792352,0.09936451,0.114246918,0.128466678,0.136070827,0.141263375,0.146130031,0.164781924,0.192841236,0.198750747,0.215360382,0.226082233,0.252772799,0.271804899,0.299136386,0.320265059,0.35557004,0.375329966,0.377024605,0.374971484,0.396806257,0.418945196,0.442116126,0.504785183,0.61906469,0.61599044,0.591396448,0.565770463,0.547444463,0.527347781,0.514192602,0.493074792,0.482678833,0.466058335,0.4487426,0.439031014,0.42415947,0.411341046,0.400271577,0.390234099,0.380533377,0.373939493,0.358731193,0.353864538,0.345901906,0.33898213,0.332757591,0.329281408,0.320992885,0.316821465,0.310922818,0.308522079,0.299864212,0.302286676,0.297778502,0.298810494,0.297789365,0.296051274,0.29950573,0.304003042,0.311628917,0.309890826,0.323741242,0.335169192,0.333441964,0.326500462,0.331714736,0.329281408,0.327901798,0.327206561,0.329629026,0.328607897,0.334463093,0.333778719,0.334821574,0.336907284,0.316430395,0.28252675,0.273195372,0.255879637,0.255184401,0.244451686,0.247232633,0.241692466,0.242029222,0.245831297,0.250013579,0.254847645,0.259681712,0.269382434,0.284634186,0.291890718,0.315083374,0.353506056,0.381902124,0.405116506,0.420715876,0.445624898,0.480267232,0.530096138,0.577546032,0.620150997,0.644734126,0.648188583,0.666166965,0.686611265,0.683862908,0.677975124,0.673119331,0.666547173,0.659616534,0.653728749,0.647145728,0.64195318,0.636413014,0.628798001,0.623953072,0.61669654,0.611829884,0.6059421,0.599033187,0.594177394,0.589321601,0.58206507,0.576850796,0.568551409,0.56508609,0.554700994,0.550540438,0.543283906,0.536700885,0.52907501,0.519037532,0.514529357,0.505556461,0.495844875,0.487187008,0.481983597,0.468469936,0.459116832,0.44595079,0.435565694,0.418249959,0.404410407,0.389180381,0.366987127,0.342414861,0.32341535,0.289794145,0.254825919,0.20771278,0.08404758,0.001390473,0,0,0,0,0,0
z=052.5,0.994090489,1,0.992710879,0.969865841,0.943892238,0.929009831,0.914127424,0.906849166,0.895421216,0.887806203,0.853196459,0.809548639,0.74478301,0.690098311,0.655434251,0.632610939,0.597295095,0.579284124,0.560230297,0.528053881,0.517657922,0.498234751,0.480245505,0.464320243,0.452555537,0.435228939,0.420357395,0.409624681,0.403726033,0.389875618,0.375688447,0.36703058,0.363228505,0.355613492,0.352832546,0.344848189,0.336548802,0.332062354,0.316810602,0.310586063,0.309554071,0.301928195,0.287382543,0.276660692,0.264537505,0.26349465,0.2558905,0.254500027,0.252055836,0.247917006,0.244114931,0.246537396,0.245146923,0.24513606,0.247906143,0.247580251,0.254489164,0.261767422,0.271804899,0.273879746,0.277692684,0.281494759,0.290858726,0.305741133,0.314388138,0.323404486,0.339677367,0.361838032,0.369116289,0.393340937,0.417228831,0.436608549,0.467448808,0.496529249,0.53774374,0.577882787,0.630503503,0.678996252,0.720199881,0.719146163,0.685948618,0.669621422,0.633653794,0.609744175,0.591396448,0.59211341,0.58482429,0.544674379,0.521481723,0.489946228,0.465721579,0.447699745,0.422432242,0.405790017,0.38538917,0.375340829,0.351452936,0.335516811,0.320982022,0.302634295,0.293270328,0.279072294,0.265232741,0.257965347,0.249991853,0.237184292,0.230938026,0.218141329,0.209483461,0.203943295,0.195991527,0.189060888,0.180055402,0.176220738,0.172071044,0.170713161,0.171049916,0.167247841,0.166563467,0.159274347,0.172092771,0.169670306,0.172081908,0.189745261,0.18592146,0.183183966,0.177969692,0.180739775,0.175199609,0.180381294,0.176579219,0.173113899,0.176579219,0.173819999,0.182119385,0.180044539,0.181771767,0.185237087,0.191124871,0.198739884,0.204975287,0.206702515,0.215718864,0.22748357,0.241659877,0.254152409,0.240617022,0.234034001,0.237868665,0.224735213,0.228537287,0.222291022,0.218836565,0.221584922,0.228852317,0.229906034,0.238216284,0.250350334,0.262810276,0.275965455,0.294649938,0.324425615,0.348324371,0.381912987,0.424517951,0.483699962,0.521101515,0.58135897,0.662017272,0.695290859,0.717462387,0.730606703,0.725066536,0.720916843,0.713638586,0.706023573,0.7046331,0.698734452,0.692846668,0.686285373,0.682472435,0.677975124,0.672782576,0.661680517,0.614947586,0.583433817,0.559198305,0.535332138,0.523556569,0.505187116,0.488914236,0.471261746,0.456042583,0.44598338,0.434196947,0.421063495,0.412720656,0.401998805,0.392667427,0.387464016,0.378447667,0.3697898,0.362511542,0.3545815,0.353886264,0.348346097,0.344152952,0.346955624,0.346282114,0.354538048,0.363902015,0.37392863,0.408234208,0.473260551,0.511042312,0.504165988,0.497908859,0.480527945,0.464352833,0.446678616,0.414480474,0.295877465,0.125490196
z=053.0,0.994090489,1,1,1,1,1,0.995828581,0.949421541,0.878822443,0.817522134,0.784628755,0.745467384,0.717103905,0.701515398,0.678996252,0.656487969,0.63434903,0.609418283,0.589321601,0.565781326,0.544305035,0.514540221,0.485796535,0.448373255,0.422432242,0.40512737,0.38330346,0.364597252,0.342784205,0.328238553,0.30643637,0.295008419,0.282200858,0.272489273,0.261083048,0.253457172,0.243408832,0.229884308,0.220574656,0.214676009,0.207408614,0.20912498,0.203595676,0.200825593,0.20014122,0.194590191,0.200477975,0.197707892,0.199782739,0.202205203,0.202205203,0.206702515,0.202216066,0.212927054,0.220216175,0.230590408,0.233718972,0.243430558,0.264526642,0.269697463,0.293281191,0.307479224,0.329270545,0.348324371,0.361131932,0.387800771,0.41064581,0.452555537,0.467448808,0.486470045,0.507272826,0.529781109,0.552311118,0.565444571,0.569941883,0.587235892,0.603519635,0.63466406,0.672413231,0.721905383,0.796686763,0.851099886,0.85907338,0.847297811,0.835163761,0.826864375,0.816457553,0.792917278,0.764890555,0.725392428,0.684884037,0.65684645,0.642637554,0.619444897,0.604214872,0.590364456,0.575134431,0.563011243,0.544305035,0.519711042,0.508641573,0.500005432,0.48613329,0.46986041,0.455673239,0.439063603,0.427277171,0.416533594,0.395426647,0.369474771,0.35143121,0.334810711,0.320634403,0.301928195,0.290152626,0.26558036,0.243767313,0.229221661,0.220205312,0.203248058,0.194611917,0.186975178,0.1769377,0.168964206,0.158926729,0.157547119,0.144033458,0.148878388,0.137472163,0.140915757,0.136429309,0.136070827,0.14022052,0.140242246,0.144728695,0.153364836,0.151659334,0.150974961,0.162381185,0.172092771,0.181087393,0.194242572,0.201868448,0.219857694,0.236825811,0.253446309,0.286002933,0.317831731,0.348335234,0.370474173,0.397849112,0.429688773,0.477127804,0.51347564,0.541176471,0.577209277,0.631535495,0.687306502,0.744424529,0.759719733,0.788061485,0.798815925,0.814045951,0.823757536,0.822008582,0.805746565,0.788094074,0.775623269,0.764184455,0.748954429,0.735093151,0.726446146,0.711911357,0.697376568,0.686980609,0.673488675,0.664472326,0.649937537,0.638846342,0.626375536,0.617022432,0.605952963,0.595546141,0.584465808,0.570637119,0.55748194,0.545695508,0.535310412,0.523534843,0.508315681,0.496181631,0.48061485,0.469871273,0.453250774,0.440106458,0.421747868,0.408570963,0.38676878,0.362554994,0.343142686,0.319613275,0.293281191,0.266590625,0.2361523,0.191114008,0.127738852,0.0204443,0,0,0,0,0,0,0,0,0,0,0,0,0,0,0,0
z=053.5,0.879474227,0.814035088,0.759317799,0.711216121,0.661028733,0.632589213,0.596263104,0.566118082,0.534973657,0.506208245,0.474020966,0.44251806,0.426571072,0.396111021,0.375677584,0.361131932,0.340372603,0.314735756,0.301928195,0.290858726,0.269034816,0.249991853,0.233729835,0.227494433,0.217087611,0.207028407,0.18938678,0.173809136,0.162413774,0.15928521,0.155461409,0.146108305,0.141621856,0.121525175,0.115985009,0.100765847,0.100081473,0.094530444,0.093835207,0.091065124,0.086546087,0.08309163,0.07410787,0.074086144,0.073401771,0.068545978,0.066840476,0.061637065,0.063016675,0.061637065,0.061637065,0.063722774,0.066840476,0.072706534,0.073065015,0.077192982,0.080995057,0.085861713,0.086893705,0.090011406,0.093835207,0.099375373,0.105241432,0.112878171,0.126044213,0.135723209,0.152691326,0.161001575,0.171049916,0.183173103,0.205670523,0.226451578,0.236825811,0.247917006,0.256531421,0.273868883,0.283265439,0.303329531,0.323393623,0.359057085,0.396447776,0.419673022,0.458769214,0.495127913,0.526630819,0.579968497,0.650252566,0.735082288,0.83823801,0.910662104,0.907196785,0.878800717,0.843484873,0.81959698,0.803660855,0.792232904,0.776666124,0.75967628,0.748270056,0.741339417,0.730606703,0.718831134,0.708793656,0.686285373,0.668263538,0.655130085,0.64265928,0.630546956,0.612525121,0.574080713,0.542577807,0.521459997,0.500331324,0.48959861,0.47124002,0.460518168,0.447026234,0.437662267,0.425549943,0.42069415,0.409277063,0.404779751,0.40095595,0.399587203,0.397143012,0.397490631,0.393004182,0.395426647,0.40442127,0.406854598,0.418619304,0.430036391,0.434544566,0.445614035,0.448069089,0.462940633,0.484058443,0.494465265,0.518722503,0.531160719,0.543273043,0.553310521,0.570963011,0.578947368,0.582075933,0.583107925,0.588995709,0.592808647,0.59971756,0.601108033,0.608027809,0.610797893,0.620498615,0.631915703,0.599663245,0.558513932,0.546401608,0.539470968,0.53636413,0.546738363,0.552278529,0.542577807,0.537037641,0.532529466,0.526294063,0.520058661,0.521796752,0.519743632,0.52423008,0.531486611,0.539818587,0.568888165,0.574786812,0.579642605,0.586573244,0.609418283,0.602835262,0.589332464,0.579284124,0.564749335,0.555037749,0.542566944,0.529444354,0.517310304,0.502786378,0.489978817,0.477475422,0.464678725,0.443908533,0.434892184,0.41655532,0.401998805,0.38054424,0.357003965,0.334832437,0.315072511,0.294649938,0.270066808,0.233729835,0.205279453,0.15542882,0.064341969,0.001390473,0,0,0,0,0,0,0,0,0,0,0,0,0,0,0,0,0,0,0,0
z=054.0,0.96880126,0.948748031,0.930052686,0.911346478,0.838585628,0.753104123,0.687664983,0.644028027,0.609744175,0.571321493,0.544663516,0.514170876,0.488577481,0.461539297,0.432817337,0.422768997,0.400249851,0.377415675,0.356623758,0.350062463,0.324425615,0.306425506,0.297441747,0.284634186,0.270077671,0.253457172,0.245157786,0.234403346,0.220911412,0.208440606,0.197718755,0.187322796,0.180739775,0.175210472,0.168616588,0.162022704,0.159980446,0.147846396,0.141263375,0.133985118,0.123263267,0.126391831,0.117386345,0.115648254,0.115300635,0.111835316,0.111476835,0.112182934,0.110792461,0.113225789,0.109760469,0.113214926,0.113910162,0.118418337,0.118418337,0.121883657,0.131562653,0.137787192,0.140915757,0.150627342,0.153038944,0.161675086,0.16550975,0.174515235,0.182119385,0.195969801,0.216066482,0.22125903,0.2361523,0.248264624,0.273868883,0.283591331,0.306783988,0.327543316,0.356993102,0.372907501,0.401292705,0.433490848,0.461224268,0.481277497,0.51899408,0.564054098,0.598663842,0.654706426,0.718114171,0.737504753,0.730237358,0.715007333,0.711889631,0.672424094,0.623974798,0.579620879,0.550877193,0.523534843,0.494780294,0.467437945,0.447352126,0.424496225,0.406170224,0.384704796,0.365292488,0.34729238,0.328955516,0.314746619,0.301928195,0.282885232,0.264526642,0.257606865,0.242713595,0.232697844,0.221943403,0.20498615,0.194948672,0.188365651,0.1769377,0.170702298,0.160328065,0.152691326,0.145749823,0.138851773,0.133985118,0.127423823,0.120167291,0.11910271,0.118765955,0.111161805,0.105263158,0.108033241,0.102145457,0.104546195,0.101461083,0.103525067,0.104893813,0.109412851,0.104220303,0.108380859,0.117375482,0.119797947,0.130878279,0.13332247,0.145076313,0.152343708,0.162381185,0.183531584,0.206713378,0.22886318,0.240638749,0.254163272,0.273532128,0.282211721,0.308174461,0.332420835,0.364249633,0.376025202,0.387789908,0.408570963,0.426929553,0.44389767,0.467796426,0.492379556,0.52490359,0.551213948,0.556786704,0.592406713,0.609733312,0.601792407,0.587941991,0.584454945,0.575818804,0.57584053,0.567508555,0.574786812,0.585530389,0.593840639,0.606289718,0.641942317,0.668958775,0.688349356,0.67867036,0.670012493,0.65684645,0.643702135,0.632610939,0.623953072,0.612177503,0.602487643,0.593840639,0.578947368,0.568203791,0.558166314,0.54396828,0.534626039,0.520080387,0.506577589,0.495486394,0.481635978,0.466058335,0.452903156,0.431437727,0.420335669,0.400640921,0.378132638,0.356645484,0.331041225,0.30573027,0.278366194,0.246548259,0.202889577,0.134300147,0.020737603,0,0,0,0,0,0,0,0,0,0,0,0,0
z=054.5,0.994090489,1,0.998261909,0.993416979,0.98510673,0.976112107,0.973678779,0.970908696,0.966759003,0.963293683,0.956015426,0.942523491,0.935929607,0.920699582,0.908239639,0.900266145,0.893346369,0.879832709,0.83862908,0.80470371,0.792580523,0.769724621,0.752767367,0.741676172,0.725761773,0.709467166,0.697018087,0.661007007,0.631187877,0.603172017,0.582401825,0.555026886,0.519015806,0.491684319,0.46915431,0.446320135,0.433501711,0.419303677,0.39366683,0.386399435,0.3743197,0.368779534,0.366346206,0.361838032,0.367378198,0.362522405,0.362174787,0.362880886,0.365292488,0.369463907,0.383651078,0.39890283,0.413415893,0.432469719,0.450828309,0.472315464,0.511064038,0.532877084,0.549530172,0.572364347,0.602824398,0.633968823,0.652360002,0.675541796,0.687317365,0.700483407,0.716071914,0.737537342,0.756221824,0.783575037,0.833436533,0.84555972,0.844516865,0.828950084,0.825126283,0.833436533,0.838292325,0.833447396,0.826831785,0.777372223,0.736157732,0.712226386,0.689728966,0.668622019,0.659964152,0.653044376,0.635381022,0.618749661,0.602835262,0.586214763,0.573396339,0.561273152,0.546379882,0.532540329,0.518668187,0.488229863,0.466753571,0.449437836,0.431774483,0.419651295,0.378784422,0.361838032,0.336201184,0.31924393,0.301243822,0.282896095,0.269371571,0.257606865,0.24584216,0.234425072,0.215023627,0.204290913,0.198413992,0.186279941,0.177285319,0.169670306,0.15995872,0.154081799,0.143349085,0.14022052,0.133659225,0.130541524,0.125338113,0.119787084,0.1177231,0.113562544,0.109412851,0.111150942,0.108369996,0.111846179,0.109065233,0.113214926,0.115300635,0.117386345,0.123610885,0.129487806,0.136755201,0.146814404,0.167204389,0.18178263,0.187670414,0.189745261,0.191820108,0.203584813,0.209135843,0.214339254,0.225386997,0.229906034,0.240986367,0.254152409,0.267655206,0.280462767,0.293617946,0.315061648,0.333778719,0.354918255,0.381576232,0.402346423,0.400575743,0.401977079,0.434903047,0.440399761,0.465721579,0.48475368,0.521459997,0.564390853,0.649926674,0.734017707,0.780098854,0.775612406,0.767313019,0.753810222,0.745825865,0.735462495,0.728173375,0.71538754,0.706371191,0.70049427,0.691825539,0.681440443,0.671055347,0.663092716,0.654423986,0.6454185,0.634327304,0.627418391,0.621889088,0.611156374,0.602161751,0.593818913,0.5862039,0.575829667,0.56508609,0.558177177,0.548128836,0.536700885,0.525294661,0.516615067,0.504165988,0.495160502,0.481983597,0.468133181,0.456379338,0.443213296,0.425908424,0.407202216,0.387800771,0.364977459,0.3400793,0.312943349,0.288066917,0.24375645,0.199348216,0.089891912,0.004171419,0,0,0,0,0,0,0,0
z=055.0,0.994090489,0.989234697,0.953256206,0.925207756,0.898202162,0.8808647,0.842452881,0.797436315,0.762087882,0.737504753,0.709488893,0.680723481,0.652360002,0.629145619,0.615642822,0.595915485,0.581022215,0.564401716,0.551246537,0.535332138,0.521807615,0.509695291,0.497908859,0.489609473,0.470555646,0.454967139,0.432122101,0.407202216,0.39090761,0.378110912,0.364608115,0.359067949,0.342784205,0.32617457,0.320297648,0.315094237,0.30505676,0.299494867,0.293976427,0.284286568,0.283602194,0.280115149,0.270762044,0.268328717,0.265221878,0.263136169,0.25727011,0.257617729,0.257932758,0.260018467,0.253446309,0.256216392,0.260724567,0.26211504,0.261398077,0.26140894,0.270077671,0.272510999,0.278051165,0.285655315,0.294313182,0.293585357,0.295345174,0.297430884,0.302634295,0.311639781,0.317158221,0.317853457,0.324784096,0.335527674,0.342099832,0.361131932,0.3697898,0.386779643,0.404442996,0.407897453,0.416522731,0.441442616,0.465384824,0.488229863,0.514540221,0.561599044,0.606637336,0.634696649,0.652349139,0.67827929,0.701819564,0.692531639,0.661354625,0.625669437,0.604899245,0.590375319,0.571669111,0.556439085,0.545011135,0.523176362,0.499636087,0.479224377,0.459486177,0.452566401,0.437303786,0.429362881,0.424496225,0.419303677,0.41931454,0.4092662,0.396132747,0.387811634,0.378806148,0.369800663,0.358731193,0.351116181,0.342436587,0.33760252,0.328249416,0.32546847,0.319254793,0.311281299,0.309543208,0.302286676,0.297778502,0.296735647,0.293270328,0.287393406,0.28669817,0.28393895,0.290152626,0.286002933,0.289805008,0.288436261,0.292575091,0.289479116,0.295019282,0.295008419,0.30435066,0.306077888,0.311270436,0.315094237,0.321677258,0.335853566,0.347281516,0.35072511,0.361848895,0.378469393,0.397164738,0.407202216,0.429688773,0.448394981,0.477812178,0.518657324,0.50449188,0.485101298,0.484731954,0.494791157,0.506545,0.537048504,0.568899028,0.597990332,0.622204117,0.656151214,0.685231655,0.698050079,0.70116778,0.700135788,0.702558253,0.720558362,0.711563739,0.70187388,0.696670469,0.6848949,0.675194177,0.660659388,0.653739612,0.643691272,0.634696649,0.623953072,0.61461083,0.605246863,0.597979469,0.587235892,0.579273261,0.569235783,0.557123459,0.549149965,0.537385259,0.52907501,0.516973548,0.505882353,0.494465265,0.480267232,0.470566509,0.454641247,0.44251806,0.431437727,0.41726142,0.397512357,0.380870132,0.364955733,0.342816794,0.322720113,0.299190701,0.274585845,0.246178915,0.211558308,0.168616588,0.089609473,0.003823801,0,0,0,0,0,0,0,0,0,0,0,0,0,0,0,0
z=055.5,0.916517299,0.845212101,0.788409103,0.749269458,0.716745424,0.690424203,0.66377709,0.638846342,0.614947586,0.584813427,0.557112596,0.537385259,0.519048395,0.496855141,0.479561132,0.466753571,0.449774591,0.431785346,0.415490739,0.399923959,0.386073543,0.363554397,0.34453316,0.326163706,0.311976536,0.298462875,0.284960078,0.271815762,0.259312368,0.249307479,0.244104068,0.227831188,0.222627777,0.216403237,0.203248058,0.198403129,0.188702406,0.18454185,0.174504372,0.168964206,0.162728803,0.159621965,0.156851882,0.152354571,0.150627342,0.145087176,0.14577155,0.14368584,0.141610993,0.137124545,0.139872902,0.1374613,0.133300744,0.140231383,0.141958612,0.138156537,0.144044321,0.147846396,0.153723318,0.153723318,0.161696812,0.167236978,0.168627451,0.165846505,0.159611102,0.167910488,0.165846505,0.174504372,0.172092771,0.184889468,0.189375917,0.197360274,0.216750855,0.221595785,0.239259139,0.252066699,0.272826028,0.293248601,0.309575797,0.344196404,0.376025202,0.397153875,0.420009777,0.45879094,0.492379556,0.53774374,0.579957634,0.638846342,0.730237358,0.751724513,0.733365923,0.71952637,0.702558253,0.689728966,0.668969638,0.645440226,0.623246972,0.604225735,0.577187551,0.557460214,0.535299549,0.52147086,0.508304818,0.494791157,0.486828526,0.46501548,0.445972516,0.43176362,0.419988051,0.422084623,0.414121992,0.403736896,0.392982456,0.382608223,0.373602737,0.369800663,0.354223019,0.350757699,0.346944761,0.342088969,0.331388844,0.331714736,0.333767856,0.332388246,0.326163706,0.325826951,0.328238553,0.32684808,0.334126338,0.338634512,0.349693118,0.350746836,0.374297974,0.379479659,0.387116398,0.391591983,0.394383792,0.4092662,0.412731519,0.428667644,0.443539189,0.453946011,0.474042692,0.511400793,0.528032155,0.54534789,0.57269024,0.599359079,0.628450383,0.645070882,0.677269024,0.688360219,0.695975232,0.705665092,0.694910651,0.67520504,0.660322633,0.674509804,0.670707729,0.672098202,0.67867036,0.688338493,0.677975124,0.671739721,0.664809082,0.656151214,0.650958666,0.643691272,0.64403889,0.63572864,0.637792624,0.636076259,0.644723263,0.652338276,0.673466949,0.67382543,0.6651567,0.654434849,0.6454185,0.638487861,0.627766009,0.617022432,0.609407419,0.601433925,0.592091684,0.582401825,0.572364347,0.563011243,0.551594156,0.54396828,0.531138993,0.52423008,0.511422519,0.503459888,0.488566618,0.480951605,0.463625007,0.451882027,0.440443213,0.421389387,0.40512737,0.387789908,0.368388463,0.346923035,0.32338276,0.30088534,0.275976319,0.229569279,0.198729021,0.12147086,0.013817826,0,0,0,0,0,0,0,0,0,0,0,0
z=056.0,0.983357775,0.980609418,0.970224322,0.953256206,0.942860247,0.904763457,0.866340775,0.842105263,0.816816034,0.804008473,0.782901526,0.769018522,0.721937972,0.681777198,0.649220575,0.62154147,0.598685568,0.581011352,0.558850687,0.539807724,0.511411656,0.492716311,0.478170659,0.458106567,0.445972516,0.431100972,0.415838358,0.392993319,0.367356472,0.356993102,0.342436587,0.32755418,0.311976536,0.304709141,0.290500244,0.287730161,0.276649829,0.266612351,0.255532019,0.252751073,0.252066699,0.240301993,0.24099723,0.231991744,0.234750964,0.227842051,0.21987942,0.225386997,0.22334474,0.224713487,0.22886318,0.221943403,0.226440715,0.225756341,0.228526424,0.230264516,0.234414209,0.244440823,0.248253761,0.255532019,0.262451795,0.275259356,0.287404269,0.300537722,0.311976536,0.320286785,0.335886155,0.362163924,0.380522514,0.40788659,0.422410515,0.44113845,0.466731845,0.497213622,0.522839607,0.571299766,0.628776275,0.656140351,0.656162077,0.652675031,0.642279072,0.631904839,0.632947694,0.662017272,0.667937646,0.665841073,0.665482592,0.662386617,0.656151214,0.606995818,0.579273261,0.548476454,0.528738254,0.510042909,0.485459779,0.47261963,0.452218782,0.433523437,0.425202325,0.413774374,0.40650698,0.401314432,0.394047037,0.396806257,0.387474879,0.374645592,0.361142795,0.351105317,0.338645375,0.316473847,0.298452012,0.284960078,0.273195372,0.261072185,0.249655097,0.242029222,0.230601271,0.226799196,0.218141329,0.212612025,0.209135843,0.203932432,0.201499104,0.195274564,0.194590191,0.192146,0.192156863,0.194590191,0.190082016,0.20360654,0.21849981,0.21779371,0.216761719,0.215718864,0.218836565,0.213969909,0.21917332,0.225734615,0.227831188,0.229558416,0.235793819,0.242724458,0.253098691,0.256227255,0.267655206,0.280136875,0.302612569,0.318201075,0.323067731,0.334821574,0.343142686,0.357329857,0.364629841,0.378121775,0.389202107,0.406854598,0.429352018,0.445624898,0.469512791,0.492368693,0.520753897,0.575090978,0.610113519,0.638140242,0.683852045,0.720558362,0.742393135,0.767997393,0.808494922,0.858019662,0.888490576,0.931432296,0.95843789,0.988550323,1,1,1,0.997219054,0.965346804,0.891249796,0.82097659,0.774211069,0.739242844,0.697007224,0.670316659,0.640225952,0.616338059,0.587257618,0.564064961,0.545706371,0.522491988,0.502417033,0.483710825,0.463277389,0.445624898,0.426560209,0.404790614,0.387485742,0.3690837,0.353495193,0.334473956,0.323393623,0.308196187,0.289142361,0.272815165,0.262451795,0.245874749,0.233382217,0.22263864,0.22292108,0.215653685,0.227146814,0.166150671,0.046417902,0,0,0,0,0,0,0,0,0
z=056.5,0.994090489,1,0.992374124,0.97403726,0.964336538,0.953951442,0.937298354,0.896105589,0.867720385,0.853848243,0.82582152,0.799522025,0.76176199,0.738916952,0.711226984,0.694237141,0.664472326,0.638835479,0.594525012,0.573048721,0.548476454,0.520775623,0.492727174,0.478865895,0.457400467,0.437999022,0.421030905,0.411699527,0.402346423,0.38400956,0.369474771,0.356634621,0.344174678,0.329259682,0.302949324,0.281505622,0.263831405,0.249285753,0.234740101,0.22610396,0.224029113,0.212590299,0.212937918,0.203258921,0.204269187,0.200825593,0.205322905,0.205670523,0.210156971,0.213633154,0.21779371,0.222986258,0.235793819,0.250339471,0.268013687,0.282200858,0.30159144,0.319580685,0.329629026,0.335516811,0.343142686,0.353169301,0.373265982,0.384324589,0.404779751,0.425191462,0.442854815,0.469512791,0.497582967,0.528727391,0.560925534,0.597620987,0.635022541,0.654434849,0.677953397,0.707739938,0.723317582,0.74202379,0.758633426,0.763510945,0.771810331,0.798457444,0.825126283,0.828243985,0.818206507,0.819249362,0.809537776,0.770061376,0.730595839,0.692509913,0.66653631,0.645081745,0.624289827,0.602487643,0.582749443,0.568203791,0.553994894,0.538080495,0.506566726,0.48337407,0.458780077,0.442865678,0.42345337,0.410993428,0.391972191,0.380185759,0.360110803,0.351463799,0.340014122,0.316821465,0.293617946,0.273184509,0.261398077,0.244440823,0.230253653,0.220911412,0.207050133,0.197001792,0.187659551,0.174167617,0.166530878,0.155124654,0.149932106,0.141621856,0.1381674,0.130519798,0.125685731,0.120493183,0.120134702,0.111846179,0.112182934,0.109771332,0.105599913,0.111140079,0.10491554,0.111835316,0.107348868,0.115985009,0.116680246,0.124284395,0.123600022,0.135712346,0.141263375,0.150974961,0.160295476,0.170017924,0.181435012,0.192526207,0.210852208,0.232328499,0.256238119,0.290500244,0.311618054,0.331367117,0.355602629,0.377763294,0.408929444,0.454608658,0.474716202,0.50311227,0.534256694,0.568203791,0.600380207,0.60385639,0.623605453,0.649915811,0.662712509,0.648557927,0.667590028,0.657194069,0.647145728,0.634685786,0.631926566,0.626006192,0.633990549,0.64195318,0.623953072,0.60732171,0.592439303,0.573385476,0.555743849,0.53636413,0.520428005,0.503459888,0.482700559,0.46639509,0.44598338,0.423485959,0.40442127,0.379512248,0.356287002,0.333094346,0.302623432,0.263842268,0.220194449,0.180022812,0.11634349,0.015946988,0,0,0,0,0,0,0,0,0,0,0,0,0,0,0,0,0,0,0,0,0,0,0,0,0
z=057.0,0.929987507,0.861821737,0.793297485,0.743066645,0.710857639,0.664798218,0.629134756,0.590701211,0.568899028,0.533583184,0.513497366,0.495127913,0.465732443,0.446320135,0.431068383,0.407875726,0.387811634,0.375677584,0.368421053,0.347987616,0.327565043,0.317169084,0.301602303,0.293628809,0.275965455,0.253468035,0.243419695,0.234403346,0.220574656,0.20636576,0.195980664,0.183857477,0.17902341,0.166878497,0.160306339,0.154418554,0.148204878,0.14368584,0.1381674,0.132268752,0.120840802,0.114605399,0.112182934,0.111824453,0.107685623,0.106990386,0.106979523,0.103525067,0.100407365,0.104578784,0.104567921,0.10767476,0.110097224,0.108728478,0.109423714,0.118070719,0.12048232,0.132247026,0.135027972,0.140915757,0.146803541,0.162392048,0.172092771,0.174526099,0.187681277,0.182467003,0.18248873,0.195622182,0.207734507,0.216403237,0.223692358,0.241333985,0.246200641,0.268350443,0.279072294,0.298810494,0.326511325,0.341056977,0.368746945,0.391613709,0.426201727,0.459160285,0.504470154,0.533919939,0.541904296,0.580663734,0.627038184,0.68903373,0.750290587,0.774232796,0.757970778,0.739601325,0.712932486,0.672076476,0.63919396,0.614241486,0.592080821,0.574775949,0.560230297,0.523187225,0.487187008,0.469523654,0.453598392,0.433164956,0.419292814,0.400271577,0.384672207,0.36009994,0.342088969,0.324099723,0.308163598,0.292922709,0.28669817,0.275976319,0.264526642,0.255879637,0.26140894,0.259008202,0.260366085,0.250350334,0.243061213,0.232676118,0.224713487,0.217098474,0.212590299,0.209472598,0.211547444,0.204627668,0.200477975,0.198750747,0.195633045,0.192167726,0.196665037,0.20219434,0.200825593,0.206713378,0.213285536,0.215360382,0.225408723,0.235446201,0.244104068,0.252403454,0.270762044,0.293965564,0.304013905,0.314399001,0.326185433,0.342099832,0.358372712,0.37845853,0.395426647,0.426581935,0.464993754,0.492031937,0.526304926,0.538775732,0.551583293,0.563011243,0.577904514,0.597631851,0.622562598,0.621161262,0.588637228,0.588952257,0.583433817,0.582043344,0.601423062,0.6059421,0.610102656,0.618065287,0.645766118,0.664809082,0.667231546,0.653391994,0.63572864,0.615642822,0.599695834,0.581695725,0.564738472,0.545011135,0.530117864,0.510390527,0.495855738,0.476454294,0.457422193,0.435239802,0.414458747,0.393340937,0.37116941,0.340698495,0.321633806,0.287024062,0.244799305,0.206344033,0.157177774,0.073749389,0.002780946,0,0,0,0,0,0,0,0,0,0,0,0,0,0,0,0,0,0,0,0,0,0,0,0,0,0
z=057.5,0.973298572,0.936277226,0.884319157,0.853163869,0.812644615,0.757242953,0.707729075,0.676595514,0.649242301,0.621856499,0.593482157,0.565781326,0.534615176,0.509000054,0.491347564,0.465710716,0.446678616,0.432111238,0.412036283,0.395079029,0.379501385,0.373255119,0.355602629,0.34036174,0.326522188,0.31924393,0.305741133,0.297789365,0.287045788,0.274574982,0.26349465,0.253804791,0.244125794,0.240660475,0.234414209,0.22815708,0.21917332,0.213644017,0.205322905,0.205681386,0.201162349,0.195633045,0.196328282,0.193905817,0.187996307,0.189745261,0.187322796,0.186964315,0.174167617,0.158568247,0.155113791,0.150964098,0.14577155,0.145423931,0.140242246,0.139199392,0.143001467,0.141969475,0.145087176,0.148194014,0.157536255,0.161012438,0.164466895,0.168616588,0.177622074,0.184215958,0.194253435,0.204975287,0.224007387,0.233382217,0.248264624,0.258638857,0.282179132,0.300200967,0.312335017,0.334484819,0.370126555,0.398185867,0.43038401,0.454978002,0.490630601,0.53045462,0.573722231,0.621856499,0.661343762,0.678985389,0.699418826,0.729531258,0.742012927,0.731301939,0.71468144,0.699777307,0.669643148,0.645070882,0.628461246,0.606984955,0.594177394,0.584487535,0.575123567,0.568551409,0.558166314,0.549171691,0.541545815,0.530117864,0.517657922,0.517994677,0.508652436,0.49826734,0.493074792,0.489620336,0.483710825,0.479571995,0.476106675,0.454630384,0.436271794,0.421041769,0.410309054,0.40095595,0.395068166,0.387811634,0.380522514,0.380859269,0.374645592,0.367714953,0.367714953,0.369800663,0.371538754,0.370843517,0.374993211,0.376731302,0.389191244,0.391961327,0.414447884,0.443202433,0.452207919,0.449448699,0.449090218,0.447710608,0.444256151,0.444929662,0.43975884,0.440790832,0.420357395,0.395415784,0.38121775,0.368084297,0.359774048,0.350073326,0.351094454,0.344880778,0.345217533,0.334506545,0.340687632,0.342436587,0.341056977,0.342805931,0.352148172,0.353516919,0.360784314,0.368746945,0.383987833,0.401651187,0.421378524,0.455662376,0.46986041,0.47124002,0.485101298,0.498929988,0.519026669,0.542241052,0.578241269,0.610439411,0.629460649,0.610091793,0.585508663,0.565401119,0.549160828,0.538797458,0.54464179,0.532562055,0.513497366,0.495486394,0.476095812,0.460507305,0.440084732,0.423475096,0.405790017,0.388485145,0.375329966,0.353516919,0.341393732,0.331008636,0.309184727,0.29950573,0.277692684,0.264189886,0.253120417,0.232676118,0.220596383,0.205996415,0.192841236,0.168953343,0.158253218,0.139503558,0.105947531,0.075791646,0.059149422,0.016989843,0,0,0,0,0,0,0,0,0,0,0,0,0,0,0
z=058.0,0.994090489,1,1,1,1,0.999304763,0.992384987,0.984074738,0.977491717,0.975069252,0.971951551,0.968486231,0.95705828,0.938710553,0.913073706,0.894736842,0.869121721,0.852479496,0.821671827,0.796034979,0.754146977,0.731975449,0.702905871,0.68004997,0.658899571,0.631568084,0.604888382,0.573418065,0.548139699,0.531171582,0.516962685,0.495823149,0.476106675,0.444592906,0.415153984,0.400260714,0.38330346,0.36703058,0.357677475,0.349008745,0.337917549,0.323741242,0.323719516,0.314399001,0.311281299,0.30505676,0.30710988,0.301928195,0.295703655,0.294997556,0.302254087,0.306067025,0.315430992,0.332725001,0.350735973,0.367019716,0.371527891,0.371538754,0.376025202,0.394362066,0.401651187,0.42069415,0.4487426,0.478170659,0.496181631,0.519015806,0.519374287,0.531486611,0.547064255,0.583086198,0.616674814,0.621193852,0.638509587,0.657878442,0.677616642,0.701156917,0.712248113,0.709488893,0.70601271,0.709141274,0.709488893,0.715713432,0.720221607,0.718494378,0.716408669,0.710868503,0.710184129,0.705675955,0.704296345,0.695290859,0.678333605,0.65963826,0.647851828,0.638161968,0.632274184,0.626375536,0.61807615,0.611493129,0.591407311,0.581022215,0.563695617,0.552604421,0.520406279,0.504122535,0.483363207,0.462951496,0.449448699,0.44389767,0.422084623,0.393677693,0.376720439,0.361501276,0.353864538,0.343490305,0.326880669,0.324436478,0.314746619,0.312313291,0.300200967,0.297778502,0.290858726,0.288783879,0.291532236,0.288762153,0.289815871,0.290837,0.292922709,0.293965564,0.306414643,0.310238444,0.322372495,0.305045896,0.306056162,0.313030254,0.31995003,0.306088751,0.299853349,0.292585954,0.287382543,0.282189995,0.275617837,0.274922601,0.276313074,0.275281082,0.277703547,0.279083157,0.282548476,0.288773016,0.296757373,0.319928304,0.320938569,0.300896203,0.28945739,0.295692792,0.295692792,0.307826843,0.320275922,0.32684808,0.319591549,0.309554071,0.30159144,0.294302319,0.287719298,0.28599207,0.278051165,0.279778393,0.282896095,0.284949215,0.289109771,0.310933681,0.318885449,0.318201075,0.312660909,0.304383249,0.301939058,0.295692792,0.291543099,0.28945739,0.285666178,0.283917223,0.281516485,0.28393895,0.28047363,0.285296833,0.284949215,0.290847863,0.305719407,0.311618054,0.329987507,0.363891152,0.383998696,0.377057194,0.374667318,0.372918364,0.370137418,0.370485036,0.366335343,0.366672098,0.36632448,0.365314214,0.368062571,0.370843517,0.370148281,0.378132638,0.383281734,0.390918473,0.409624681,0.420683287,0.432795611,0.460192276,0.508304818,0.573070447,0.652305687,0.666883928,0.684840584,0.714670577,0.754462006,0.81064581,0.941111292,1,1,1,1
z=058.5,0.994090489,0.991689751,0.961555592,0.931758188,0.887110966,0.849709413,0.809201021,0.790147195,0.764184455,0.750334039,0.721253598,0.700135788,0.676226169,0.659975015,0.637434143,0.607658465,0.57722014,0.557807832,0.538428114,0.516615067,0.50173266,0.488914236,0.474727065,0.461202542,0.445299006,0.440454076,0.424843843,0.417924067,0.409961436,0.39819673,0.38814839,0.376025202,0.372233991,0.36494487,0.364260496,0.356287002,0.350746836,0.342805931,0.334484819,0.332746727,0.327228287,0.321666395,0.319580685,0.32132964,0.317516702,0.318201075,0.315083374,0.317169084,0.315094237,0.30643637,0.294313182,0.282548476,0.275281082,0.274933464,0.2756287,0.276671555,0.274596708,0.281158003,0.280810385,0.275606974,0.265906252,0.268698061,0.272826028,0.271457281,0.263168758,0.252077562,0.254141546,0.255532019,0.25935582,0.269730053,0.277355929,0.289120634,0.306099614,0.334484819,0.356287002,0.373265982,0.39090761,0.410309054,0.435913313,0.452544674,0.467796426,0.493748303,0.52285047,0.561609907,0.62083537,0.667926783,0.686969746,0.711563739,0.715713432,0.706360328,0.689413937,0.671044484,0.66031177,0.652685894,0.6454185,0.636413014,0.630883711,0.623616316,0.618402042,0.613567976,0.611493129,0.603878116,0.603530498,0.589669219,0.564749335,0.547759492,0.523893325,0.502427896,0.492031937,0.48199446,0.469176036,0.46430938,0.456009994,0.449090218,0.435565694,0.415501602,0.405790017,0.39819673,0.400966813,0.392993319,0.398207593,0.39819673,0.406485253,0.402346423,0.402346423,0.399934822,0.399587203,0.397164738,0.40233556,0.39681712,0.401987942,0.403747759,0.387431427,0.375319103,0.360458422,0.362870023,0.358372712,0.358709467,0.341719624,0.320634403,0.306425506,0.303992179,0.298462875,0.290152626,0.28599207,0.284264842,0.279419912,0.275270219,0.262473521,0.257606865,0.256911629,0.270425289,0.270403563,0.259344957,0.247547662,0.23891152,0.230938026,0.221943403,0.215360382,0.207756233,0.200467112,0.191135734,0.185584705,0.183509858,0.180055402,0.176579219,0.173135625,0.173461518,0.170354679,0.171734289,0.180392157,0.183183966,0.198739884,0.224702623,0.219846831,0.217782847,0.213991635,0.212622888,0.207060996,0.204964423,0.203584813,0.198033784,0.203910706,0.205333768,0.213285536,0.216729129,0.224007387,0.251056434,0.27976753,0.274922601,0.267991961,0.260376949,0.252066699,0.248253761,0.238889794,0.233740698,0.230590408,0.222975395,0.21849981,0.211210689,0.208788224,0.199087502,0.195633045,0.184552713,0.189050024,0.182771169,0.182814622,0.175579816,0.172418663,0.171734289,0.173526696,0.177665526,0.184585302,0.194981261,0.2118842,0.240627886,0.283547879,0.366693824,0.322014013,0.214176308,0.011471403,0,0
z=059.0,0.931377981,0.84347401,0.776676987,0.738916952,0.699451415,0.666894791,0.641257944,0.611493129,0.58206507,0.566476563,0.536700885,0.516962685,0.504133399,0.471935256,0.447373853,0.429699636,0.412383901,0.388843626,0.37707892,0.362522405,0.347639998,0.332399109,0.316821465,0.302623432,0.297756776,0.28599207,0.272500136,0.255868774,0.242040085,0.229558416,0.224713487,0.208103851,0.197729618,0.183509858,0.175894845,0.169670306,0.171039053,0.159969583,0.152702189,0.150964098,0.147487915,0.144728695,0.139188529,0.131562653,0.130878279,0.127760578,0.125696594,0.127087068,0.127065341,0.12256803,0.125696594,0.126739449,0.130204769,0.136755201,0.134332736,0.134691217,0.130541524,0.12946608,0.125685731,0.130183043,0.132963989,0.141295964,0.143359948,0.148183151,0.160317202,0.166194123,0.175199609,0.179707783,0.191483352,0.201857585,0.216403237,0.228493835,0.24584216,0.26278855,0.28252675,0.30364456,0.30919559,0.327543316,0.337222313,0.360784314,0.377763294,0.399228722,0.432100375,0.443560915,0.466373364,0.508641573,0.560230297,0.647460757,0.725403292,0.735440769,0.716756287,0.708098419,0.696659606,0.672424094,0.639541578,0.608016946,0.580696323,0.561968388,0.549856064,0.532551192,0.519732768,0.505197979,0.493053066,0.47852914,0.469534517,0.459149422,0.447721471,0.444245288,0.432806474,0.423116615,0.418977785,0.414132855,0.403052523,0.400608332,0.394720547,0.391613709,0.390929336,0.387800771,0.384335452,0.382608223,0.368062571,0.350735973,0.340720222,0.332746727,0.331356254,0.332735864,0.326533051,0.328597034,0.331356254,0.338971267,0.344511433,0.354918255,0.378795285,0.376383684,0.382260605,0.38676878,0.391950464,0.397849112,0.391613709,0.366661235,0.365292488,0.366693824,0.365292488,0.348682853,0.349703981,0.349019608,0.351452936,0.356287002,0.36561838,0.363891152,0.351778828,0.346282114,0.346227799,0.351778828,0.344859052,0.334148064,0.330324263,0.325142578,0.325805225,0.322361632,0.323404486,0.327901798,0.333778719,0.352821683,0.37845853,0.380533377,0.380859269,0.380533377,0.388485145,0.397132149,0.411699527,0.434870458,0.443560915,0.452544674,0.46225626,0.490630601,0.496876867,0.491347564,0.487871381,0.479571995,0.472988974,0.469176036,0.466058335,0.461202542,0.46017055,0.453239911,0.449426973,0.448058226,0.445961653,0.447015371,0.44527728,0.440421487,0.443213296,0.441105861,0.446678616,0.448764326,0.457400467,0.468133181,0.478876758,0.505860627,0.545337027,0.559198305,0.552615284,0.545000272,0.540839715,0.537396122,0.532551192,0.524947043,0.515213731,0.509000054,0.505545598,0.500005432,0.49235783,0.481657705,0.471935256,0.460214002,0.441486068,0.425549943,0.384237684,0.349454131,0.141687035,0,0
z=059.5,0.987518331,0.966400521,0.93456086,0.910314486,0.885046983,0.863907447,0.838618217,0.81475205,0.770778339,0.722644071,0.677985987,0.637097387,0.597305958,0.557123459,0.525957308,0.494106784,0.461908642,0.435587421,0.413774374,0.389180381,0.3697898,0.349019608,0.325490196,0.309554071,0.298799631,0.282537613,0.269034816,0.249296616,0.238900657,0.226451578,0.218836565,0.208103851,0.200825593,0.185932323,0.171734289,0.159980446,0.160317202,0.15581989,0.149584488,0.144033458,0.143338222,0.137808919,0.134343599,0.130183043,0.129487806,0.126022487,0.126380968,0.121872793,0.12118842,0.120840802,0.122557167,0.12741296,0.131236761,0.133648362,0.135038835,0.137113682,0.145413068,0.151300853,0.158231492,0.167236978,0.17969692,0.185943186,0.197023519,0.207050133,0.22263864,0.237184292,0.255195264,0.269034816,0.289098908,0.308869697,0.335505948,0.362174787,0.38538917,0.425191462,0.46363587,0.500668079,0.546705774,0.596925751,0.627081636,0.650241703,0.64955733,0.648155994,0.639183097,0.652675031,0.659247189,0.671402966,0.688012601,0.713975341,0.715354951,0.698745315,0.680028244,0.627440117,0.600760415,0.570984737,0.5512574,0.531497474,0.508304818,0.490652327,0.454641247,0.426571072,0.40788659,0.383651078,0.363576123,0.344869915,0.328955516,0.312335017,0.299864212,0.287382543,0.271479007,0.262451795,0.244114931,0.234750964,0.228515561,0.215360382,0.206007278,0.200477975,0.185584705,0.182477866,0.173830862,0.166878497,0.162728803,0.155102928,0.148878388,0.144728695,0.138851773,0.134343599,0.132605508,0.131910271,0.129140188,0.126380968,0.125685731,0.127760578,0.128814296,0.127076204,0.130530661,0.133648362,0.143349085,0.143001467,0.147509641,0.153049807,0.164466895,0.172103634,0.175547227,0.192526207,0.20428005,0.224713487,0.23753191,0.255532019,0.285296833,0.301254685,0.336548802,0.373613601,0.40788659,0.412764108,0.424137744,0.417217968,0.424496225,0.435576557,0.451154201,0.472282874,0.496876867,0.544609201,0.58687741,0.630177611,0.676552061,0.740622454,0.78496551,0.808864266,0.828602466,0.824778665,0.818554125,0.812677204,0.808179892,0.774917169,0.709478029,0.67658465,0.642322525,0.615284341,0.59242844,0.567519418,0.547064255,0.527000163,0.508978328,0.486480908,0.468469936,0.453946011,0.433175819,0.418977785,0.399239585,0.385725925,0.373613601,0.356993102,0.338286894,0.327890935,0.304361523,0.297050676,0.274216501,0.266601488,0.252414318,0.227125088,0.216739992,0.202520232,0.185954049,0.165194721,0.148900114,0.13431101,0.114236055,0.103123133,0.0599207,0.013187768,0,0,0,0,0,0,0,0,0,0,0,0,0
z=060.0,0.968822986,0.951528977,0.934897616,0.918277117,0.908239639,0.900613764,0.887458585,0.880886427,0.873608169,0.866688393,0.847993048,0.81959698,0.808169029,0.79363424,0.776296779,0.747553093,0.713649449,0.689403074,0.673141057,0.652012384,0.616338059,0.583792298,0.55401662,0.542241052,0.521123242,0.50933681,0.489957091,0.473325729,0.462245397,0.451860301,0.435935039,0.423475096,0.407897453,0.389180381,0.37707892,0.364934007,0.353506056,0.334126338,0.321666395,0.316137092,0.309206453,0.30297105,0.300896203,0.295692792,0.297083265,0.293976427,0.290174352,0.294660801,0.29674651,0.302634295,0.306783988,0.316821465,0.32755418,0.335875292,0.34867199,0.361142795,0.375666721,0.392298083,0.400619195,0.407191353,0.416207702,0.424865569,0.441475205,0.454641247,0.472630493,0.491999348,0.515224594,0.543620662,0.579273261,0.611156374,0.631546358,0.638824616,0.653739612,0.686611265,0.70739232,0.715713432,0.722654935,0.747205475,0.740622454,0.721590354,0.687317365,0.66583021,0.629829993,0.612514258,0.596241377,0.5862039,0.589669219,0.583107925,0.579262397,0.564032372,0.539818587,0.519037532,0.502427896,0.481983597,0.461908642,0.446320135,0.429362881,0.415501602,0.396121884,0.384346315,0.371549617,0.355950247,0.343490305,0.332409972,0.3151051,0.291879854,0.273542991,0.25864972,0.249655097,0.225745478,0.210873934,0.200488838,0.190777253,0.179360165,0.172092771,0.164814513,0.154755309,0.149573624,0.140579002,0.134006844,0.129151051,0.121872793,0.112530552,0.112519689,0.109065233,0.099375373,0.099027755,0.100407365,0.095910054,0.093835207,0.095910054,0.093824344,0.097637282,0.095910054,0.101776112,0.101113465,0.105610776,0.112878171,0.114594536,0.124664603,0.128466678,0.136776927,0.147509641,0.159263484,0.171734289,0.189756124,0.210167834,0.225050242,0.258638857,0.276997447,0.294302319,0.31195481,0.336907284,0.354223019,0.375688447,0.40233556,0.436967031,0.475085547,0.521112378,0.583433817,0.630503503,0.597631851,0.583759709,0.592786921,0.617033295,0.668611156,0.697007224,0.69525827,0.683841182,0.683841182,0.696985498,0.690793547,0.675563522,0.65755255,0.641616425,0.621193852,0.609765901,0.591396448,0.576861659,0.558850687,0.541893433,0.52285047,0.5072511,0.488566618,0.476095812,0.452555537,0.432828201,0.411341046,0.393004182,0.363217642,0.339003856,0.317169084,0.28323285,0.252403454,0.209135843,0.162413774,0.061278583,0.002433328,0,0,0,0,0,0,0,0,0,0,0,0,0,0,0,0,0,0,0,0,0,0,0,0,0
z=060.5,0.975731899,0.957742654,0.916528163,0.878800717,0.845874749,0.792211178,0.744804736,0.713616859,0.663081853,0.628798001,0.597631851,0.56508609,0.540850578,0.515235457,0.495834012,0.469165173,0.458769214,0.431090109,0.40788659,0.383998696,0.3697898,0.350746836,0.331714736,0.316473847,0.30297105,0.289120634,0.277345065,0.26558036,0.251371463,0.239965238,0.231980881,0.224029113,0.221954266,0.208092988,0.199782739,0.187659551,0.174515235,0.174156754,0.168975069,0.16550975,0.163087285,0.158231492,0.156841019,0.154777035,0.153723318,0.152343708,0.149573624,0.145413068,0.144728695,0.146825268,0.149236869,0.151648471,0.152017815,0.150627342,0.155461409,0.163087285,0.16275053,0.171397534,0.175210472,0.179707783,0.188354788,0.198739884,0.202541959,0.217782847,0.227146814,0.24167074,0.250676226,0.264179023,0.276997447,0.303655423,0.322339905,0.346933898,0.370843517,0.386442887,0.407875726,0.416196839,0.429688773,0.447015371,0.48061485,0.504861224,0.53045462,0.577176688,0.618423768,0.673086742,0.703242627,0.722307316,0.733713541,0.745130628,0.747205475,0.733376786,0.717093042,0.682124817,0.664102982,0.636771495,0.604910108,0.577556895,0.557123459,0.53013959,0.513508229,0.496540112,0.483037315,0.467459671,0.449785454,0.428656781,0.400260714,0.38192385,0.369800663,0.3500516,0.335864429,0.317516702,0.312650046,0.296735647,0.289479116,0.273184509,0.270425289,0.256553148,0.246189778,0.241333985,0.234066591,0.222627777,0.223681495,0.215382109,0.210526316,0.202552822,0.20498615,0.20014122,0.198403129,0.197349411,0.197360274,0.197707892,0.198403129,0.201173212,0.207050133,0.209483461,0.212601162,0.215382109,0.222975395,0.230622997,0.237868665,0.253109554,0.260387812,0.269393297,0.289109771,0.311270436,0.334810711,0.354874803,0.377763294,0.397501494,0.417924067,0.441127587,0.477116941,0.5079572,0.561294878,0.599022324,0.62359459,0.65231655,0.674857422,0.688360219,0.7046331,0.719884851,0.736494487,0.754462006,0.707055565,0.69564934,0.71015154,0.719167889,0.73264896,0.762098745,0.761414372,0.740285699,0.720895117,0.704980718,0.687317365,0.670360111,0.653739612,0.641268807,0.62016186,0.607680191,0.589332464,0.573733094,0.556417359,0.542230188,0.522155233,0.504828635,0.487871381,0.472282874,0.449448699,0.42967791,0.4092662,0.385378306,0.361838032,0.337265765,0.310944544,0.279409049,0.244810168,0.203595676,0.146075716,0.041572973,0,0,0,0,0,0,0,0,0,0,0,0,0,0,0,0,0,0,0,0,0,0,0,0,0
z=061.0,0.925522785,0.886763348,0.824083428,0.77803487,0.736146869,0.709836511,0.684199663,0.655130085,0.636413014,0.612177503,0.593818913,0.575807941,0.555385367,0.530465483,0.505197979,0.487523763,0.473673347,0.46017055,0.44251806,0.42553908,0.409277063,0.40442127,0.387116398,0.376036065,0.362163924,0.34382706,0.331008636,0.315789474,0.298462875,0.282885232,0.268665472,0.254836782,0.243419695,0.237868665,0.233012873,0.218847428,0.213285536,0.206376623,0.199087502,0.195622182,0.18662756,0.179718646,0.178328173,0.175221335,0.173483244,0.173472381,0.173124762,0.171745152,0.170702298,0.173472381,0.173472381,0.173124762,0.17902341,0.179707783,0.187333659,0.191472489,0.195980664,0.212242681,0.219520939,0.228189669,0.244799305,0.253815654,0.261778285,0.286328825,0.293617946,0.302275813,0.309901689,0.324805823,0.334484819,0.344869915,0.360447559,0.372918364,0.392993319,0.409950573,0.427972408,0.450828309,0.480245505,0.50035305,0.512802129,0.541534952,0.566835044,0.586573244,0.603867253,0.612872739,0.629829993,0.675215904,0.716039324,0.763500081,0.817837163,0.832393678,0.819944598,0.805746565,0.792928141,0.782901526,0.772494704,0.752061268,0.724023681,0.693552767,0.656857314,0.623942208,0.603508772,0.5854978,0.562674488,0.549497583,0.532551192,0.517299441,0.506577589,0.482320352,0.458780077,0.443908533,0.425202325,0.408929444,0.399934822,0.387822497,0.376361958,0.349030471,0.340372603,0.32062354,0.310586063,0.300200967,0.292922709,0.284623323,0.276997447,0.269730053,0.268687198,0.260724567,0.262462658,0.26002933,0.259714301,0.266634077,0.270783771,0.273173646,0.282885232,0.298799631,0.308163598,0.313008528,0.318211939,0.324784096,0.338297757,0.344869915,0.35320189,0.366313617,0.383292597,0.404073652,0.424854706,0.455988268,0.484058443,0.503427299,0.508989191,0.521785889,0.534615176,0.552256803,0.564390853,0.58482429,0.618402042,0.640225952,0.639867471,0.639183097,0.640562707,0.643006898,0.650611048,0.655119222,0.663429472,0.675563522,0.691825539,0.719504644,0.725066536,0.730259084,0.738199989,0.749617077,0.773874314,0.78425941,0.779772962,0.774928032,0.771125957,0.769040248,0.758285807,0.69770246,0.654760741,0.621856499,0.59695834,0.567160936,0.547781218,0.527684536,0.506914345,0.491336701,0.470229754,0.451523546,0.435945902,0.419998914,0.400966813,0.386421161,0.370485036,0.356276139,0.346944761,0.331008636,0.311965673,0.302243224,0.285307696,0.275563522,0.258291239,0.248242898,0.232676118,0.226440715,0.211916789,0.194253435,0.188365651,0.172451252,0.160230297,0.1571995,0.146836131,0.159578513,0.053011786,0,0,0,0,0,0,0,0,0,0
z=061.5,0.989929933,0.98510673,0.97888219,0.974026397,0.956026289,0.926587366,0.892314377,0.848329803,0.812318723,0.795339743,0.771821194,0.737526479,0.701863017,0.669306393,0.648166857,0.619108142,0.595557004,0.573048721,0.557807832,0.538091358,0.51071642,0.470186302,0.441822823,0.421052632,0.400966813,0.380880995,0.359404704,0.34174135,0.31924393,0.307120743,0.291879854,0.278746402,0.25864972,0.248612243,0.239943512,0.227135951,0.217087611,0.215718864,0.205670523,0.203595676,0.200130357,0.186290804,0.184900331,0.183520721,0.176579219,0.174862854,0.172788007,0.172788007,0.177285319,0.174851991,0.179707783,0.181435012,0.187659551,0.192167726,0.20428005,0.209472598,0.218130465,0.226462441,0.242355114,0.252077562,0.267655206,0.288773016,0.299864212,0.325816088,0.344859052,0.36009994,0.388496008,0.425191462,0.463288252,0.480256368,0.496192494,0.514540221,0.545695508,0.571332356,0.602465917,0.630536093,0.66307099,0.686285373,0.698756178,0.724012818,0.727825756,0.76522731,0.798109826,0.806061594,0.80608332,0.805735701,0.792591386,0.790168921,0.788441692,0.774232796,0.761783716,0.749649666,0.714333822,0.678301016,0.646124599,0.6249742,0.603867253,0.585182771,0.567182663,0.551605019,0.538428114,0.525946445,0.510042909,0.495149639,0.479571995,0.467796426,0.457737222,0.448047363,0.43767313,0.427983271,0.42069415,0.409613818,0.402694042,0.392298083,0.381576232,0.376720439,0.368421053,0.364955733,0.352843409,0.350768562,0.345217533,0.33968823,0.337254902,0.328944653,0.325131715,0.320634403,0.313703764,0.312324154,0.311976536,0.310238444,0.305404378,0.306773125,0.299516593,0.299864212,0.299168975,0.298810494,0.262462658,0.246178915,0.224365868,0.214328391,0.201499104,0.193221444,0.185932323,0.182119385,0.179686057,0.176926837,0.171397534,0.173809136,0.175199609,0.175199609,0.183846613,0.18107653,0.186964315,0.193569062,0.198381402,0.206018141,0.221248167,0.240649612,0.257932758,0.282189995,0.315789474,0.35143121,0.374645592,0.401281842,0.436977894,0.481972734,0.504144262,0.536320678,0.586540655,0.622899354,0.628450383,0.634327304,0.647178317,0.673119331,0.680745207,0.67520504,0.672087339,0.667590028,0.662060725,0.659279778,0.65546684,0.647851828,0.644734126,0.640236815,0.636076259,0.632621802,0.627081636,0.624637445,0.620476889,0.61323122,0.610808756,0.606648199,0.601781544,0.596947477,0.594177394,0.589321601,0.586551518,0.579968497,0.577198414,0.571321493,0.568562273,0.564749335,0.558872413,0.55610233,0.551235674,0.545000272,0.54534789,0.535310412,0.532214437,0.524925316,0.517310304,0.516278312,0.506555863,0.498614958,0.494791157,0.48818641,0.465026343,0.457367878,0.451556135,0.434196947,0.322502852,0.122415947,0
z=062.0,0.970202596,0.952202488,0.924501657,0.905828038,0.879148335,0.857324426,0.82373581,0.80123839,0.775601543,0.740296562,0.716397806,0.692151431,0.645081745,0.620476889,0.595546141,0.568899028,0.552626147,0.536331541,0.515224594,0.491695182,0.473684211,0.452218782,0.433871055,0.420346532,0.405105643,0.387800771,0.38121775,0.369778937,0.356634621,0.343490305,0.329281408,0.310944544,0.304361523,0.288783879,0.277334202,0.270772908,0.256238119,0.245146923,0.231285644,0.22748357,0.223333876,0.218478084,0.214676009,0.212601162,0.211905926,0.211558308,0.21050459,0.211558308,0.211905926,0.214339254,0.216066482,0.219520939,0.222975395,0.230948889,0.236499919,0.248275487,0.257954484,0.271109663,0.280104285,0.297083265,0.300896203,0.308185324,0.321318777,0.333431101,0.345554288,0.356287002,0.373244256,0.385725925,0.400966813,0.43452284,0.447352126,0.468817555,0.487176145,0.512443648,0.531508337,0.572342621,0.606300581,0.63919396,0.671728858,0.696311987,0.717788279,0.73855847,0.761751127,0.766617783,0.775590679,0.787757319,0.81683776,0.837933844,0.841029819,0.81889088,0.78496551,0.764890555,0.73926457,0.720558362,0.702895008,0.689728966,0.673814567,0.663766227,0.648536201,0.636423877,0.622562598,0.613915594,0.603497909,0.592450166,0.58344468,0.575134431,0.566128945,0.554353376,0.538428114,0.524925316,0.512802129,0.506219108,0.491336701,0.480951605,0.474705339,0.466753571,0.464320243,0.454630384,0.451512683,0.444929662,0.445614035,0.437325512,0.434903047,0.432132964,0.429710499,0.4290044,0.428678507,0.427972408,0.428656781,0.431416001,0.44251806,0.444256151,0.446667753,0.444929662,0.444592906,0.445635761,0.438705122,0.401651187,0.337254902,0.310216718,0.28323285,0.26073543,0.247210907,0.228526424,0.211916789,0.204258324,0.192167726,0.18524795,0.176579219,0.170007061,0.16275053,0.163065559,0.161001575,0.158926729,0.161349193,0.166194123,0.172418663,0.189375917,0.202878714,0.22886318,0.242713595,0.255521156,0.273162783,0.28807778,0.290489381,0.294997556,0.298462875,0.308858834,0.323067731,0.350746836,0.356634621,0.359057085,0.355591766,0.359752322,0.35734072,0.369453044,0.385378306,0.407528108,0.409624681,0.399598066,0.393699419,0.390234099,0.382966705,0.374982348,0.372929227,0.364618978,0.361142795,0.354918255,0.350410081,0.344859052,0.338656238,0.333800445,0.33169301,0.329976644,0.326858943,0.320971159,0.320275922,0.316473847,0.316788876,0.317169084,0.315061648,0.315789474,0.315072511,0.321688121,0.320286785,0.330302537,0.341056977,0.350768562,0.367747542,0.388094074,0.420705013,0.467155505,0.544305035,0.542251915,0.5374613,0.541926022,0.536385856,0.539764271,0.53802618,0.534528271,0.542990603,0.661354625,0.250980392
z=062.5,0.928640487,0.869099995,0.825484765,0.793960133,0.754831351,0.716408669,0.681777198,0.629145619,0.582771169,0.551213948,0.518700777,0.493759166,0.461897779,0.433860192,0.411351909,0.393340937,0.370137418,0.348346097,0.329281408,0.300190104,0.27838792,0.258997339,0.248612243,0.226788333,0.213980772,0.204627668,0.183520721,0.174862854,0.162033567,0.153712455,0.143338222,0.129476943,0.114953017,0.105252295,0.103872685,0.092107979,0.091749498,0.086209331,0.076508609,0.071316061,0.064407148,0.061278583,0.054695562,0.050187388,0.048481886,0.048123404,0.046732931,0.041192765,0.041214491,0.039824018,0.041203628,0.043289338,0.043278475,0.04846016,0.052620716,0.055738417,0.063701048,0.070968443,0.074444625,0.082048775,0.086926294,0.099722992,0.109412851,0.120145565,0.131225898,0.139536147,0.151659334,0.176242464,0.190429634,0.211210689,0.228189669,0.256911629,0.275965455,0.30435066,0.32200315,0.350420944,0.377752431,0.398555212,0.435228939,0.474716202,0.510694693,0.54464179,0.572353484,0.604910108,0.628798001,0.656868177,0.703231764,0.765216447,0.837564499,0.864950301,0.860800608,0.854576069,0.844875346,0.835858997,0.819922872,0.799511162,0.769724621,0.71882027,0.676237032,0.649231438,0.619792515,0.599369942,0.578241269,0.565433708,0.54396828,0.529411765,0.514876976,0.500331324,0.486491771,0.479213514,0.461908642,0.452903156,0.442170442,0.432469719,0.429341155,0.415164847,0.411004291,0.40580088,0.395763402,0.386073543,0.385041551,0.378806148,0.378110912,0.370137418,0.373255119,0.36565097,0.366682961,0.367019716,0.362522405,0.365292488,0.335864429,0.309206453,0.301569714,0.288088643,0.28047363,0.279430775,0.273532128,0.26833958,0.269382434,0.273521264,0.276313074,0.281842377,0.291890718,0.305393515,0.327543316,0.342458313,0.353842811,0.362870023,0.379816414,0.390918473,0.419303677,0.445939927,0.463983488,0.455673239,0.45150182,0.475748194,0.515550486,0.51938515,0.533202976,0.537037641,0.53183423,0.525262072,0.51938515,0.516973548,0.511433382,0.515235457,0.513508229,0.516615067,0.52907501,0.543273043,0.534962794,0.52907501,0.518700777,0.513486503,0.507968063,0.502069415,0.494465265,0.485448916,0.476106675,0.476454294,0.467785563,0.459844658,0.455673239,0.451871164,0.446689479,0.446330998,0.444245288,0.436641138,0.435598284,0.431437727,0.427635653,0.425886698,0.425180599,0.428656781,0.424854706,0.427961545,0.426234316,0.431079246,0.436608549,0.445972516,0.452186193,0.46017055,0.475389713,0.487523763,0.507240237,0.543620662,0.605583618,0.624626582,0.626386399,0.630894574,0.634327304,0.637119114,0.643680408,0.657878442,0.664461463,0.687980012,0.707099017,0.754874803,0.835152898,0.988528597,1,1,1
z=063.0,0.961881484,0.94216501,0.905100212,0.871848352,0.826864375,0.791537668,0.762109608,0.727141383,0.698039216,0.669306393,0.64333279,0.611156374,0.587225029,0.548454728,0.527684536,0.503101407,0.482657107,0.463983488,0.44389767,0.424170333,0.413774374,0.393004182,0.379142904,0.369116289,0.352832546,0.343837923,0.331377981,0.320286785,0.296735647,0.284601597,0.271804899,0.266970833,0.256227255,0.245831297,0.236499919,0.225745478,0.219195046,0.216392374,0.203954158,0.198403129,0.194253435,0.189050024,0.18524795,0.183509858,0.18107653,0.182803759,0.179707783,0.178306447,0.178654066,0.179012547,0.180392157,0.183509858,0.183520721,0.191124871,0.195622182,0.203258921,0.20565966,0.216066482,0.22401825,0.229221661,0.244440823,0.25727011,0.264537505,0.275617837,0.284970941,0.293617946,0.307479224,0.316810602,0.338276031,0.34658628,0.367378198,0.382955842,0.40166205,0.424148607,0.443180707,0.435956765,0.452522948,0.472978111,0.482287763,0.481614252,0.475715605,0.486459182,0.504796046,0.512106893,0.531855956,0.567182663,0.587909402,0.604877519,0.622910217,0.626386399,0.613567976,0.596588996,0.583792298,0.573743957,0.564054098,0.550551301,0.54050296,0.527011026,0.521807615,0.511064038,0.486839389,0.466080061,0.453598392,0.435935039,0.421747868,0.416881212,0.399923959,0.391276954,0.382619086,0.370832654,0.365314214,0.360447559,0.351463799,0.344522296,0.343816197,0.338297757,0.333420238,0.322361632,0.323393623,0.316821465,0.317516702,0.315789474,0.316810602,0.316462984,0.313345283,0.315094237,0.315789474,0.314757482,0.318211939,0.328249416,0.331030362,0.342805931,0.358025094,0.365998588,0.364934007,0.336548802,0.314388138,0.30297105,0.295008419,0.291553962,0.28599207,0.288414535,0.287393406,0.283602194,0.282200858,0.288773016,0.292238336,0.301928195,0.306447233,0.317158221,0.328271142,0.342784205,0.363217642,0.392993319,0.420346532,0.433871055,0.449437836,0.471946119,0.492379556,0.527347781,0.570963011,0.600412797,0.62705991,0.689012004,0.727825756,0.736092553,0.689750693,0.656498832,0.629482375,0.606637336,0.590038564,0.570289501,0.553669002,0.536353267,0.523534843,0.506555863,0.493770029,0.474705339,0.465710716,0.450480691,0.437651404,0.421726142,0.414458747,0.399923959,0.390918473,0.380522514,0.364260496,0.354907392,0.342099832,0.336537939,0.322372495,0.307490087,0.303666286,0.292238336,0.281136277,0.270783771,0.258312965,0.248623106,0.242713595,0.227820325,0.219531802,0.206387486,0.201151486,0.1914399,0.180739775,0.174113302,0.165205584,0.159241758,0.145391342,0.137439574,0.138113085,0.124642877,0.124327847,0.140166205,0.161827169,0.081918418,0,0,0,0,0,0,0
z=063.5,0.990961925,0.984074738,0.977839335,0.975069252,0.955331052,0.935951333,0.910314486,0.878116343,0.858019662,0.836554234,0.81613166,0.789115203,0.765564065,0.742034653,0.717451524,0.699777307,0.671033621,0.651295421,0.614936723,0.584487535,0.564760198,0.539470968,0.519732768,0.502753788,0.480603987,0.461897779,0.424865569,0.400608332,0.375004074,0.361838032,0.338992993,0.325153441,0.320971159,0.29950573,0.28393895,0.280821248,0.271109663,0.253109554,0.247580251,0.229558416,0.22401825,0.219195046,0.212612025,0.213633154,0.211210689,0.207756233,0.209841942,0.208451469,0.212242681,0.213285536,0.221954266,0.233708109,0.244777579,0.246885014,0.254152409,0.261072185,0.267991961,0.288425398,0.294313182,0.308522079,0.335875292,0.354907392,0.375688447,0.391255228,0.404084515,0.412036283,0.426592798,0.443886807,0.46225626,0.489957091,0.521785889,0.542219325,0.567856173,0.586551518,0.600749552,0.608375428,0.621519744,0.647504209,0.663429472,0.646450492,0.629134756,0.644006301,0.637445006,0.633295313,0.6447124,0.635717777,0.617022432,0.595220249,0.578947368,0.544652653,0.524925316,0.507620444,0.487534626,0.469882136,0.455673239,0.439389495,0.425191462,0.411699527,0.401998805,0.381554505,0.374993211,0.361848895,0.355255011,0.342099832,0.334821574,0.32132964,0.311281299,0.305741133,0.293965564,0.290152626,0.278051165,0.270772908,0.264537505,0.26002933,0.252425181,0.246874151,0.243430558,0.239259139,0.234761827,0.231644126,0.230601271,0.226799196,0.223333876,0.221584922,0.215371245,0.216739992,0.218478084,0.210178698,0.213991635,0.216066482,0.219510075,0.224365868,0.222627777,0.22539786,0.226788333,0.233697246,0.238574765,0.249991853,0.257606865,0.260040193,0.269045679,0.283928086,0.291543099,0.305035033,0.31857042,0.334821574,0.357666612,0.39158112,0.414469611,0.430047254,0.446678616,0.463646733,0.480593124,0.492010211,0.467057737,0.465330509,0.474335995,0.502742925,0.52285047,0.542556081,0.543620662,0.541198197,0.545662919,0.549856064,0.545032861,0.554690131,0.559198305,0.554711857,0.54396828,0.535310412,0.532877084,0.534962794,0.542545218,0.560577915,0.553994894,0.539470968,0.528053881,0.51800554,0.510032046,0.502417033,0.488219,0.479919613,0.468850144,0.46710119,0.462593015,0.45879094,0.452892293,0.463288252,0.475759057,0.463983488,0.444592906,0.431437727,0.416544457,0.401651187,0.383640215,0.363228505,0.346944761,0.322339905,0.29812612,0.275259356,0.242702732,0.205648797,0.156167509,0.079963066,0.003128564,0,0,0,0,0,0,0,0,0,0,0,0,0,0,0,0,0,0
z=064.0,0.957731791,0.923111184,0.879137472,0.84693933,0.814056814,0.78496551,0.759339525,0.738210852,0.720569225,0.709825648,0.689750693,0.674520667,0.657541687,0.637455869,0.61807615,0.602161751,0.590027701,0.576872522,0.557123459,0.538438977,0.512802129,0.501037423,0.476791049,0.461908642,0.450839172,0.436282657,0.426234316,0.411004291,0.406170224,0.393688556,0.37707892,0.363912878,0.356645484,0.348335234,0.336581392,0.330324263,0.320634403,0.311281299,0.305393515,0.303655423,0.296051274,0.293617946,0.293965564,0.290174352,0.289815871,0.289120634,0.28531856,0.283917223,0.28461246,0.288088643,0.286339688,0.291890718,0.295356037,0.29812612,0.30159144,0.309554071,0.314399001,0.322014013,0.337939275,0.342110695,0.349725707,0.355602629,0.346238662,0.34796589,0.351094454,0.359752322,0.36565097,0.387800771,0.401998805,0.420009777,0.436630275,0.445614035,0.458432459,0.4684808,0.480962468,0.502753788,0.520775623,0.526294063,0.524577698,0.53183423,0.53912335,0.555732986,0.575482049,0.600412797,0.628787138,0.665504318,0.709814785,0.738210852,0.771810331,0.768345011,0.737167997,0.722274727,0.695616751,0.661702243,0.647840965,0.6256803,0.607006681,0.592797784,0.579284124,0.565444571,0.554364239,0.5467275,0.533235566,0.520069524,0.504144262,0.476117538,0.452892293,0.436641138,0.420705013,0.40788659,0.397143012,0.38330346,0.368051708,0.34796589,0.336212047,0.329629026,0.315778611,0.311965673,0.306077888,0.30021183,0.296040411,0.297420021,0.296029548,0.298462875,0.302623432,0.312997664,0.320275922,0.323046005,0.326163706,0.334821574,0.341404595,0.355950247,0.36703058,0.373961219,0.38330346,0.387453153,0.399587203,0.409961436,0.428309163,0.442865678,0.46501548,0.475074684,0.493074792,0.504839498,0.515908967,0.532551192,0.556091467,0.580316115,0.61354625,0.644364782,0.667600891,0.688718701,0.721948835,0.764532073,0.779425344,0.746510238,0.713964478,0.698397697,0.692488186,0.704274618,0.703242627,0.68765412,0.675194177,0.667231546,0.659953289,0.655803596,0.643343653,0.640562707,0.635391885,0.63434903,0.635391885,0.639183097,0.649579056,0.665515181,0.655814459,0.645429363,0.632274184,0.626038781,0.611145511,0.602487643,0.592797784,0.580316115,0.569246646,0.555754712,0.542599533,0.535310412,0.52009125,0.506914345,0.494117647,0.479930476,0.471609364,0.452892293,0.436967031,0.424507088,0.4085601,0.392993319,0.371506165,0.355939384,0.332040628,0.308163598,0.286676443,0.255847048,0.216729129,0.174156754,0.106306013,0.008342839,0,0,0,0,0,0,0,0,0,0,0,0,0,0,0,0,0
z=064.5,0.978512846,0.944239857,0.898853946,0.850067894,0.817522134,0.783238281,0.751376894,0.725403292,0.68280919,0.651675629,0.620857096,0.592439303,0.567867036,0.547422736,0.519037532,0.492021074,0.473695074,0.453935147,0.421737005,0.39681712,0.370485036,0.352484927,0.328922927,0.305393515,0.292249199,0.276660692,0.26002933,0.240638749,0.231633263,0.218141329,0.208440606,0.197707892,0.190798979,0.180381294,0.169300961,0.164141003,0.154081799,0.141980338,0.135723209,0.130878279,0.129487806,0.122231275,0.124306121,0.12186193,0.115648254,0.11910271,0.113910162,0.110455706,0.110792461,0.115300635,0.115995872,0.115289772,0.121536038,0.126011623,0.125348976,0.131573516,0.137808919,0.143349085,0.149236869,0.159611102,0.167921351,0.179012547,0.187311933,0.200825593,0.222649503,0.234088317,0.248275487,0.271446418,0.299820759,0.324077997,0.350399218,0.372929227,0.389191244,0.413394167,0.433512574,0.452207919,0.467427082,0.488229863,0.50311227,0.519721905,0.532192711,0.543620662,0.550181956,0.558839824,0.579251534,0.605246863,0.657519961,0.701493672,0.717799142,0.711911357,0.701504535,0.685600999,0.680397588,0.664819945,0.657889305,0.648872956,0.636423877,0.62083537,0.590016838,0.565096953,0.548813209,0.515202868,0.48337407,0.46155016,0.44113845,0.430058117,0.413437619,0.396469502,0.383651078,0.36703058,0.362522405,0.355591766,0.341393732,0.328944653,0.303318668,0.26625387,0.239954375,0.220563793,0.201173212,0.191114008,0.181771767,0.169290098,0.160643094,0.14853077,0.142642985,0.140904894,0.136070827,0.130878279,0.132583781,0.133300744,0.134006844,0.137787192,0.142295367,0.151626745,0.16550975,0.180739775,0.200477975,0.228515561,0.249622508,0.266601488,0.274227364,0.292575091,0.295345174,0.306773125,0.313008528,0.320634403,0.330335126,0.347639998,0.363923741,0.37845853,0.400977676,0.439400358,0.454282766,0.471598501,0.495497257,0.5079572,0.540155342,0.592765195,0.62981913,0.666883928,0.679333007,0.702210635,0.733724404,0.76246809,0.787387975,0.810233013,0.814404432,0.81475205,0.81475205,0.814393569,0.810928249,0.773885177,0.73402857,0.716408669,0.697724187,0.68351529,0.67244582,0.660659388,0.651653903,0.641627288,0.635044267,0.627418391,0.623974798,0.617022432,0.61531693,0.614621694,0.615653685,0.612894465,0.619466623,0.627766009,0.6454185,0.680028244,0.682820053,0.677975124,0.668969638,0.659964152,0.65408723,0.645429363,0.635402748,0.628113628,0.624289827,0.61461083,0.609070664,0.597653577,0.58758351,0.57859975,0.575145294,0.56370648,0.55542882,0.543946554,0.535636304,0.523230677,0.511748411,0.499299332,0.48956602,0.472967248,0.451523546,0.427255445,0.394307751,0.342501765,0.237912118,0.020857096,0
z=065.0,0.967443376,0.932127532,0.890880452,0.859399272,0.832752159,0.814045951,0.791200912,0.777708978,0.748595948,0.731280213,0.708098419,0.695290859,0.678311879,0.655825322,0.630199337,0.60870132,0.574439194,0.551246537,0.536700885,0.517288577,0.497930585,0.475074684,0.455336484,0.438694259,0.42207376,0.40512737,0.388506871,0.382271468,0.375688447,0.363206779,0.347639998,0.335527674,0.331008636,0.320982022,0.313008528,0.308163598,0.294997556,0.282885232,0.266970833,0.262810276,0.255521156,0.250350334,0.245494541,0.243072076,0.236836674,0.236478192,0.238227147,0.23961762,0.242029222,0.24446255,0.245505404,0.251708218,0.26833958,0.270066808,0.278746402,0.278746402,0.287730161,0.298810494,0.302286676,0.312660909,0.316821465,0.327912661,0.335516811,0.350410081,0.356634621,0.372907501,0.391602846,0.419281951,0.437662267,0.454271903,0.469523654,0.495149639,0.530791375,0.555048612,0.568192928,0.582054207,0.590016838,0.593840639,0.588278746,0.583086198,0.585845418,0.574102439,0.561968388,0.564401716,0.567171799,0.587235892,0.610787029,0.640877736,0.652675031,0.646450492,0.619119005,0.599022324,0.584129053,0.566128945,0.553647276,0.536690022,0.525251209,0.510390527,0.498604095,0.487197871,0.474716202,0.461213405,0.449785454,0.445961653,0.429352018,0.422432242,0.413090001,0.405474988,0.389886481,0.354918255,0.331367117,0.312324154,0.29674651,0.288088643,0.271109663,0.256933355,0.244104068,0.236847537,0.224365868,0.216077345,0.206713378,0.201162349,0.192504481,0.182467003,0.170713161,0.171039053,0.164119277,0.153049807,0.151311716,0.147498778,0.140231383,0.138851773,0.130889142,0.131236761,0.129509532,0.129161914,0.123263267,0.129151051,0.126717723,0.125001358,0.125685731,0.130183043,0.130889142,0.133289881,0.14022052,0.142664711,0.146119168,0.155113791,0.164108413,0.171723426,0.181445875,0.187333659,0.202911303,0.212264407,0.235446201,0.251023844,0.264895986,0.292238336,0.314735756,0.342088969,0.380522514,0.413763511,0.470870675,0.548128836,0.600738689,0.646439628,0.709412851,0.710835913,0.671381239,0.635391885,0.610797893,0.588637228,0.564401716,0.544663516,0.52974852,0.512791266,0.500331324,0.478518277,0.466416816,0.450491554,0.437651404,0.4290044,0.412394764,0.397859975,0.386084406,0.378121775,0.366693824,0.353875401,0.339340612,0.332735864,0.32546847,0.309521482,0.304709141,0.293976427,0.282505024,0.284601597,0.290858726,0.309184727,0.311618054,0.278029439,0.244114931,0.196654174,0.126359242,0.013502797,0,0,0,0,0,0,0,0,0,0,0,0,0,0,0,0,0,0,0
z=065.5,0.987148987,0.968475368,0.943555483,0.920026071,0.901656618,0.876041497,0.852142741,0.837597089,0.819249362,0.809211884,0.793612514,0.759328662,0.726446146,0.69770246,0.6644506,0.649568193,0.626712292,0.592786921,0.55956765,0.542936288,0.515550486,0.497572104,0.474020966,0.462951496,0.450133073,0.432817337,0.415501602,0.391950464,0.381587095,0.361838032,0.3545815,0.340014122,0.323741242,0.307120743,0.291879854,0.279419912,0.269371571,0.257606865,0.245494541,0.241008093,0.235446201,0.231644126,0.229558416,0.221595785,0.225756341,0.221943403,0.21917332,0.220205312,0.218130465,0.222986258,0.227135951,0.235120309,0.24651567,0.253098691,0.265211015,0.270425289,0.28252675,0.301232959,0.308847971,0.319233067,0.330671881,0.342795068,0.359057085,0.381934713,0.39228722,0.405790017,0.420357395,0.434892184,0.462593015,0.484764543,0.516256586,0.54948672,0.572005866,0.594525012,0.621519744,0.656487969,0.689055456,0.730932595,0.760740861,0.776307642,0.781489327,0.764499484,0.76452121,0.760708272,0.75691706,0.766954538,0.757601434,0.765553202,0.773189941,0.748617674,0.726804628,0.71468144,0.698767041,0.687664983,0.670707729,0.650274293,0.623942208,0.606289718,0.589321601,0.571343219,0.560252023,0.545358753,0.533572321,0.527347781,0.507620444,0.500678942,0.495486394,0.483363207,0.474020966,0.465037206,0.45879094,0.450817446,0.446320135,0.43629352,0.423822715,0.385041551,0.371886372,0.355591766,0.343142686,0.330335126,0.321340503,0.312313291,0.300548585,0.296388029,0.284275705,0.280104285,0.269730053,0.271457281,0.265232741,0.257954484,0.257280973,0.250697952,0.247927869,0.250687089,0.24860138,0.246885014,0.245157786,0.247906143,0.247927869,0.25727011,0.256922492,0.264885123,0.266612351,0.278746402,0.287382543,0.301928195,0.314062245,0.340024985,0.363195915,0.36703058,0.380511651,0.392319809,0.40442127,0.418966922,0.440454076,0.455673239,0.50311227,0.533235566,0.568529683,0.564032372,0.512476237,0.485459779,0.461897779,0.442865678,0.437999022,0.432122101,0.435924176,0.442843952,0.458769214,0.454630384,0.450828309,0.468154907,0.464678725,0.454630384,0.43975884,0.426929553,0.409950573,0.401651187,0.384335452,0.372233991,0.352484927,0.348682853,0.334821574,0.318885449,0.30781598,0.300190104,0.28393895,0.265602086,0.25864972,0.250687089,0.25341372,0.256542285,0.253793928,0.223670632,0.171397534,0.09649666,0.004508174,0,0,0,0,0,0,0,0,0,0,0,0,0,0,0,0,0,0,0,0,0,0,0,0,0,0
z=066.0,0.967074032,0.939047309,0.900972245,0.872228559,0.842442018,0.798805062,0.761077617,0.738221715,0.708804519,0.688696975,0.667590028,0.626712292,0.59833795,0.559904405,0.533572321,0.50933681,0.47852914,0.455336484,0.433860192,0.413415893,0.393688556,0.370148281,0.356297865,0.343131823,0.326511325,0.305035033,0.280462767,0.265569496,0.254130683,0.238574765,0.227135951,0.212601162,0.20498615,0.198739884,0.185943186,0.1769377,0.171049916,0.16204443,0.153375699,0.153038944,0.144739558,0.140579002,0.134343599,0.129846288,0.132616371,0.127749715,0.129140188,0.122231275,0.125338113,0.123610885,0.12879257,0.132257889,0.136429309,0.142642985,0.143327359,0.149584488,0.155809027,0.160328065,0.170354679,0.181424149,0.189734398,0.20219434,0.215371245,0.233382217,0.254836782,0.267307588,0.281158003,0.29950573,0.311976536,0.33622291,0.360110803,0.378100049,0.413426756,0.439747977,0.461213405,0.497224485,0.534615176,0.572711966,0.611156374,0.641594699,0.663081853,0.689403074,0.72642442,0.77389604,0.82097659,0.853163869,0.881223182,0.898864809,0.915822063,0.888121232,0.859410135,0.825137146,0.800173809,0.764532073,0.735440769,0.706707946,0.685948618,0.6651567,0.627440117,0.597979469,0.573048721,0.556428222,0.520438868,0.492716311,0.462603878,0.443908533,0.428320026,0.401314432,0.391602846,0.376025202,0.360089077,0.343142686,0.327217424,0.313703764,0.306088751,0.292564228,0.281158003,0.275606974,0.261756559,0.251023844,0.244104068,0.237879529,0.230959752,0.226799196,0.223323013,0.216772582,0.214317528,0.207397751,0.201184075,0.202563685,0.198066373,0.200130357,0.1966759,0.197023519,0.197382,0.200477975,0.204997013,0.212242681,0.215012764,0.220900549,0.229906034,0.234077454,0.246178915,0.255184401,0.265917115,0.275965455,0.294291456,0.312302428,0.324099723,0.336548802,0.356612894,0.383281734,0.412742382,0.446309272,0.487176145,0.558144587,0.610102656,0.644364782,0.683526153,0.744793873,0.808820814,0.874607572,0.9407854,0.965010048,0.96466243,0.914475042,0.871196567,0.846254956,0.817858889,0.796034979,0.779762099,0.757601434,0.736483624,0.722644071,0.705675955,0.686980609,0.671044484,0.654434849,0.638498724,0.622910217,0.60870132,0.587941991,0.579284124,0.55956765,0.545684645,0.523198088,0.511759274,0.49550812,0.473673347,0.455336484,0.438009885,0.418271685,0.394742274,0.373591874,0.344869915,0.317169084,0.292249199,0.25727011,0.217087611,0.170702298,0.072684808,0.001390473,0,0,0,0,0,0,0,0,0,0,0,0,0,0,0,0,0,0,0,0,0
z=066.5,0.936972462,0.887806203,0.839280865,0.797077834,0.766270165,0.741339417,0.710173266,0.678648634,0.645766118,0.613557113,0.589321601,0.56370648,0.54050296,0.521796752,0.497897996,0.472293737,0.441475205,0.415860084,0.395763402,0.375329966,0.342436587,0.325120852,0.30021183,0.280126012,0.274933464,0.260376949,0.233729835,0.21849981,0.210873934,0.202216066,0.189050024,0.178664929,0.169996198,0.158568247,0.148878388,0.1374613,0.131225898,0.122926511,0.118407474,0.113910162,0.106631905,0.104567921,0.101102602,0.097626419,0.097289664,0.095899191,0.093813481,0.089327033,0.089337896,0.090022269,0.094519581,0.090043995,0.093476726,0.095888328,0.105252295,0.10905437,0.118418337,0.12256803,0.12603335,0.133659225,0.139199392,0.152691326,0.164456032,0.176579219,0.184194232,0.205996415,0.222301885,0.246189778,0.265569496,0.290152626,0.31648471,0.340720222,0.370821791,0.401987942,0.423822715,0.442854815,0.464667862,0.468491663,0.483026452,0.497191896,0.497854543,0.502395307,0.518689914,0.528379773,0.558839824,0.577882787,0.619434034,0.653717886,0.692846668,0.682483298,0.655825322,0.630525229,0.607691054,0.591407311,0.578241269,0.553321384,0.538428114,0.498256477,0.477138667,0.452566401,0.432806474,0.412742382,0.392656564,0.375677584,0.363554397,0.348335234,0.331714736,0.321318777,0.30643637,0.292585954,0.282537613,0.26558036,0.25864972,0.249307479,0.237521047,0.227842051,0.216055619,0.210537179,0.20636576,0.195969801,0.184900331,0.177980555,0.170702298,0.16480365,0.159274347,0.153386562,0.148541633,0.144022595,0.141610993,0.136429309,0.131584379,0.129151051,0.128097333,0.121546901,0.117733963,0.1177231,0.117733963,0.11634349,0.118418337,0.119091847,0.120493183,0.120840802,0.127423823,0.127076204,0.134343599,0.137102819,0.143696703,0.146803541,0.159611102,0.166878497,0.174851991,0.18386834,0.194601054,0.212601162,0.229895171,0.239237412,0.26140894,0.277692684,0.297083265,0.320286785,0.342795068,0.373961219,0.415849221,0.454293629,0.502417033,0.563673891,0.605594482,0.667568302,0.756895334,0.819575254,0.838976699,0.86391831,0.89717017,0.933159524,0.994438108,1,1,1,1,1,1,1,1,1,0.999652382,0.97364619,0.928988105,0.899907664,0.873608169,0.857335289,0.825463038,0.76108848,0.718494378,0.684199663,0.650274293,0.621182988,0.599348216,0.570647982,0.548139699,0.530823964,0.508293955,0.487491174,0.473314866,0.454956276,0.443213296,0.422084623,0.410982565,0.398185867,0.387453153,0.383651078,0.376025202,0.370452447,0.371245451,0.376742165,0.383629352,0.415132258,0.450002716,0.595415784,0.664928575,0.69950573,0.80123839,1,1
z=067.0,0.979892456,0.971256314,0.935581989,0.896127315,0.87396665,0.856998533,0.830003802,0.801575145,0.75900277,0.738906089,0.705675955,0.673488675,0.648166857,0.615979577,0.592450166,0.567856173,0.542936288,0.517647059,0.495844875,0.467763837,0.433871055,0.408918581,0.38676878,0.368073434,0.346608006,0.326185433,0.313356146,0.300907066,0.279419912,0.263842268,0.247906143,0.236478192,0.221943403,0.203248058,0.1966759,0.183857477,0.174862854,0.170702298,0.161696812,0.158937592,0.154777035,0.148878388,0.145076313,0.139525284,0.139525284,0.133648362,0.136766064,0.133995981,0.137439574,0.138156537,0.13884091,0.143338222,0.14577155,0.154418554,0.15581989,0.163434903,0.169670306,0.180739775,0.193894954,0.218478084,0.225745478,0.235457064,0.249307479,0.263842268,0.277703547,0.298473739,0.318190212,0.352126446,0.371864646,0.401292705,0.428656781,0.454978002,0.478170659,0.50311227,0.528390636,0.565422845,0.592439303,0.623257835,0.666862202,0.686600402,0.707739938,0.735788387,0.767291293,0.786008365,0.794655369,0.797751344,0.824431047,0.828928358,0.784943784,0.720884254,0.679365597,0.645070882,0.615631959,0.587246755,0.561262289,0.533583184,0.51800554,0.490293846,0.471935256,0.450828309,0.438357504,0.416196839,0.401314432,0.387127261,0.369463907,0.358025094,0.34244745,0.329618163,0.317494976,0.30435066,0.293281191,0.281158003,0.271804899,0.2558905,0.252066699,0.243061213,0.233349628,0.22125903,0.213644017,0.20774537,0.201857585,0.191820108,0.184900331,0.181435012,0.175883982,0.169659443,0.163771658,0.160317202,0.156482538,0.151985226,0.149573624,0.146108305,0.144381077,0.141610993,0.138145674,0.142642985,0.138851773,0.138515018,0.141969475,0.14092662,0.140937483,0.147857259,0.151311716,0.154429417,0.161001575,0.163760795,0.171745152,0.175199609,0.184205095,0.199456846,0.206724241,0.217098474,0.231980881,0.248948998,0.25864972,0.275954592,0.299842485,0.317169084,0.343468579,0.378784422,0.417228831,0.459138558,0.508565531,0.497887133,0.487871381,0.491988485,0.494802021,0.496529249,0.495149639,0.499299332,0.508293955,0.526315789,0.560588778,0.57930585,0.608353702,0.616001304,0.630166748,0.640236815,0.627070773,0.609407419,0.595567867,0.582760306,0.568203791,0.555743849,0.540850578,0.52423008,0.508652436,0.49235783,0.471609364,0.458073978,0.433871055,0.412742382,0.394720547,0.370843517,0.34796589,0.32546847,0.298115257,0.268317853,0.232654391,0.186638423,0.130508935,0.028385204,0,0,0,0,0,0,0,0,0,0,0,0,0,0,0,0,0,0,0,0,0
z=067.5,0.979881593,0.950812015,0.926228885,0.895095323,0.865634675,0.838976699,0.815436424,0.793970996,0.773874314,0.75691706,0.732692412,0.713280104,0.693216012,0.679702352,0.656835587,0.632600076,0.618760524,0.595904622,0.564401716,0.539807724,0.524588561,0.506219108,0.477475422,0.452577264,0.443202433,0.429352018,0.416544457,0.40095595,0.388159253,0.377426538,0.367714953,0.349030471,0.33760252,0.329976644,0.317516702,0.307826843,0.302981913,0.289805008,0.28390636,0.274585845,0.272847754,0.268350443,0.265232741,0.26695997,0.264189886,0.26349465,0.265232741,0.260713704,0.262451795,0.264537505,0.262125903,0.261756559,0.255532019,0.254478301,0.253446309,0.257259247,0.26073543,0.273184509,0.276649829,0.277019173,0.28599207,0.294671664,0.306762262,0.316832328,0.32893379,0.341056977,0.352843409,0.378469393,0.397849112,0.418966922,0.442170442,0.4677747,0.493726577,0.504481017,0.525262072,0.555396231,0.570984737,0.587257618,0.605952963,0.628787138,0.656857314,0.676953995,0.702199772,0.735788387,0.771799468,0.791885286,0.812666341,0.845201238,0.87081636,0.872923796,0.867731248,0.86391831,0.843137255,0.82582152,0.813709196,0.807473793,0.799500299,0.791200912,0.775623269,0.758655152,0.748259193,0.721601217,0.702569116,0.68004997,0.661322036,0.617380914,0.573733094,0.52352398,0.472282874,0.431079246,0.399206996,0.373602737,0.347639998,0.3303134,0.304013905,0.288088643,0.269393297,0.246178915,0.231633263,0.22193254,0.205312042,0.196632448,0.180392157,0.177958829,0.183520721,0.180022812,0.166194123,0.164466895,0.164108413,0.169311824,0.171723426,0.185237087,0.185932323,0.189734398,0.203237195,0.212601162,0.229199935,0.252403454,0.277345065,0.287393406,0.308152735,0.328260279,0.365640106,0.403030797,0.432122101,0.442148715,0.457400467,0.469176036,0.485785672,0.495497257,0.518353158,0.548128836,0.573765684,0.608027809,0.652001521,0.715018196,0.788050622,0.806094183,0.801901037,0.763500081,0.738547607,0.730584976,0.709488893,0.696311987,0.676247895,0.661354625,0.646461355,0.634359894,0.628808864,0.617728532,0.615262615,0.614241486,0.613557113,0.628798001,0.620498615,0.608712183,0.591059693,0.577567758,0.564760198,0.549171691,0.533930802,0.518700777,0.501743523,0.486144153,0.467796426,0.451175927,0.430047254,0.409635544,0.386421161,0.366009451,0.344859052,0.320265059,0.293628809,0.260724567,0.228146217,0.18386834,0.132942263,0.029797404,0.000347618,0,0,0,0,0,0,0,0,0,0,0,0,0,0,0,0,0,0,0,0,0,0,0,0
z=068.0,0.956341318,0.925902993,0.889891912,0.855977405,0.824105155,0.791896149,0.770072239,0.7441095,0.729216229,0.706718809,0.68075607,0.654065504,0.621530607,0.600054315,0.57269024,0.547085981,0.527347781,0.513497366,0.500689805,0.477116941,0.459486177,0.453250774,0.441127587,0.427972408,0.410298191,0.390570854,0.377068057,0.36356526,0.359393841,0.349367226,0.330324263,0.314040519,0.298821357,0.290858726,0.282896095,0.276649829,0.2710988,0.265906252,0.255532019,0.245831297,0.236489055,0.232686981,0.228189669,0.220227038,0.203237195,0.194253435,0.188354788,0.179707783,0.180055402,0.175894845,0.171049916,0.174493509,0.171734289,0.173472381,0.178306447,0.185943186,0.195263701,0.20081473,0.209146706,0.212937918,0.218152192,0.233023736,0.248590517,0.261072185,0.264895986,0.275259356,0.283917223,0.292249199,0.301917332,0.310238444,0.308174461,0.309901689,0.324784096,0.34729238,0.36494487,0.39090761,0.412014557,0.436977894,0.462245397,0.48542719,0.505176253,0.520786486,0.547781218,0.581348107,0.615295204,0.652327413,0.686969746,0.73855847,0.772472978,0.742034653,0.701156917,0.668958775,0.640562707,0.607680191,0.573743957,0.547444463,0.520438868,0.497919722,0.479213514,0.46155016,0.443539189,0.430405736,0.413763511,0.399923959,0.387116398,0.370843517,0.362880886,0.356982239,0.349367226,0.334484819,0.324773233,0.315441855,0.311628917,0.297409158,0.273532128,0.261083048,0.242387703,0.237521047,0.230264516,0.224365868,0.213980772,0.208092988,0.202541959,0.20081473,0.19943512,0.188365651,0.187670414,0.194937809,0.192493618,0.188365651,0.197012655,0.208440606,0.223670632,0.224029113,0.220216175,0.222301885,0.223333876,0.227146814,0.22610396,0.229221661,0.229558416,0.234750964,0.242724458,0.249285753,0.255857911,0.259670849,0.275259356,0.283928086,0.295019282,0.313367009,0.336559665,0.36494487,0.392319809,0.419640432,0.436967031,0.441833686,0.451186791,0.461897779,0.467796426,0.485796535,0.492716311,0.505197979,0.521459997,0.536690022,0.558850687,0.586214763,0.60318288,0.576492314,0.558166314,0.57060453,0.58825702,0.639813155,0.706664494,0.76452121,0.762804845,0.746531965,0.731301939,0.717777416,0.701515398,0.683873771,0.672782576,0.653728749,0.638857205,0.624311553,0.609418283,0.595231112,0.582423551,0.569952746,0.55401662,0.539481832,0.524219217,0.508652436,0.490999946,0.476791049,0.457748085,0.434544566,0.417228831,0.393340937,0.370495899,0.346249525,0.321655532,0.289098908,0.252023247,0.21255771,0.164771061,0.057509098,0.002433328,0,0,0,0,0,0,0,0,0,0,0,0,0,0,0,0
z=068.5,0.966726414,0.943207865,0.913084569,0.890923904,0.857335289,0.829971213,0.80608332,0.777654663,0.739612188,0.717451524,0.69218402,0.663755364,0.640584433,0.62083537,0.596947477,0.582412688,0.564390853,0.549856064,0.535647167,0.516940959,0.496866004,0.470218891,0.449090218,0.433860192,0.414111129,0.400260714,0.387105535,0.378806148,0.360447559,0.356276139,0.342795068,0.329976644,0.319591549,0.306783988,0.301222095,0.28807778,0.280810385,0.263842268,0.259323231,0.246885014,0.24375645,0.233718972,0.234750964,0.233023736,0.230590408,0.228526424,0.228178806,0.220563793,0.211199826,0.202552822,0.203248058,0.206354897,0.20636576,0.204627668,0.208103851,0.2164141,0.22263864,0.230264516,0.230253653,0.244093205,0.249296616,0.251393189,0.261756559,0.26971919,0.278040302,0.294639074,0.309912552,0.324425615,0.328564445,0.34174135,0.343490305,0.359057085,0.370485036,0.378447667,0.394720547,0.409277063,0.431774483,0.464320243,0.478887622,0.502764652,0.537341807,0.569931019,0.597295095,0.635717777,0.660322633,0.697713324,0.716386943,0.707001249,0.678996252,0.647525936,0.61185161,0.58482429,0.55472272,0.527695399,0.506219108,0.484080169,0.470208028,0.450480691,0.434555429,0.421389387,0.406170224,0.389886481,0.376731302,0.368073434,0.349378089,0.339318885,0.308869697,0.294313182,0.274574982,0.261756559,0.246189778,0.235109445,0.215708001,0.209831079,0.200825593,0.190777253,0.18040302,0.179001684,0.169311824,0.157894737,0.155113791,0.155461409,0.146119168,0.146119168,0.148194014,0.147846396,0.149584488,0.155461409,0.170007061,0.172429526,0.166530878,0.163076422,0.159632828,0.156830156,0.153397425,0.151670197,0.152702189,0.156156645,0.152680463,0.155102928,0.156493401,0.158231492,0.16342404,0.164825376,0.168627451,0.175188746,0.18662756,0.191483352,0.20428005,0.211558308,0.226451578,0.242713595,0.257596002,0.277345065,0.30710988,0.34036174,0.353864538,0.372907501,0.405105643,0.425560806,0.430394873,0.444940525,0.456379338,0.466775297,0.48337407,0.504155125,0.524219217,0.547096844,0.570289501,0.594503286,0.626027918,0.660637662,0.703231764,0.760013036,0.84276791,0.934528271,0.974363152,0.997219054,1,1,1,1,1,1,1,0.988897941,0.908543805,0.842442018,0.801955353,0.769724621,0.736483624,0.709130411,0.68142958,0.650947803,0.625332682,0.597631851,0.567508555,0.538091358,0.513149747,0.482646244,0.451849438,0.418282548,0.387116398,0.342121558,0.301917332,0.241290533,0.146086579,0.037401553,0,0,0,0,0,0,0,0,0,0,0,0,0,0,0
z=069.0,0.969844115,0.958796372,0.941448047,0.915159416,0.891955896,0.85907338,0.831698441,0.796719353,0.772147086,0.751376894,0.729922329,0.709152137,0.698756178,0.672087339,0.646113736,0.62430069,0.601444788,0.572353484,0.545695508,0.512432785,0.483710825,0.460865787,0.440084732,0.415143121,0.397501494,0.374297974,0.353864538,0.329976644,0.314377274,0.293965564,0.276660692,0.262810276,0.249991853,0.23477269,0.229906034,0.218130465,0.205670523,0.196328282,0.193905817,0.183509858,0.179360165,0.175894845,0.170017924,0.168279833,0.167236978,0.166563467,0.166194123,0.163782521,0.16826897,0.164477758,0.171060779,0.169311824,0.172440389,0.18040302,0.183173103,0.193894954,0.204269187,0.2164141,0.226429852,0.234066591,0.258997339,0.276302211,0.295703655,0.314062245,0.34520667,0.359763185,0.381565369,0.401651187,0.421747868,0.460854924,0.486144153,0.506577589,0.529770246,0.550529575,0.580663734,0.606278855,0.61669654,0.631578947,0.65302265,0.664461463,0.677627505,0.707718212,0.733029167,0.771810331,0.794318614,0.81889088,0.844864483,0.854912824,0.867014285,0.861843463,0.834131769,0.818554125,0.797436315,0.783933518,0.770061376,0.743066645,0.725414155,0.700831025,0.639183097,0.594525012,0.553658139,0.523187225,0.501710934,0.481983597,0.466753571,0.450469828,0.434892184,0.412742382,0.396469502,0.375666721,0.358372712,0.350399218,0.333789582,0.321992287,0.303307805,0.293976427,0.286350551,0.272847754,0.267991961,0.254847645,0.247906143,0.238553039,0.232686981,0.22472435,0.218130465,0.215349519,0.207060996,0.207071859,0.204627668,0.203584813,0.201173212,0.202183477,0.196654174,0.1966759,0.201184075,0.202216066,0.209135843,0.214676009,0.22610396,0.23024279,0.238216284,0.254130683,0.268676335,0.303307805,0.308152735,0.318190212,0.327217424,0.347976753,0.363891152,0.388485145,0.403389278,0.407538971,0.419662158,0.432111238,0.442876541,0.461897779,0.479919613,0.497561241,0.522155233,0.542219325,0.568225517,0.609765901,0.658215197,0.713997067,0.764141003,0.801922764,0.811981967,0.826864375,0.847297811,0.834077454,0.77874097,0.741002661,0.712943349,0.702199772,0.692857531,0.677627505,0.645766118,0.618043561,0.588615502,0.558155451,0.53045462,0.502069415,0.471946119,0.43975884,0.405822606,0.378121775,0.337580794,0.296735647,0.250676226,0.181435012,0.093780892,0.006941502,0,0,0,0,0,0,0,0,0,0,0,0,0,0,0,0,0,0,0,0,0,0,0,0,0,0,0,0,0,0,0
z=069.5,0.961544729,0.928662213,0.881244908,0.857682907,0.814741187,0.775264787,0.735820977,0.708076693,0.672434957,0.641257944,0.609744175,0.586214763,0.565411982,0.54396828,0.525262072,0.5072511,0.475063821,0.451175927,0.44251806,0.424496225,0.406843735,0.385736788,0.371527891,0.353169301,0.327565043,0.309206453,0.299168975,0.293281191,0.279061431,0.265906252,0.252425181,0.24308294,0.234414209,0.224029113,0.216750855,0.213285536,0.209135843,0.199087502,0.1966759,0.189723535,0.183857477,0.177622074,0.168290696,0.173450655,0.165151268,0.166878497,0.162402911,0.164466895,0.165172994,0.162728803,0.165498887,0.163771658,0.16826897,0.170354679,0.176242464,0.181793493,0.187996307,0.192515344,0.198739884,0.207386888,0.220227038,0.229906034,0.232339362,0.247232633,0.256574874,0.273890609,0.300896203,0.318201075,0.32684808,0.342088969,0.36009994,0.385736788,0.408581826,0.429341155,0.453946011,0.456020857,0.474042692,0.482005323,0.501385042,0.532909674,0.573396339,0.605257726,0.637445006,0.676237032,0.721916246,0.766965401,0.816783445,0.858356417,0.882602792,0.872902069,0.832393678,0.794318614,0.767997393,0.746879583,0.732333931,0.713627723,0.699429689,0.677258161,0.649568193,0.621878225,0.608386291,0.587246755,0.57131063,0.558503069,0.54120906,0.528738254,0.518353158,0.50449188,0.494106784,0.481635978,0.472304601,0.46155016,0.449785454,0.441822823,0.438009885,0.428667644,0.422443105,0.410656673,0.405474988,0.398544348,0.393688556,0.386421161,0.38397697,0.380880995,0.372918364,0.370159144,0.36565097,0.36356526,0.362522405,0.354929118,0.352495791,0.352495791,0.353169301,0.354570637,0.356645484,0.354223019,0.355255011,0.352495791,0.356656347,0.358709467,0.363912878,0.36565097,0.368768671,0.37845853,0.379501385,0.391613709,0.395079029,0.404432133,0.416185976,0.427288034,0.433175819,0.449426973,0.46363587,0.478898485,0.500005432,0.52214437,0.546053989,0.574428331,0.605583618,0.653000923,0.704274618,0.749660529,0.810917386,0.850752268,0.871880941,0.873260551,0.877421107,0.874281679,0.796339145,0.730584976,0.697713324,0.670360111,0.645755255,0.626017055,0.607669328,0.612851013,0.60318288,0.569583401,0.544294172,0.516256586,0.482331215,0.455314757,0.42621259,0.395774265,0.355613492,0.319917441,0.273532128,0.219162457,0.137765466,0.044647222,0.000695237,0,0,0,0,0,0,0,0,0,0,0,0,0,0,0,0,0,0,0,0,0,0,0,0,0,0,0,0,0,0,0,0
z=070.0,0.959806637,0.914127424,0.873608169,0.847634566,0.8223562,0.801933627,0.766617783,0.739948944,0.708413448,0.669317256,0.648188583,0.618065287,0.590027701,0.574091576,0.546043126,0.52076476,0.497550377,0.475422302,0.450133073,0.423138341,0.401303569,0.387116398,0.372233991,0.344522296,0.330335126,0.31924393,0.309206453,0.301243822,0.286350551,0.26140894,0.248275487,0.230612134,0.225061105,0.212242681,0.194579328,0.18454185,0.168616588,0.160653957,0.153038944,0.144033458,0.141947749,0.130541524,0.131236761,0.129498669,0.127771441,0.12879257,0.12394764,0.125674868,0.129140188,0.128444951,0.132268752,0.132627234,0.137808919,0.140937483,0.154429417,0.163076422,0.173819999,0.181087393,0.194611917,0.201857585,0.220900549,0.226440715,0.243767313,0.248264624,0.260724567,0.277345065,0.28807778,0.306447233,0.324773233,0.356993102,0.379827277,0.401314432,0.425202325,0.455673239,0.476106675,0.495127913,0.51138993,0.530780512,0.553321384,0.576514041,0.612188366,0.640551844,0.646776384,0.638813753,0.646450492,0.645060018,0.650611048,0.691108576,0.72161208,0.721937972,0.697680734,0.6651567,0.637803487,0.616685677,0.596947477,0.579631742,0.561284015,0.545695508,0.531171582,0.514887839,0.486839389,0.458780077,0.43905274,0.420705013,0.403726033,0.386073543,0.373265982,0.353516919,0.344869915,0.332399109,0.320634403,0.307468361,0.297083265,0.281516485,0.276986584,0.267991961,0.255542882,0.247927869,0.238227147,0.226799196,0.21779371,0.212948781,0.212590299,0.20290044,0.194253435,0.195991527,0.189050024,0.182130248,0.177622074,0.177285319,0.176231601,0.170702298,0.172081908,0.167236978,0.16826897,0.168964206,0.165857368,0.166541741,0.167932214,0.173472381,0.177969692,0.179012547,0.184530987,0.190777253,0.192156863,0.20084732,0.205333768,0.211916789,0.222986258,0.232686981,0.242735321,0.252425181,0.26833958,0.285666178,0.303307805,0.325120852,0.342425724,0.367041443,0.398533485,0.427277171,0.468469936,0.52352398,0.568909891,0.612861876,0.668600293,0.712595731,0.73926457,0.76176199,0.790494813,0.832404541,0.88641573,0.956352181,0.992363261,1,1,1,1,1,0.999304763,0.939709956,0.858041388,0.814067677,0.778719244,0.741013525,0.707772527,0.685926892,0.654760741,0.624995926,0.59518766,0.567160936,0.539807724,0.512791266,0.478192385,0.451523546,0.415512465,0.389191244,0.345901906,0.306773125,0.253826517,0.180044539,0.086513497,0.004519038,0,0,0,0,0,0,0,0,0,0,0,0,0,0,0,0,0,0,0,0,0
z=070.5,0.982999294,0.96260931,0.932822769,0.903383847,0.871511596,0.845907338,0.823399055,0.798120689,0.772853186,0.745499973,0.720895117,0.689392211,0.65408723,0.621193852,0.59487263,0.569246646,0.537374396,0.503123133,0.484416925,0.458432459,0.433860192,0.413774374,0.398185867,0.381228613,0.368757808,0.350062463,0.332073217,0.323752105,0.309206453,0.304372386,0.294671664,0.275617837,0.255847048,0.246874151,0.234055728,0.225756341,0.219868557,0.213633154,0.213980772,0.20428005,0.197349411,0.191809244,0.185595568,0.180750638,0.176579219,0.173124762,0.171397534,0.172440389,0.173124762,0.172092771,0.176926837,0.180728912,0.184183369,0.190788116,0.198403129,0.200499701,0.213959046,0.222964532,0.235098582,0.244810168,0.253783064,0.266612351,0.273890609,0.264179023,0.269740916,0.281473032,0.293281191,0.306447233,0.317494976,0.336896421,0.360784314,0.389875618,0.415153984,0.447710608,0.476801912,0.501385042,0.534951931,0.57131063,0.577556895,0.606267992,0.630188474,0.654760741,0.671044484,0.683167672,0.707033838,0.722937374,0.710499158,0.692477323,0.684536418,0.650947803,0.618760524,0.576177285,0.548454728,0.523534843,0.488914236,0.452892293,0.429341155,0.399565477,0.370485036,0.351105317,0.333767856,0.317158221,0.291217207,0.280115149,0.265211015,0.248253761,0.233697246,0.218478084,0.208766498,0.195969801,0.190440498,0.178654066,0.166215849,0.155113791,0.145413068,0.141947749,0.134669491,0.127065341,0.12189452,0.12118842,0.11634349,0.115626528,0.113236652,0.108728478,0.109412851,0.116332627,0.114257781,0.121514312,0.121883657,0.125685731,0.137798056,0.142317093,0.16204443,0.181424149,0.197371137,0.207050133,0.227472707,0.240638749,0.245146923,0.250350334,0.255184401,0.265243604,0.274585845,0.283580468,0.298821357,0.311281299,0.339644778,0.347639998,0.361827169,0.367725816,0.374634729,0.387094672,0.402694042,0.411688664,0.427950682,0.450143936,0.4677747,0.497213622,0.530465483,0.514192602,0.499288469,0.505513009,0.505176253,0.522122644,0.533919939,0.558166314,0.614252349,0.641236217,0.653717886,0.66307099,0.682113954,0.720210744,0.755526587,0.752072131,0.743751018,0.733713541,0.72575091,0.717114768,0.708098419,0.698050079,0.690445929,0.681777198,0.675900277,0.665862799,0.656509695,0.649220575,0.638846342,0.632621802,0.625691163,0.616012167,0.605952963,0.597990332,0.591754929,0.582054207,0.571332356,0.565781326,0.554700994,0.545695508,0.533919939,0.525272935,0.515930694,0.505176253,0.492031937,0.480625713,0.468144044,0.452903156,0.43905274,0.422464831,0.408592689,0.382249742,0.361805442,0.335190918,0.300570311,0.256542285,0.195285427,0.036706317,0.000695237,0,0,0,0,0,0
z=071.0,0.963597849,0.932116669,0.899570909,0.871870078,0.832393678,0.803649992,0.774232796,0.754483733,0.734756396,0.719178752,0.70601271,0.682830916,0.674509804,0.654413123,0.622225843,0.599728423,0.581717452,0.56232687,0.545011135,0.532192711,0.520786486,0.504850361,0.490989083,0.48337407,0.472630493,0.449785454,0.42624518,0.408570963,0.392993319,0.386073543,0.374297974,0.368073434,0.351463799,0.341415458,0.331377981,0.32200315,0.317169084,0.311281299,0.296040411,0.285307696,0.278724675,0.26695997,0.261756559,0.2558905,0.24860138,0.24099723,0.239954375,0.236499919,0.235446201,0.235087719,0.232686981,0.233729835,0.233718972,0.235120309,0.240301993,0.236478192,0.22125903,0.221237304,0.222291022,0.224702623,0.226451578,0.235457064,0.246189778,0.250350334,0.245853023,0.249633371,0.248264624,0.248253761,0.254141546,0.261756559,0.275585248,0.276649829,0.290847863,0.302275813,0.34520667,0.358025094,0.36841019,0.378447667,0.392645701,0.398891967,0.42415947,0.447678019,0.467079463,0.475411439,0.50587149,0.531138993,0.558850687,0.602129162,0.627396665,0.615642822,0.600771278,0.585171908,0.576514041,0.565107816,0.555407094,0.551583293,0.536690022,0.534278421,0.524577698,0.519743632,0.514192602,0.494085058,0.466080061,0.444929662,0.424843843,0.416544457,0.397490631,0.389191244,0.38259736,0.369116289,0.351442073,0.34036174,0.337233176,0.328586171,0.30710988,0.295703655,0.28047363,0.273532128,0.261083048,0.254500027,0.246885014,0.243408832,0.231633263,0.229232524,0.229221661,0.227157677,0.225419586,0.226788333,0.231296508,0.229210798,0.234403346,0.232339362,0.245820433,0.249307479,0.259008202,0.273184509,0.285307696,0.29812612,0.316832328,0.336190321,0.3697898,0.40028244,0.431785346,0.472999837,0.514181739,0.534267557,0.555754712,0.578252132,0.612851013,0.632241595,0.614589104,0.593123676,0.583086198,0.572364347,0.565770463,0.564390853,0.583086198,0.58344468,0.576166422,0.573059584,0.571669111,0.570289501,0.570637119,0.574091576,0.582380099,0.58482429,0.60385639,0.631557221,0.6454185,0.660322633,0.674857422,0.667231546,0.657889305,0.649231438,0.64057357,0.629145619,0.620846233,0.610102656,0.601792407,0.590722937,0.58482429,0.575145294,0.565096953,0.551246537,0.546738363,0.53289881,0.520417142,0.513844984,0.50240617,0.489609473,0.476454294,0.465026343,0.454293629,0.437683993,0.424507088,0.410667536,0.390940199,0.376742165,0.361827169,0.336581392,0.316115366,0.29469339,0.26278855,0.231676715,0.191461626,0.129433491,0.019053827,0,0,0,0,0,0,0,0,0,0,0,0,0,0,0,0
z=071.5,0.978501983,0.956363044,0.934897616,0.905121938,0.873608169,0.847982185,0.835848134,0.801586008,0.788430829,0.768334148,0.754842214,0.734756396,0.715702569,0.685579273,0.661354625,0.635381022,0.607343436,0.595904622,0.577567758,0.558513932,0.545011135,0.532887947,0.521818478,0.513834121,0.492716311,0.48199446,0.467437945,0.451175927,0.432806474,0.410309054,0.404084515,0.380880995,0.36218565,0.351789691,0.333789582,0.319222204,0.307490087,0.300548585,0.287056651,0.28323285,0.274238227,0.265221878,0.266612351,0.257617729,0.257248384,0.248959861,0.250687089,0.243419695,0.247569388,0.246526533,0.244799305,0.248959861,0.247569388,0.248264624,0.248623106,0.254489164,0.258312965,0.264885123,0.272500136,0.286676443,0.282515887,0.292205747,0.287708435,0.278724675,0.273195372,0.270077671,0.271815762,0.279409049,0.28390636,0.294313182,0.300537722,0.313367009,0.327901798,0.342784205,0.365661833,0.401977079,0.422443105,0.438705122,0.456357612,0.465352235,0.482309489,0.500668079,0.525957308,0.522828744,0.511411656,0.507587855,0.516245723,0.519004943,0.532529466,0.530487209,0.513486503,0.494802021,0.484742817,0.469523654,0.46501548,0.448405844,0.43905274,0.430731628,0.418977785,0.411362772,0.404442996,0.397512357,0.392298083,0.385378306,0.377774157,0.370843517,0.370495899,0.36494487,0.363912878,0.360458422,0.357677475,0.355928521,0.356645484,0.351778828,0.34382706,0.335516811,0.335516811,0.332746727,0.338623649,0.349019608,0.355939384,0.355613492,0.347650861,0.347303243,0.34591277,0.350073326,0.351800554,0.351463799,0.358731193,0.356645484,0.365640106,0.362880886,0.368431916,0.378121775,0.392645701,0.40095595,0.414458747,0.427277171,0.447352126,0.47852914,0.501385042,0.522491988,0.531845093,0.542230188,0.556786704,0.566139808,0.57997936,0.600738689,0.62221498,0.638835479,0.652001521,0.661343762,0.66583021,0.631915703,0.613915594,0.602487643,0.603530498,0.604899245,0.624963337,0.621182988,0.614947586,0.614252349,0.61323122,0.615631959,0.619075553,0.63572864,0.649231438,0.672760849,0.711194395,0.718483515,0.711900494,0.703242627,0.69494324,0.683873771,0.674857422,0.667590028,0.656162077,0.648894683,0.636076259,0.628472109,0.620824507,0.611493129,0.601108033,0.594177394,0.583107925,0.576514041,0.563369725,0.553332247,0.547792081,0.535658031,0.522861333,0.515235457,0.504165988,0.492368693,0.477833904,0.466069198,0.454271903,0.439737114,0.424843843,0.4085601,0.393351801,0.374330563,0.353506056,0.333822172,0.310238444,0.283558742,0.248633969,0.206691652,0.150562164,0.027364076,0,0,0,0,0,0,0,0,0,0,0,0,0
z=072.0,0.977817609,0.962587584,0.93732008,0.917571017,0.901309,0.879148335,0.850404649,0.820987453,0.803313237,0.783564174,0.758655152,0.733713541,0.717093042,0.693900386,0.671033621,0.650611048,0.622204117,0.594188257,0.577893651,0.553321384,0.534615176,0.51938515,0.496518386,0.474368584,0.454978002,0.442865678,0.428309163,0.414132855,0.396100158,0.380880995,0.368757808,0.354212156,0.343816197,0.334137201,0.322361632,0.314735756,0.300526859,0.284623323,0.265591223,0.260713704,0.242735321,0.242029222,0.234761827,0.226451578,0.220922275,0.216403237,0.216761719,0.212948781,0.211895063,0.213274673,0.210863071,0.207408614,0.214317528,0.216403237,0.220216175,0.225061105,0.233012873,0.239965238,0.246852425,0.257617729,0.274900874,0.286013796,0.297430884,0.31648471,0.322720113,0.341404595,0.35804682,0.377415675,0.396469502,0.413100864,0.434207811,0.459464451,0.490989083,0.515583075,0.532877084,0.543609798,0.542925425,0.543979143,0.559535061,0.576861659,0.592765195,0.605225137,0.61878225,0.627766009,0.633979686,0.635370159,0.633317039,0.657878442,0.668947912,0.664809082,0.644017164,0.59557873,0.571658248,0.54396828,0.52836891,0.510379664,0.495138776,0.483721688,0.467796426,0.451165064,0.423464233,0.405474988,0.395774265,0.377068057,0.361153658,0.358361849,0.346955624,0.337233176,0.337265765,0.327912661,0.328607897,0.32684808,0.325816088,0.334484819,0.342088969,0.359393841,0.351452936,0.349378089,0.345901906,0.340731085,0.334484819,0.332409972,0.331367117,0.328238553,0.325131715,0.323056868,0.330324263,0.32755418,0.333094346,0.331714736,0.335190918,0.339340612,0.343142686,0.351800554,0.360121666,0.375351692,0.392308946,0.395774265,0.39957634,0.404432133,0.408245071,0.413090001,0.421389387,0.434903047,0.444245288,0.4480365,0.462245397,0.474010103,0.489957091,0.509673565,0.532866221,0.560599642,0.604551627,0.629840856,0.641627288,0.654760741,0.66653631,0.678311879,0.692162294,0.706707946,0.719178752,0.735104014,0.757959915,0.788430829,0.824083428,0.864244202,0.892987888,0.925196893,0.949106512,0.975753626,0.997219054,1,0.999652382,0.970919559,0.936972462,0.920362827,0.903731465,0.887469448,0.876041497,0.864961165,0.852490359,0.844864483,0.836912715,0.825473901,0.816826897,0.810243876,0.795318016,0.73304003,0.677627505,0.627049047,0.598012058,0.570626256,0.540133616,0.515561349,0.485785672,0.466438542,0.443213296,0.41726142,0.395774265,0.378078323,0.355939384,0.333420238,0.3098691,0.304003042,0.282189995,0.257585139,0.230970615,0.220911412,0.197045245,0.179012547,0.161653359,0.132638097,0.117777416,0.083732551,0.07689968,0.001738091,0,0,0,0,0,0,0
z=072.5,0.959122264,0.927597632,0.879832709,0.853848243,0.817500407,0.789451958,0.766270165,0.735440769,0.702884145,0.655119222,0.626723155,0.599359079,0.576872522,0.553321384,0.534962794,0.513160611,0.480940742,0.454293629,0.418260822,0.390559991,0.362891749,0.34867199,0.329259682,0.30710988,0.289120634,0.278713812,0.261072185,0.246874151,0.233718972,0.21917332,0.215708001,0.198739884,0.18800717,0.18040302,0.173809136,0.163087285,0.155113791,0.149226006,0.139188529,0.131573516,0.129835424,0.123610885,0.122209549,0.116332627,0.116680246,0.114257781,0.114942154,0.111487698,0.110803324,0.111498561,0.112889034,0.113921025,0.119439466,0.121883657,0.121536038,0.132616371,0.135364728,0.140915757,0.146803541,0.154429417,0.164825376,0.18316224,0.190429634,0.194948672,0.20428005,0.213307262,0.228874043,0.245831297,0.264537505,0.287024062,0.320982022,0.350746836,0.39228722,0.413090001,0.431090109,0.454641247,0.481657705,0.508641573,0.52352398,0.551213948,0.590027701,0.609418283,0.620140134,0.63852045,0.665841073,0.67658465,0.704958992,0.754809625,0.778002281,0.791559394,0.784628755,0.768345011,0.738221715,0.698386834,0.673119331,0.624637445,0.591418174,0.566824181,0.542936288,0.523198088,0.49826734,0.482331215,0.46501548,0.442865678,0.430047254,0.422421379,0.402704905,0.39090761,0.37983814,0.364260496,0.347987616,0.337939275,0.332757591,0.322024876,0.311281299,0.303307805,0.2953669,0.288425398,0.275259356,0.269740916,0.263842268,0.259344957,0.243419695,0.227135951,0.222975395,0.210515453,0.206018141,0.202889577,0.193905817,0.191483352,0.18662756,0.189397643,0.186975178,0.185943186,0.189408506,0.186986041,0.194601054,0.200477975,0.203954158,0.217446092,0.229221661,0.235793819,0.24099723,0.247906143,0.255542882,0.265906252,0.278724675,0.289468253,0.299147249,0.314388138,0.323046005,0.345532562,0.366335343,0.38468307,0.402704905,0.431785346,0.460865787,0.498593232,0.542925425,0.61008093,0.656498832,0.686611265,0.731280213,0.776307642,0.81061322,0.865993156,0.883971539,0.835522242,0.786703601,0.749302048,0.733691815,0.709836511,0.704296345,0.710140677,0.697713324,0.674498941,0.655108359,0.630872848,0.613242084,0.590049427,0.568540546,0.545706371,0.529433491,0.50240617,0.480267232,0.461908642,0.432132964,0.406137635,0.382955842,0.347976753,0.315778611,0.285296833,0.242029222,0.198044647,0.124979632,0.009016349,0,0,0,0,0,0,0,0,0,0,0,0,0,0,0,0,0,0,0,0,0,0,0,0,0,0,0
z=073.0,0.950453533,0.905458693,0.862169355,0.811623486,0.777698115,0.746879583,0.706360328,0.685242518,0.636087122,0.599022324,0.568214654,0.540166205,0.517310304,0.491695182,0.471946119,0.457389604,0.43038401,0.408918581,0.389864755,0.368062571,0.342436587,0.331714736,0.316126229,0.300537722,0.287045788,0.265927978,0.257954484,0.250002716,0.23891152,0.228504698,0.214686872,0.201531693,0.194937809,0.187659551,0.183857477,0.175894845,0.17102819,0.164477758,0.158915866,0.150974961,0.145760687,0.139525284,0.131225898,0.132616371,0.123621748,0.12465374,0.121536038,0.126044213,0.120493183,0.12465374,0.120504046,0.128119059,0.129498669,0.132963989,0.138145674,0.14230623,0.144033458,0.155461409,0.155124654,0.168627451,0.174156754,0.181445875,0.188354788,0.194590191,0.204638531,0.213991635,0.232350225,0.2513606,0.265917115,0.277019173,0.30297105,0.334126338,0.346249525,0.367725816,0.385041551,0.411004291,0.434196947,0.464646135,0.490641464,0.511422519,0.547444463,0.58482429,0.613242084,0.654749878,0.678974526,0.68213568,0.714301233,0.760371517,0.796034979,0.808853403,0.783933518,0.749649666,0.71882027,0.682472435,0.657194069,0.632263321,0.610091793,0.587963717,0.574450057,0.554353376,0.532551192,0.506219108,0.481983597,0.462245397,0.447699745,0.430742491,0.415860084,0.399587203,0.387116398,0.373939493,0.350399218,0.337233176,0.323056868,0.304361523,0.29398729,0.278735539,0.272500136,0.263147032,0.255532019,0.245157786,0.23753191,0.234066591,0.228178806,0.225745478,0.217109337,0.21503449,0.210863071,0.212242681,0.211558308,0.218467221,0.226451578,0.232339362,0.229916898,0.232339362,0.236141437,0.235815545,0.24308294,0.241355711,0.251382326,0.268002824,0.273890609,0.275617837,0.276313074,0.282179132,0.286339688,0.289815871,0.294660801,0.299853349,0.304361523,0.314409864,0.320971159,0.326869806,0.335180055,0.346249525,0.362522405,0.372559883,0.38397697,0.402346423,0.421737005,0.443908533,0.463299115,0.485448916,0.51800554,0.550475259,0.542545218,0.517668785,0.510727283,0.524240943,0.535636304,0.545695508,0.573037858,0.585867145,0.606637336,0.632600076,0.632600076,0.608744772,0.585204497,0.565064364,0.545011135,0.528390636,0.49964695,0.479202651,0.457052849,0.42967791,0.403378415,0.380196622,0.342784205,0.320949432,0.275281082,0.244104068,0.193894954,0.124262669,0.010059204,0,0,0,0,0,0,0,0,0,0,0,0,0,0,0,0,0,0,0,0,0,0,0,0,0,0,0,0,0,0
z=073.5,0.978154364,0.952213351,0.934897616,0.920699582,0.896105589,0.864950301,0.848677421,0.826169138,0.796045842,0.764879691,0.738895226,0.712932486,0.688696975,0.662375754,0.622562598,0.595209386,0.583770572,0.560577915,0.53636413,0.525631416,0.504502743,0.489609473,0.467807289,0.451165064,0.433154093,0.420009777,0.406854598,0.389538863,0.377068057,0.36356526,0.350757699,0.340024985,0.328271142,0.309901689,0.30505676,0.297789365,0.291879854,0.28323285,0.278029439,0.273206235,0.267991961,0.267991961,0.259344957,0.254152409,0.250708815,0.251382326,0.251045571,0.251719081,0.252772799,0.251393189,0.253815654,0.256238119,0.264526642,0.271457281,0.276313074,0.280115149,0.284960078,0.295334311,0.301949921,0.316810602,0.326522188,0.336896421,0.346238662,0.36009994,0.380185759,0.391602846,0.413079137,0.425202325,0.442507197,0.458769214,0.478876758,0.491314975,0.503438162,0.524555972,0.549508446,0.587941991,0.607669328,0.632610939,0.665493455,0.677247298,0.693194286,0.714333822,0.722633208,0.729911466,0.734723806,0.754494596,0.758633426,0.746531965,0.743088371,0.703590245,0.66720982,0.631915703,0.615284341,0.58687741,0.547096844,0.516582478,0.48959861,0.470903264,0.451165064,0.429015263,0.409961436,0.394731411,0.379849003,0.362196513,0.346249525,0.320971159,0.30435066,0.281505622,0.269415024,0.254847645,0.242713595,0.234055728,0.220216175,0.211558308,0.200477975,0.194220846,0.187659551,0.18178263,0.178654066,0.174873717,0.173135625,0.168616588,0.186616697,0.186616697,0.182467003,0.180033676,0.177632937,0.165172994,0.16066482,0.16688936,0.164119277,0.174156754,0.174873717,0.175210472,0.18040302,0.185237087,0.193894954,0.202552822,0.217098474,0.235435338,0.238563902,0.251371463,0.256911629,0.260376949,0.275281082,0.286350551,0.297756776,0.314051382,0.326522188,0.360089077,0.376731302,0.393688556,0.410656673,0.423127478,0.438009885,0.459149422,0.485785672,0.513171474,0.552593558,0.585530389,0.618391179,0.652001521,0.664830808,0.68213568,0.696333714,0.715713432,0.735451632,0.763500081,0.802976481,0.857661181,0.891597415,0.909966868,0.919309109,0.891945033,0.841746782,0.822703818,0.818869154,0.785323991,0.764532073,0.731986313,0.715029059,0.691814676,0.672782576,0.646102873,0.624615719,0.607647602,0.587941991,0.559198305,0.547770355,0.524219217,0.499994568,0.479919613,0.457389604,0.429688773,0.403726033,0.374982348,0.341393732,0.305741133,0.271109663,0.225050242,0.168627451,0.044006301,0,0,0,0,0,0,0,0,0,0,0,0,0,0,0,0,0,0,0,0,0
z=074.0,0.976763891,0.962946065,0.952202488,0.945977948,0.91758188,0.896105589,0.878116343,0.864244202,0.839671935,0.826169138,0.812318723,0.799500299,0.7828798,0.755515724,0.71952637,0.699777307,0.67520504,0.659279778,0.64817772,0.629482375,0.605931237,0.588984846,0.572353484,0.56162077,0.539818587,0.521459997,0.505176253,0.484764543,0.45741133,0.426940416,0.406496116,0.385378306,0.364249633,0.348324371,0.34036174,0.325131715,0.310260171,0.302981913,0.300537722,0.291206344,0.286350551,0.281483895,0.275954592,0.273879746,0.272847754,0.269023953,0.268698061,0.273532128,0.267644343,0.276323937,0.276649829,0.281842377,0.286687307,0.29812612,0.30297105,0.302275813,0.306773125,0.319233067,0.334810711,0.351789691,0.373276845,0.389886481,0.404084515,0.422758134,0.438694259,0.444940525,0.45741133,0.474020966,0.495834012,0.511422519,0.521112378,0.535658031,0.556775841,0.574428331,0.600401934,0.632925968,0.624648308,0.612535984,0.609396556,0.605616208,0.624648308,0.626038781,0.626734018,0.621172125,0.636087122,0.642311662,0.63434903,0.646113736,0.659964152,0.654076367,0.638161968,0.632621802,0.62292108,0.603161154,0.581011352,0.558513932,0.545000272,0.513149747,0.486817663,0.464331106,0.448416707,0.439378632,0.41655532,0.405811743,0.394372929,0.376709576,0.353169301,0.335527674,0.321644669,0.304687415,0.295692792,0.277334202,0.26487426,0.251034708,0.228167943,0.211558308,0.195274564,0.188018033,0.177274455,0.16618326,0.160653957,0.153723318,0.148867525,0.137102819,0.135364728,0.138134811,0.131921134,0.135027972,0.127423823,0.125696594,0.131931997,0.131573516,0.139851176,0.145087176,0.150964098,0.157894737,0.174515235,0.183857477,0.201846722,0.227820325,0.237879529,0.251045571,0.26278855,0.277355929,0.303666286,0.322014013,0.338286894,0.324393026,0.306425506,0.30226495,0.311618054,0.323741242,0.317842594,0.307457498,0.30710988,0.306773125,0.314377274,0.332746727,0.348346097,0.375340829,0.418934333,0.446667753,0.495486394,0.516940959,0.559535061,0.589332464,0.59211341,0.597653577,0.606995818,0.62635381,0.623616316,0.619119005,0.610102656,0.607669328,0.601781544,0.591407311,0.590701211,0.585161045,0.578936505,0.576503177,0.574797675,0.571669111,0.568551409,0.56961599,0.567867036,0.572016729,0.571321493,0.574091576,0.582054207,0.593471294,0.609048938,0.640225952,0.64127967,0.635739504,0.63296942,0.628472109,0.622931943,0.619814241,0.616685677,0.612535984,0.609407419,0.606300581,0.602150888,0.596599859,0.594535875,0.590722937,0.591059693,0.584161642,0.581380696,0.579653468,0.57750258,0.576535767,0.577513443,0.574450057,0.576535767,0.573070447,0.582336647,0.585486937,0.607680191,0.621693553,0.710205855,0.916571615,1
z=074.5,0.964999185,0.946662321,0.91896149,0.876704144,0.813339851,0.768345011,0.733344196,0.69632285,0.673119331,0.652001521,0.624995926,0.600401934,0.572722829,0.551594156,0.529781109,0.514529357,0.495486394,0.481646842,0.466058335,0.447710608,0.432828201,0.420705013,0.396458639,0.383998696,0.363912878,0.350073326,0.341393732,0.324099723,0.308163598,0.296051274,0.280821248,0.266981696,0.257617729,0.254836782,0.24375645,0.236836674,0.228178806,0.219184183,0.216750855,0.206376623,0.205322905,0.19529629,0.191483352,0.190440498,0.189734398,0.188018033,0.187322796,0.187333659,0.18800717,0.185943186,0.188713269,0.191820108,0.190092879,0.184889468,0.170365542,0.175894845,0.17831731,0.179349302,0.180055402,0.184900331,0.191461626,0.210167834,0.217087611,0.225745478,0.236141437,0.24237684,0.253815654,0.270088534,0.284275705,0.300200967,0.305741133,0.315452718,0.336548802,0.351811417,0.371180273,0.392308946,0.413068274,0.437640541,0.447352126,0.467090326,0.478518277,0.495486394,0.514876976,0.542925425,0.596230514,0.610765303,0.627418391,0.63572864,0.641964043,0.636402151,0.618065287,0.605257726,0.586214763,0.574102439,0.562663625,0.546043126,0.539818587,0.52285047,0.510390527,0.502069415,0.490641464,0.484416925,0.475748194,0.466405953,0.453935147,0.448047363,0.440443213,0.434892184,0.431437727,0.424507088,0.421041769,0.412394764,0.405464125,0.400619195,0.398185867,0.392993319,0.387811634,0.38330346,0.382955842,0.381576232,0.377763294,0.373255119,0.374297974,0.374993211,0.373265982,0.374656455,0.375004074,0.377068057,0.377426538,0.37707892,0.369431318,0.350062463,0.331019499,0.321666395,0.31786432,0.310933681,0.317169084,0.313008528,0.31786432,0.317158221,0.289120634,0.274574982,0.261093911,0.247558525,0.233360491,0.220216175,0.213296399,0.208082125,0.206018141,0.1966759,0.201509967,0.20081473,0.204627668,0.211569171,0.22472435,0.249633371,0.263147032,0.260724567,0.278746402,0.296377166,0.309206453,0.307826843,0.313019391,0.319254793,0.323752105,0.33346369,0.359393841,0.364955733,0.371191136,0.36703058,0.373624464,0.38538917,0.409277063,0.40028244,0.393362664,0.381576232,0.376025202,0.3697898,0.359404704,0.35320189,0.343816197,0.335158329,0.328597034,0.320297648,0.311618054,0.305045896,0.298462875,0.292922709,0.282885232,0.275270219,0.268687198,0.264885123,0.257248384,0.250676226,0.242735321,0.239270002,0.230253653,0.227125088,0.218803976,0.215338656,0.211558308,0.205366357,0.199098365,0.199782739,0.191820108,0.192124274,0.184878605,0.195252838,0.183553311,0.198066373,0.204204008,0.218130465,0.2782467,0.269415024,0.214654283,0.138775732,0.013209494,0,0,0,0,0,0
z=075.0,0.939709956,0.901656618,0.863896584,0.815773179,0.784617891,0.75553745,0.724718918,0.689739829,0.666199555,0.642300798,0.620487752,0.600054315,0.577915377,0.563358862,0.548443865,0.530465483,0.517310304,0.506240834,0.480973331,0.456716094,0.443539189,0.421747868,0.403736896,0.387800771,0.370843517,0.358361849,0.333431101,0.305393515,0.294313182,0.275965455,0.263136169,0.248253761,0.233729835,0.225061105,0.220900549,0.209135843,0.201509967,0.187333659,0.181793493,0.174862854,0.170713161,0.170354679,0.166552604,0.159969583,0.159611102,0.158926729,0.155450546,0.153723318,0.154092662,0.157883874,0.16133833,0.158926729,0.15995872,0.173472381,0.1769377,0.184900331,0.191135734,0.199098365,0.206018141,0.216055619,0.231980881,0.254130683,0.272836891,0.292575091,0.300526859,0.30159144,0.306099614,0.321307914,0.333778719,0.354918255,0.368431916,0.379501385,0.389191244,0.40923361,0.418293412,0.435218076,0.4487426,0.471956982,0.495149639,0.512432785,0.549866927,0.581684862,0.608016946,0.637792624,0.686263647,0.720536636,0.710510021,0.716017598,0.755168106,0.746510238,0.724023681,0.706023573,0.68351529,0.664124708,0.649579056,0.642996035,0.624995926,0.608723046,0.599706697,0.586225626,0.566813318,0.545717234,0.531149856,0.514203465,0.502775515,0.494106784,0.486480908,0.473673347,0.46710119,0.462245397,0.453250774,0.443550052,0.42762479,0.413090001,0.408581826,0.402694042,0.398891967,0.394720547,0.394372929,0.386421161,0.386757916,0.388843626,0.386432024,0.389875618,0.392656564,0.40095595,0.4092662,0.394372929,0.385715062,0.395752539,0.396111021,0.38676878,0.387116398,0.373613601,0.378806148,0.374645592,0.376025202,0.381912987,0.392645701,0.406832872,0.408581826,0.410634946,0.415153984,0.42069415,0.422399652,0.39819673,0.378100049,0.36494487,0.353180164,0.341404595,0.331703873,0.327206561,0.325826951,0.322372495,0.318559557,0.322361632,0.330324263,0.340024985,0.359404704,0.369105426,0.373972082,0.378121775,0.394372929,0.404768888,0.398891967,0.394036174,0.395774265,0.390929336,0.393351801,0.39957634,0.415501602,0.43176362,0.421747868,0.413437619,0.406854598,0.397849112,0.388496008,0.38606268,0.378100049,0.369463907,0.359752322,0.352484927,0.34658628,0.338992993,0.328586171,0.323393623,0.318537831,0.310260171,0.301602303,0.293965564,0.291543099,0.285307696,0.279083157,0.273184509,0.26625387,0.259312368,0.254489164,0.247906143,0.245483678,0.238922383,0.233708109,0.229547553,0.230927163,0.220216175,0.220542067,0.219488349,0.21503449,0.216424963,0.215382109,0.227809462,0.218836565,0.23229591,0.24375645,0.255521156,0.289489979,0.358318397,0.431329097,0.398175004,0.373885177,0.292433871,0.134723806,0,0
z=075.5,0.98715985,0.981989028,0.958448753,0.932833632,0.907902884,0.893324643,0.876019771,0.844506002,0.802965618,0.765238173,0.744098637,0.709108685,0.680397588,0.65302265,0.627766009,0.615653685,0.584487535,0.563337135,0.544305035,0.528379773,0.513497366,0.495149639,0.479213514,0.466753571,0.44736299,0.430742491,0.414458747,0.401987942,0.380522514,0.367736679,0.351463799,0.343837923,0.331019499,0.324099723,0.318537831,0.304013905,0.292238336,0.285307696,0.282885232,0.278051165,0.273184509,0.267991961,0.264179023,0.265917115,0.263157895,0.264189886,0.256238119,0.26211504,0.26140894,0.263505513,0.263147032,0.267991961,0.268350443,0.272858617,0.276660692,0.281158003,0.289826734,0.298115257,0.312335017,0.32062354,0.342795068,0.34867199,0.36009994,0.373950356,0.391950464,0.412036283,0.424865569,0.438020748,0.445972516,0.4684808,0.489250991,0.509000054,0.522133507,0.524947043,0.547422736,0.565781326,0.586888273,0.621508881,0.645396774,0.652012384,0.672771713,0.689370485,0.695279996,0.701515398,0.713964478,0.733713541,0.752061268,0.756927924,0.757601434,0.755178969,0.738569334,0.712595731,0.693205149,0.679017978,0.66031177,0.63781435,0.617033295,0.598685568,0.584139916,0.570278638,0.55886155,0.54396828,0.513160611,0.494812884,0.479202651,0.46017055,0.44598338,0.436956168,0.427288034,0.41793493,0.405811743,0.395079029,0.387105535,0.38192385,0.373961219,0.364249633,0.360795177,0.351452936,0.347303243,0.346271251,0.337254902,0.338286894,0.333441964,0.332735864,0.333083483,0.327217424,0.332073217,0.334137201,0.332409972,0.339340612,0.344880778,0.359752322,0.364966596,0.367725816,0.366335343,0.370126555,0.345565151,0.323056868,0.316832328,0.30297105,0.301254685,0.302275813,0.295345174,0.296388029,0.294671664,0.298810494,0.308152735,0.30643637,0.313367009,0.32132964,0.336212047,0.350062463,0.363543534,0.387464016,0.406854598,0.44736299,0.472315464,0.500689805,0.533583184,0.567160936,0.596914888,0.617728532,0.627766009,0.646461355,0.658584542,0.671728858,0.699440552,0.734408777,0.762446364,0.777687252,0.752408886,0.728520993,0.711216121,0.701863017,0.689739829,0.679354734,0.670001629,0.616663951,0.576155559,0.538786595,0.517647059,0.486480908,0.473336592,0.449090218,0.43314323,0.417576449,0.408223345,0.395068166,0.382586497,0.370485036,0.358709467,0.355939384,0.350366629,0.343816197,0.345923633,0.346249525,0.355591766,0.370821791,0.402639726,0.425528217,0.414806366,0.415512465,0.418271685,0.420053229,0.429341155,0.447688882,0.480919016,0.524208354,0.521796752,0.509695291,0.489978817,0.479224377,0.455314757,0.440073869,0.414111129,0.386106132,0.332779317,0.282830916,0.188028896,0.031828798,0,0,0
z=076.0,0.964629841,0.94563033,0.927619358,0.910651241,0.891271522,0.873271414,0.858725762,0.848003911,0.84142089,0.831014068,0.793970996,0.762109608,0.741328554,0.721253598,0.705665092,0.692857531,0.678322742,0.665145837,0.652696757,0.639867471,0.613209494,0.591765792,0.573385476,0.551594156,0.535636304,0.517668785,0.49826734,0.485796535,0.472282874,0.452207919,0.441486068,0.431079246,0.416892075,0.40028244,0.377426538,0.367367335,0.35872033,0.344522296,0.342099832,0.332757591,0.325120852,0.323741242,0.316126229,0.31648471,0.308511216,0.30781598,0.313367009,0.308174461,0.314746619,0.311976536,0.319939167,0.321655532,0.331367117,0.342784205,0.350420944,0.364260496,0.382608223,0.393699419,0.406517843,0.413068274,0.433523437,0.447373853,0.451523546,0.462940633,0.487523763,0.504155125,0.529400902,0.552626147,0.576503177,0.594861767,0.607332573,0.618760524,0.616674814,0.595926348,0.600391071,0.589995112,0.59034273,0.599011461,0.619792515,0.630883711,0.630188474,0.619444897,0.61008093,0.611134648,0.599359079,0.583412091,0.560577915,0.567867036,0.581380696,0.560925534,0.529411765,0.497550377,0.465363098,0.445624898,0.423811852,0.398207593,0.381228613,0.360458422,0.343490305,0.326522188,0.312324154,0.299516593,0.28185324,0.267655206,0.260376949,0.241344848,0.233382217,0.221595785,0.215718864,0.205322905,0.190092879,0.177285319,0.177611211,0.165857368,0.157536255,0.151670197,0.148541633,0.136755201,0.137113682,0.128455814,0.120156428,0.11704959,0.117375482,0.114605399,0.112530552,0.105263158,0.106306013,0.108728478,0.109076096,0.105621639,0.111150942,0.110108088,0.112889034,0.117364619,0.123610885,0.124306121,0.13608169,0.136418445,0.148552496,0.154418554,0.171734289,0.182477866,0.191135734,0.213633154,0.222291022,0.242018359,0.271131389,0.307446635,0.326858943,0.342099832,0.360447559,0.389517136,0.414458747,0.453935147,0.486491771,0.513149747,0.539134213,0.579284124,0.614969312,0.637108251,0.607680191,0.605952963,0.636065396,0.685546684,0.700135788,0.688371083,0.674846559,0.665841073,0.656498832,0.648894683,0.646124599,0.650274293,0.648188583,0.6644506,0.661007007,0.646472218,0.631568084,0.62083537,0.605257726,0.594188257,0.576872522,0.564390853,0.550540438,0.538775732,0.52423008,0.509010917,0.494117647,0.478865895,0.463983488,0.446330998,0.432480582,0.40788659,0.390234099,0.3743197,0.348356961,0.320297648,0.292911846,0.264189886,0.238194558,0.195958938,0.141936886,0.042930857,0,0,0,0,0,0,0,0,0,0,0,0,0,0,0,0,0,0,0,0,0
z=076.5,0.970191733,0.945999674,0.920015208,0.888132095,0.851795122,0.790158058,0.753473467,0.717103905,0.683862908,0.646461355,0.622562598,0.589690946,0.554353376,0.515561349,0.486491771,0.464320243,0.440779968,0.419662158,0.403378415,0.380891858,0.360089077,0.346944761,0.330671881,0.313703764,0.299864212,0.283928086,0.274585845,0.26763348,0.254825919,0.24375645,0.232317636,0.22401825,0.212242681,0.204627668,0.199771876,0.193199718,0.180381294,0.174504372,0.170007061,0.16275053,0.156504264,0.153038944,0.150268861,0.148541633,0.144728695,0.145423931,0.144381077,0.142317093,0.143674977,0.141263375,0.146119168,0.14439194,0.143359948,0.146803541,0.150257998,0.15995872,0.158926729,0.169311824,0.171386671,0.177980555,0.190082016,0.193569062,0.201868448,0.212937918,0.220563793,0.233718972,0.250328608,0.26695997,0.280430178,0.280115149,0.284623323,0.280462767,0.282537613,0.296051274,0.304676552,0.341046114,0.368062571,0.405779154,0.425897561,0.449785454,0.483026452,0.518679051,0.545315301,0.582021618,0.61630547,0.633621205,0.63919396,0.641257944,0.65369616,0.641257944,0.610124382,0.582390962,0.556080604,0.516267449,0.487165282,0.462603878,0.438020748,0.416544457,0.396469502,0.376025202,0.359763185,0.352126446,0.324436478,0.310249307,0.298799631,0.282189995,0.271446418,0.26211504,0.253815654,0.244093205,0.231991744,0.22193254,0.210852208,0.203237195,0.193221444,0.187322796,0.182814622,0.179012547,0.166867633,0.153364836,0.146792678,0.144033458,0.135386454,0.128455814,0.127076204,0.126044213,0.126728586,0.12603335,0.131562653,0.139883765,0.144033458,0.147846396,0.154418554,0.151996089,0.159274347,0.164825376,0.172081908,0.180033676,0.190440498,0.195958938,0.206713378,0.222975395,0.235782956,0.256933355,0.284623323,0.311976536,0.326858943,0.341752213,0.354907392,0.378795285,0.397849112,0.425875835,0.451165064,0.483710825,0.521438271,0.572331758,0.616674814,0.661680517,0.651968932,0.651979795,0.64333279,0.630546956,0.626038781,0.618771387,0.619781652,0.617370051,0.622573462,0.639878334,0.649231438,0.650958666,0.657204932,0.667568302,0.658584542,0.645081745,0.628798001,0.616001304,0.603530498,0.589680083,0.576524904,0.559209168,0.548128836,0.531160719,0.519721905,0.503796643,0.488566618,0.474716202,0.457052849,0.439389495,0.424170333,0.405811743,0.385725925,0.368431916,0.342816794,0.312671772,0.287708435,0.262125903,0.234044864,0.193547336,0.139166802,0.040171637,0,0,0,0,0,0,0,0,0,0,0,0,0,0,0,0,0,0,0,0,0,0,0
z=077.0,0.937298354,0.890923904,0.849709413,0.806072457,0.771799468,0.746184346,0.718831134,0.695279996,0.677616642,0.650600185,0.619814241,0.600771278,0.573048721,0.547422736,0.530117864,0.498593232,0.469176036,0.453250774,0.438357504,0.416544457,0.39957634,0.385378306,0.372918364,0.360795177,0.340709359,0.31995003,0.302275813,0.292585954,0.280462767,0.26695997,0.253087828,0.225756341,0.210873934,0.197360274,0.181793493,0.173113899,0.162402911,0.160306339,0.151311716,0.147835533,0.139872902,0.133289881,0.123936777,0.1184292,0.118776818,0.108728478,0.114616262,0.112193797,0.112530552,0.11496388,0.118081582,0.1177231,0.12532725,0.125707457,0.141285101,0.147498778,0.165129542,0.175547227,0.199771876,0.209820216,0.224376731,0.230253653,0.238563902,0.255542882,0.271815762,0.282189995,0.293639672,0.311628917,0.325490196,0.338645375,0.353527782,0.375655858,0.385378306,0.40166205,0.418630167,0.436956168,0.460854924,0.459833795,0.473325729,0.491325838,0.493770029,0.498245614,0.503427299,0.501352452,0.517603607,0.541534952,0.555732986,0.577535169,0.628396068,0.632263321,0.614599967,0.600065178,0.575829667,0.560577915,0.541198197,0.531160719,0.518689914,0.504828635,0.493074792,0.484058443,0.472293737,0.462245397,0.453935147,0.444256151,0.434544566,0.425886698,0.420346532,0.412383901,0.413774374,0.404084515,0.397153875,0.394394655,0.391613709,0.390581717,0.384346315,0.380891858,0.37983814,0.376731302,0.380185759,0.378806148,0.380533377,0.379153767,0.377426538,0.372907501,0.372223127,0.377415675,0.387453153,0.398533485,0.407202216,0.425191462,0.445288143,0.463288252,0.475411439,0.456661778,0.436967031,0.431796209,0.432469719,0.423127478,0.417217968,0.412731519,0.411699527,0.411004291,0.413426756,0.416196839,0.41931454,0.423105752,0.43038401,0.442865678,0.456009994,0.482678833,0.488925099,0.494802021,0.497930585,0.511411656,0.518331432,0.536342404,0.560925534,0.57584053,0.577556895,0.582749443,0.591754929,0.595220249,0.6059421,0.615653685,0.627407528,0.648547064,0.676943132,0.701852154,0.671033621,0.639856607,0.638151105,0.617033295,0.596610722,0.575482049,0.551920048,0.533561458,0.517299441,0.504144262,0.480256368,0.465373961,0.454630384,0.435261528,0.422432242,0.408929444,0.397849112,0.383998696,0.369105426,0.35734072,0.350062463,0.332051491,0.321677258,0.312671772,0.299853349,0.285633589,0.273890609,0.260778882,0.250708815,0.236510782,0.224713487,0.218141329,0.204964423,0.195948075,0.181413286,0.170007061,0.154070936,0.140187931,0.125316387,0.131562653,0.137091956,0.119787084,0.015588507,0,0,0,0,0,0,0,0,0,0,0,0
z=077.5,0.988887078,0.975058389,0.949790886,0.930400304,0.897496062,0.875335397,0.847265222,0.804692847,0.768681766,0.74064418,0.707066428,0.672076476,0.634696649,0.609755038,0.587941991,0.569583401,0.550540438,0.532877084,0.516604204,0.497908859,0.481299223,0.466069198,0.435250665,0.416544457,0.389202107,0.377068057,0.362522405,0.351800554,0.340709359,0.316832328,0.308522079,0.30159144,0.291184618,0.282885232,0.276649829,0.268687198,0.257259247,0.247917006,0.24584216,0.23891152,0.232697844,0.233023736,0.230612134,0.22334474,0.221248167,0.224007387,0.221954266,0.220911412,0.222291022,0.221617511,0.225050242,0.229221661,0.226788333,0.233718972,0.235098582,0.239954375,0.245483678,0.252414318,0.25864972,0.261083048,0.278040302,0.283917223,0.288425398,0.288425398,0.299842485,0.312324154,0.318211939,0.324110586,0.327565043,0.3348433,0.345891043,0.332399109,0.342436587,0.350062463,0.34796589,0.358372712,0.370137418,0.399206996,0.422421379,0.461191679,0.485763945,0.52076476,0.559893542,0.574786812,0.593134539,0.604931834,0.621182988,0.633979686,0.629156483,0.614947586,0.594525012,0.579610016,0.564401716,0.550551301,0.540513823,0.527011026,0.51800554,0.513497366,0.480940742,0.451860301,0.435239802,0.416544457,0.405464125,0.393688556,0.386757916,0.378447667,0.368062571,0.363912878,0.363576123,0.361827169,0.352126446,0.343131823,0.335516811,0.323056868,0.31786432,0.314051382,0.310249307,0.312313291,0.305741133,0.306088751,0.311976536,0.316462984,0.321677258,0.331703873,0.336212047,0.335169192,0.323719516,0.300917929,0.288088643,0.28323285,0.277334202,0.276660692,0.274574982,0.281505622,0.287393406,0.299842485,0.312313291,0.333767856,0.367693227,0.397143012,0.403736896,0.418619304,0.438694259,0.460518168,0.474368584,0.492727174,0.521090652,0.533235566,0.542241052,0.569214057,0.58344468,0.585519526,0.591407311,0.594177394,0.601444788,0.610797893,0.622899354,0.644364782,0.649589919,0.648894683,0.653391994,0.651653903,0.657194069,0.658236924,0.661702243,0.671728858,0.680734344,0.695290859,0.720547499,0.72090598,0.716756287,0.71468144,0.709836511,0.709488893,0.688012601,0.647156591,0.626364673,0.604584216,0.591396448,0.572005866,0.559209168,0.551909185,0.540166205,0.531160719,0.521112378,0.508315681,0.502417033,0.494117647,0.487523763,0.482689696,0.472630493,0.469512791,0.464678725,0.459801206,0.453609255,0.449785454,0.448720873,0.443224159,0.443886807,0.443202433,0.445635761,0.44736299,0.452555537,0.453261637,0.460539895,0.471946119,0.48266797,0.502438759,0.523513117,0.548422139,0.591081419,0.642626691,0.751941774,0.795687361,0.848297214,0.937569931,1,1,1,1,1,1,1
z=078.0,0.97226658,0.94630384,0.919319972,0.902351855,0.886078975,0.874281679,0.855955679,0.848677421,0.833795014,0.82720113,0.804714573,0.791885286,0.779772962,0.766259302,0.759350388,0.752072131,0.740991798,0.729216229,0.712258976,0.700124925,0.682483298,0.663092716,0.646472218,0.629840856,0.617044158,0.603530498,0.593818913,0.585182771,0.571332356,0.561294878,0.552278529,0.542936288,0.533572321,0.527706263,0.512812992,0.505534735,0.497224485,0.496540112,0.489272717,0.48199446,0.481310086,0.479224377,0.475759057,0.475759057,0.473325729,0.472641356,0.470566509,0.469523654,0.472293737,0.469512791,0.46155016,0.457748085,0.450828309,0.446667753,0.449785454,0.4487426,0.456705231,0.460159687,0.471598501,0.476780186,0.473673347,0.461213405,0.453576666,0.432806474,0.418945196,0.4085601,0.409613818,0.407191353,0.406181087,0.409624681,0.413415893,0.402020531,0.384346315,0.37983814,0.373613601,0.367367335,0.365998588,0.372896638,0.377068057,0.380870132,0.380522514,0.37916463,0.385736788,0.398533485,0.398511759,0.387800771,0.410298191,0.42277986,0.439389495,0.440779968,0.426603661,0.415512465,0.409613818,0.39819673,0.390234099,0.378110912,0.371527891,0.363217642,0.353875401,0.349367226,0.343479442,0.336548802,0.312660909,0.297441747,0.288762153,0.283243713,0.273879746,0.259703438,0.256216392,0.246537396,0.244104068,0.240638749,0.2361523,0.235109445,0.229221661,0.231980881,0.226799196,0.224039976,0.224355005,0.22748357,0.225419586,0.228537287,0.228200532,0.232328499,0.235457064,0.244114931,0.253804791,0.262462658,0.269740916,0.282885232,0.294682527,0.313356146,0.305035033,0.289109771,0.282885232,0.278735539,0.28669817,0.283580468,0.288066917,0.297430884,0.305741133,0.314388138,0.329629026,0.34174135,0.361827169,0.387094672,0.41793493,0.455347347,0.5079572,0.562305144,0.624289827,0.657215795,0.663418608,0.615979577,0.58135897,0.563011243,0.541915159,0.52907501,0.510379664,0.496192494,0.48475368,0.474010103,0.467437945,0.459127695,0.445972516,0.44389767,0.433849329,0.430047254,0.432132964,0.434881321,0.44181196,0.457041986,0.440779968,0.432469719,0.426581935,0.4092662,0.397490631,0.387116398,0.377752431,0.369453044,0.362522405,0.347976753,0.338286894,0.32893379,0.314757482,0.311270436,0.300200967,0.289805008,0.280451904,0.267307588,0.261756559,0.250013579,0.240312856,0.229189072,0.225767204,0.211580034,0.203237195,0.19076639,0.185226223,0.174493509,0.166541741,0.156830156,0.147487915,0.136059964,0.1191353,0.108728478,0.111129216,0.089272717,0.086578676,0.089305307,0.064363696,0.003476183,0,0,0,0,0,0,0,0,0,0,0
z=078.5,0.98578024,0.979208082,0.959122264,0.944587475,0.921394818,0.900266145,0.880875564,0.864939438,0.835185487,0.795361469,0.774254522,0.752072131,0.732333931,0.708782793,0.681092825,0.646461355,0.615295204,0.584813427,0.546401608,0.518689914,0.494095921,0.474031829,0.451523546,0.430753354,0.416881212,0.402683179,0.388496008,0.371886372,0.355950247,0.346955624,0.337950139,0.323404486,0.317853457,0.306773125,0.292575091,0.289815871,0.278398783,0.275965455,0.275270219,0.270762044,0.261419803,0.261767422,0.254152409,0.256227255,0.246895877,0.248970724,0.234077454,0.226788333,0.218488947,0.213622291,0.208788224,0.211199826,0.207386888,0.208788224,0.213980772,0.211547444,0.216392374,0.2164141,0.215360382,0.224355005,0.235793819,0.241323122,0.244799305,0.264885123,0.260366085,0.267296725,0.258334691,0.263483787,0.26211504,0.277355929,0.303992179,0.310227581,0.332725001,0.36147955,0.377046331,0.376003476,0.377426538,0.38397697,0.396458639,0.410993428,0.446320135,0.456705231,0.475052957,0.478518277,0.486122427,0.492368693,0.486828526,0.471609364,0.458421596,0.443528325,0.40371517,0.378425941,0.362511542,0.337244039,0.323056868,0.304372386,0.28807778,0.274553256,0.261061322,0.248959861,0.239954375,0.223681495,0.217446092,0.206007278,0.202205203,0.193547336,0.18662756,0.180739775,0.164466895,0.15995872,0.161012438,0.154081799,0.146477649,0.147498778,0.144044321,0.14092662,0.141610993,0.144044321,0.14577155,0.143674977,0.145098039,0.146119168,0.151659334,0.1571995,0.162370322,0.170343816,0.180044539,0.184552713,0.196654174,0.211558308,0.224702623,0.24167074,0.256574874,0.284264842,0.314029656,0.350420944,0.373602737,0.402683179,0.417587312,0.440084732,0.462245397,0.492683722,0.517983814,0.543609798,0.562316007,0.595546141,0.621182988,0.638140242,0.667557438,0.642670143,0.62154147,0.612525121,0.60732171,0.609070664,0.613915594,0.634674923,0.633664657,0.633653794,0.63919396,0.650252566,0.655119222,0.635011678,0.616348922,0.601455652,0.590712074,0.586562381,0.579990223,0.570984737,0.574091576,0.578578024,0.590712074,0.598674705,0.590375319,0.585519526,0.580326978,0.572016729,0.565422845,0.565075227,0.558177177,0.560230297,0.56713921,0.570647982,0.564401716,0.55401662,0.543631525,0.536005649,0.525631416,0.513844984,0.504502743,0.49097822,0.48061485,0.470229754,0.45879094,0.443571778,0.433860192,0.416207702,0.404768888,0.389191244,0.369453044,0.350420944,0.326163706,0.305393515,0.284949215,0.255879637,0.230612134,0.180750638,0.119743632,0.017663353,0,0,0,0,0,0,0,0,0,0,0,0,0,0,0
z=079.0,0.95596111,0.899907664,0.853196459,0.811612623,0.772157949,0.746184346,0.720569225,0.69840856,0.67658465,0.654434849,0.64057357,0.610091793,0.588267883,0.560599642,0.535321275,0.515583075,0.49826734,0.481635978,0.461908642,0.452207919,0.434892184,0.428320026,0.408234208,0.393004182,0.387811634,0.376383684,0.368062571,0.354223019,0.34244745,0.332062354,0.322350769,0.305751996,0.299158112,0.288425398,0.277355929,0.274933464,0.26558036,0.260724567,0.252088425,0.252783662,0.242029222,0.244451686,0.238227147,0.233034599,0.235793819,0.227135951,0.231991744,0.230938026,0.231296508,0.229569279,0.235087719,0.233697246,0.23891152,0.242724458,0.242724458,0.24099723,0.235098582,0.233371354,0.235457064,0.245494541,0.243408832,0.248623106,0.25864972,0.261756559,0.265211015,0.272152518,0.278735539,0.28185324,0.295356037,0.311259573,0.323404486,0.336896421,0.34588018,0.329965781,0.329292271,0.340698495,0.368736082,0.378447667,0.390918473,0.40718049,0.397110423,0.387779045,0.391255228,0.403726033,0.421726142,0.449426973,0.487523763,0.560197708,0.606984955,0.614599967,0.605931237,0.595915485,0.586562381,0.574786812,0.570289501,0.558177177,0.555743849,0.548128836,0.531823366,0.511411656,0.494106784,0.48061485,0.470208028,0.460865787,0.453598392,0.432817337,0.417587312,0.406843735,0.390581717,0.38744229,0.374645592,0.364260496,0.361838032,0.356287002,0.350410081,0.34520667,0.34382706,0.344511433,0.34036174,0.34453316,0.34520667,0.346618869,0.352821683,0.354570637,0.365998588,0.36561838,0.356297865,0.344174678,0.34036174,0.333441964,0.338286894,0.345195807,0.350746836,0.348335234,0.347650861,0.347976753,0.346944761,0.344869915,0.349703981,0.352821683,0.361468687,0.361838032,0.370506762,0.380207485,0.391635435,0.406843735,0.424148607,0.454271903,0.485090435,0.514507631,0.523904188,0.528738254,0.540144479,0.548465591,0.564760198,0.579957634,0.609744175,0.63119874,0.605594482,0.603888979,0.582423551,0.569268372,0.561284015,0.553669002,0.542936288,0.539112487,0.539807724,0.540861442,0.557101733,0.56370648,0.548128836,0.541893433,0.530465483,0.521818478,0.513149747,0.50035305,0.492031937,0.484764543,0.476443431,0.466405953,0.462614741,0.450458965,0.44251806,0.436282657,0.430394873,0.425908424,0.419998914,0.416196839,0.407202216,0.404758025,0.399902232,0.398533485,0.395068166,0.391602846,0.393688556,0.395426647,0.396132747,0.39752322,0.403052523,0.413046548,0.439367769,0.47537885,0.489620336,0.474401173,0.468806692,0.450469828,0.436271794,0.425864972,0.405474988,0.379490522,0.355906795,0.332725001,0.29426973,0.267274999,0.208755635,0.098310792,0.002780946,0,0,0,0,0,0
z=079.5,0.978849601,0.93594047,0.906849166,0.877757862,0.83862908,0.804692847,0.77665526,0.752072131,0.713290967,0.681766335,0.643017761,0.616685677,0.592439303,0.557112596,0.52836891,0.5072511,0.48613329,0.47124002,0.446667753,0.432122101,0.415512465,0.397143012,0.377426538,0.357666612,0.344869915,0.324784096,0.311965673,0.298462875,0.283591331,0.278366194,0.267296725,0.248959861,0.234066591,0.218825702,0.209135843,0.203943295,0.193547336,0.181098256,0.178664929,0.174504372,0.168964206,0.165846505,0.158926729,0.151996089,0.154092662,0.150964098,0.150627342,0.147498778,0.146814404,0.150616479,0.151311716,0.151996089,0.157894737,0.163087285,0.168964206,0.171039053,0.188354788,0.193210581,0.20498615,0.218141329,0.22263864,0.230253653,0.242018359,0.260376949,0.264526642,0.260040193,0.27385802,0.289479116,0.298104394,0.310944544,0.318548694,0.315083374,0.323046005,0.32132964,0.325816088,0.348661127,0.371875509,0.392319809,0.41517571,0.451838575,0.477138667,0.514876976,0.53912335,0.548802346,0.563358862,0.569550812,0.566824181,0.602433328,0.616663951,0.602835262,0.582054207,0.565433708,0.547770355,0.523187225,0.49688773,0.472988974,0.448384118,0.436271794,0.415512465,0.407538971,0.391961327,0.377415675,0.364966596,0.359057085,0.34453316,0.335505948,0.329987507,0.323762968,0.313703764,0.305751996,0.303655423,0.292585954,0.290858726,0.286002933,0.283591331,0.288762153,0.282548476,0.281505622,0.275606974,0.253446309,0.248959861,0.243397969,0.230938026,0.215023627,0.208114714,0.20081473,0.197360274,0.193536473,0.186616697,0.183857477,0.179012547,0.179707783,0.179707783,0.17969692,0.186290804,0.189397643,0.192504481,0.194601054,0.216403237,0.224007387,0.248927272,0.261083048,0.266275596,0.271457281,0.284960078,0.299831622,0.327543316,0.332409972,0.341056977,0.346608006,0.353864538,0.36009994,0.373591874,0.382608223,0.399587203,0.422084623,0.435935039,0.465373961,0.505187116,0.556428222,0.574450057,0.583792298,0.55401662,0.546390745,0.549182554,0.565422845,0.577893651,0.587235892,0.597295095,0.603867253,0.594525012,0.586551518,0.578578024,0.566118082,0.559904405,0.55295204,0.545000272,0.538069632,0.531855956,0.524588561,0.521459997,0.513508229,0.509684428,0.506208245,0.499983705,0.497908859,0.493422411,0.492021074,0.491347564,0.486155016,0.485438053,0.485438053,0.483384933,0.48475368,0.487860518,0.491662593,0.494432676,0.499994568,0.504165988,0.51040139,0.519732768,0.533594047,0.546390745,0.56094726,0.586214763,0.610113519,0.654739015,0.716006735,0.790147195,0.807484656,0.831698441,0.880202053,0.960165119,1,1,1,1,1,1,1,1,1,1
z=080.0,0.967063169,0.954646679,0.930747922,0.910662104,0.881223182,0.86529792,0.843137255,0.82720113,0.811971104,0.799500299,0.778719244,0.765564065,0.745141491,0.731301939,0.70877193,0.674173049,0.64403889,0.613915594,0.590375319,0.564412579,0.546053989,0.536005649,0.512454511,0.488903373,0.471956982,0.452577264,0.435945902,0.415827494,0.394731411,0.37707892,0.370821791,0.360447559,0.353864538,0.338286894,0.332399109,0.322024876,0.314746619,0.30919559,0.299168975,0.293281191,0.287056651,0.285666178,0.283917223,0.284275705,0.280810385,0.28047363,0.280451904,0.278029439,0.279419912,0.278724675,0.281505622,0.280104285,0.289120634,0.286002933,0.276649829,0.271815762,0.274585845,0.271794036,0.262451795,0.260040193,0.263505513,0.270403563,0.280104285,0.297420021,0.296735647,0.310586063,0.32893379,0.336212047,0.350062463,0.368399326,0.383987833,0.395415784,0.412731519,0.435228939,0.460518168,0.468133181,0.476791049,0.483710825,0.506208245,0.507283689,0.516604204,0.530117864,0.539090761,0.514876976,0.523198088,0.522861333,0.543251317,0.531149856,0.543588072,0.524566835,0.507946336,0.493748303,0.478518277,0.462593015,0.449448699,0.435935039,0.423475096,0.413437619,0.39890283,0.393351801,0.38330346,0.370495899,0.363543534,0.346249525,0.328912063,0.314051382,0.304024768,0.292238336,0.279430775,0.270762044,0.260051056,0.253446309,0.24860138,0.240986367,0.234750964,0.229210798,0.22748357,0.22472435,0.22055293,0.220900549,0.215371245,0.217446092,0.217087611,0.21917332,0.206344033,0.182803759,0.173124762,0.167584596,0.158231492,0.158220629,0.147857259,0.152354571,0.162011841,0.164456032,0.166900223,0.182477866,0.194242572,0.214697735,0.230948889,0.243397969,0.251729944,0.266612351,0.285644452,0.310238444,0.335516811,0.349693118,0.335875292,0.335180055,0.327217424,0.319222204,0.306088751,0.296051274,0.290152626,0.288762153,0.290152626,0.287382543,0.300874477,0.305035033,0.326511325,0.332399109,0.326511325,0.32132964,0.328249416,0.323046005,0.32617457,0.328249416,0.336559665,0.345565151,0.361859758,0.384346315,0.428635055,0.457357015,0.459833795,0.453935147,0.44598338,0.437662267,0.431785346,0.421389387,0.418271685,0.411351909,0.406148498,0.395763402,0.395752539,0.390570854,0.386084406,0.378447667,0.370843517,0.372212264,0.364629841,0.362533268,0.356634621,0.354918255,0.356297865,0.353875401,0.347976753,0.353169301,0.355255011,0.358025094,0.358014231,0.363532671,0.381902124,0.404084515,0.449068492,0.458073978,0.445288143,0.429362881,0.416892075,0.403009071,0.386410298,0.369105426,0.343490305,0.317875183,0.284275705,0.237901255,0.167943078,0.032209005,0,0,0,0,0,0,0
z=080.5,0.973309435,0.956710662,0.930737059,0.906501548,0.879159198,0.856303297,0.838303188,0.815077943,0.791885286,0.780457335,0.754842214,0.732333931,0.717114768,0.698050079,0.684916626,0.669306393,0.65755255,0.641616425,0.624648308,0.610091793,0.587931128,0.568551409,0.555743849,0.542577807,0.522122644,0.506577589,0.490999946,0.478181522,0.463299115,0.455673239,0.443539189,0.434207811,0.42691869,0.412394764,0.398207593,0.38192385,0.378110912,0.369463907,0.364608115,0.360795177,0.355950247,0.353875401,0.352832546,0.350410081,0.346249525,0.345554288,0.345565151,0.34036174,0.343490305,0.346608006,0.34658628,0.34867199,0.337591657,0.334810711,0.336896421,0.339329749,0.34036174,0.350410081,0.355265874,0.347998479,0.362848297,0.372223127,0.382944979,0.387789908,0.382619086,0.38606268,0.3888219,0.402009668,0.418966922,0.427961545,0.44251806,0.452207919,0.441833686,0.440779968,0.439400358,0.456368475,0.461213405,0.478876758,0.487534626,0.497908859,0.513508229,0.536353267,0.558872413,0.575829667,0.585161045,0.602444191,0.610102656,0.621519744,0.619075553,0.595231112,0.570973874,0.548802346,0.529411765,0.49373744,0.467448808,0.44527728,0.424507088,0.405453262,0.388843626,0.376025202,0.361490413,0.346597143,0.336201184,0.325816088,0.310944544,0.300896203,0.292585954,0.284275705,0.271120526,0.264211613,0.257617729,0.250350334,0.244114931,0.238574765,0.231307371,0.231633263,0.223692358,0.223323013,0.221248167,0.218803976,0.216055619,0.215718864,0.218130465,0.217076748,0.22055293,0.213980772,0.222986258,0.22055293,0.225071968,0.24029113,0.241323122,0.247917006,0.257606865,0.26971919,0.278040302,0.293259464,0.310944544,0.330302537,0.353875401,0.393319211,0.416533594,0.441464342,0.458095704,0.449079355,0.416196839,0.40788659,0.4092662,0.410993428,0.415164847,0.437988159,0.446309272,0.444245288,0.456009994,0.458443322,0.454967139,0.432784748,0.432784748,0.440399761,0.449785454,0.468122318,0.472282874,0.482331215,0.486839389,0.483026452,0.473314866,0.47092499,0.469534517,0.476780186,0.502036826,0.500700668,0.503796643,0.503774917,0.497572104,0.488914236,0.477138667,0.466069198,0.457748085,0.447710608,0.438694259,0.429688773,0.421389387,0.412753245,0.405811743,0.39543751,0.387811634,0.381565369,0.36841019,0.362522405,0.353864538,0.350062463,0.344174678,0.331030362,0.330671881,0.328944653,0.315767748,0.310955407,0.308869697,0.305741133,0.30505676,0.300179241,0.303296942,0.302275813,0.303307805,0.314029656,0.32338276,0.364303949,0.376361958,0.359057085,0.333767856,0.311965673,0.279734941,0.241290533,0.193199718,0.064102982,0.001042855,0,0,0,0,0,0,0,0
z=081.0,0.969854978,0.954646679,0.929694205,0.907175058,0.868763239,0.840019554,0.815436424,0.774221933,0.745141491,0.720210744,0.695638477,0.669328119,0.637445006,0.604573353,0.58482429,0.558503069,0.53774374,0.525620553,0.50587149,0.487871381,0.477823041,0.460518168,0.449774591,0.431079246,0.41793493,0.408929444,0.394731411,0.377415675,0.367693227,0.352148172,0.341046114,0.335527674,0.32893379,0.31924393,0.311618054,0.304328934,0.295681929,0.288425398,0.278746402,0.272163381,0.273890609,0.270066808,0.268687198,0.262799413,0.260724567,0.261419803,0.259366683,0.258312965,0.259692575,0.259692575,0.260040193,0.265927978,0.266623214,0.267655206,0.270436152,0.272163381,0.275270219,0.285307696,0.296377166,0.297083265,0.309890826,0.327195698,0.337244039,0.331019499,0.33830862,0.339340612,0.33898213,0.357666612,0.365640106,0.37845853,0.386779643,0.401314432,0.421052632,0.43975884,0.454293629,0.469165173,0.492694585,0.502058552,0.514876976,0.516951822,0.519721905,0.540144479,0.556439085,0.5854978,0.593818913,0.61599044,0.641268807,0.663081853,0.66653631,0.652001521,0.636760632,0.625354408,0.609765901,0.59557873,0.58206507,0.564390853,0.552615284,0.539481832,0.526294063,0.516962685,0.510032046,0.496529249,0.478170659,0.466742708,0.450469828,0.442148715,0.429373744,0.421041769,0.408212482,0.387811634,0.383292597,0.376731302,0.365640106,0.360425832,0.350746836,0.343479442,0.343131823,0.335864429,0.332051491,0.330671881,0.328944653,0.332399109,0.331377981,0.329281408,0.336548802,0.333789582,0.350410081,0.35734072,0.370148281,0.380533377,0.383651078,0.381239476,0.389886481,0.389517136,0.399923959,0.404758025,0.415860084,0.41131932,0.389191244,0.382271468,0.387420564,0.398175004,0.410298191,0.408570963,0.413763511,0.421041769,0.430036391,0.453239911,0.466405953,0.477486285,0.50240617,0.527336918,0.533930802,0.5467275,0.547053392,0.536005649,0.512117756,0.496876867,0.492716311,0.485796535,0.49373744,0.509325946,0.513497366,0.488208136,0.470903264,0.465341372,0.46639509,0.461517571,0.477486285,0.46986041,0.456020857,0.444614633,0.431426864,0.427646516,0.41931454,0.417576449,0.426581935,0.424507088,0.412731519,0.403052523,0.393699419,0.384693933,0.375329966,0.362533268,0.353864538,0.34867199,0.338286894,0.324784096,0.323046005,0.312313291,0.302612569,0.292922709,0.287024062,0.282200858,0.270077671,0.262104177,0.255868774,0.245146923,0.241681603,0.232686981,0.226799196,0.222627777,0.212601162,0.208440606,0.20290044,0.199109228,0.192178589,0.185954049,0.179403617,0.181435012,0.176915974,0.174873717,0.1709956,0.167595459,0.181065667,0.187616099,0.198750747,0.237836076,0.262440932,0.438759437,0.544826462,0.670360111,1
z=081.5,0.93968823,0.903036228,0.869795231,0.838650807,0.823051437,0.796382597,0.764184455,0.738906089,0.713269241,0.686632991,0.66031177,0.628450383,0.596610722,0.574775949,0.544315898,0.516962685,0.494106784,0.477833904,0.448753463,0.436630275,0.421747868,0.395426647,0.379132041,0.358372712,0.334484819,0.322372495,0.314388138,0.301580577,0.285296833,0.268708924,0.263157895,0.249318342,0.243430558,0.239606757,0.234414209,0.224365868,0.218130465,0.209820216,0.189756124,0.191135734,0.183857477,0.181793493,0.182119385,0.177285319,0.179360165,0.175199609,0.172092771,0.176590082,0.175547227,0.174167617,0.175210472,0.177969692,0.181098256,0.180739775,0.182825485,0.189756124,0.200477975,0.197349411,0.20774537,0.213285536,0.223333876,0.237868665,0.250328608,0.25727011,0.267307588,0.28461246,0.301917332,0.322361632,0.340350877,0.36494487,0.378110912,0.390223236,0.404062789,0.413785237,0.441116724,0.461202542,0.470892401,0.479224377,0.500331324,0.517994677,0.545358753,0.576155559,0.590038564,0.595557004,0.60456249,0.635381022,0.650643637,0.673792841,0.706001847,0.707750801,0.697365705,0.684905763,0.667231546,0.641616425,0.621552333,0.60042366,0.585867145,0.569941883,0.558503069,0.542925425,0.536700885,0.520775623,0.513160611,0.503796643,0.493422411,0.484764543,0.477138667,0.467785563,0.46155016,0.451512683,0.444245288,0.438715985,0.432828201,0.430742491,0.422443105,0.41793493,0.416544457,0.406854598,0.402683179,0.402009668,0.398207593,0.397153875,0.394720547,0.393340937,0.392298083,0.389538863,0.386421161,0.391961327,0.392308946,0.391624572,0.391266091,0.372559883,0.352484927,0.342784205,0.334137201,0.330324263,0.305045896,0.273206235,0.262799413,0.255184401,0.243387106,0.232991147,0.218467221,0.207397751,0.199793602,0.189060888,0.184194232,0.185237087,0.177296182,0.183520721,0.180033676,0.18316224,0.180750638,0.186269078,0.197012655,0.199804465,0.213296399,0.227135951,0.249285753,0.276649829,0.323741242,0.362522405,0.375004074,0.387105535,0.405453262,0.423116615,0.434218674,0.435924176,0.456694367,0.463646733,0.455336484,0.451860301,0.445635761,0.438694259,0.432828201,0.426940416,0.419662158,0.411362772,0.40512737,0.400619195,0.394025311,0.387800771,0.384335452,0.379490522,0.371886372,0.368746945,0.36565097,0.357677475,0.355950247,0.351105317,0.345217533,0.343142686,0.344196404,0.340372603,0.340014122,0.333452827,0.3348433,0.332746727,0.332040628,0.333778719,0.337254902,0.340014122,0.344489707,0.355244148,0.357655749,0.37530824,0.387789908,0.417217968,0.474987779,0.516278312,0.514898702,0.508685025,0.499994568,0.489218402,0.480603987,0.472673945,0.462560426,0.444647222,0.417283146,0.388506871,0.256781272,0.024659171,0
z=082.0,0.96257672,0.9400793,0.911694096,0.88295041,0.856292434,0.827907229,0.798120689,0.770083102,0.730226495,0.702199772,0.671392103,0.641974906,0.616338059,0.587952854,0.561631633,0.54258867,0.524566835,0.507272826,0.493063929,0.473325729,0.447026234,0.416892075,0.397838249,0.382260605,0.366672098,0.351789691,0.334473956,0.320634403,0.30919559,0.295356037,0.282537613,0.272847754,0.266970833,0.255868774,0.248253761,0.240638749,0.235098582,0.227494433,0.221943403,0.215718864,0.211895063,0.208092988,0.20290044,0.202563685,0.19805551,0.197012655,0.198044647,0.194579328,0.194242572,0.195274564,0.20014122,0.193221444,0.198739884,0.20152083,0.206354897,0.213296399,0.217087611,0.225061105,0.236141437,0.24099723,0.250676226,0.254141546,0.269034816,0.280462767,0.296724784,0.317147358,0.333105209,0.362511542,0.38744229,0.404073652,0.423127478,0.435250665,0.458432459,0.475400576,0.484069306,0.492368693,0.512791266,0.545315301,0.552615284,0.57544946,0.608353702,0.635011678,0.651643039,0.666883928,0.664461463,0.671402966,0.682103091,0.700831025,0.719504644,0.724360437,0.695627614,0.660659388,0.636413014,0.618402042,0.595915485,0.578252132,0.566813318,0.543283906,0.535310412,0.52147086,0.509347673,0.497213622,0.487534626,0.475748194,0.454293629,0.435945902,0.420705013,0.412394764,0.398544348,0.389886481,0.380533377,0.372581609,0.36494487,0.365640106,0.355255011,0.354885666,0.3500516,0.352126446,0.352495791,0.359067949,0.35596111,0.353191027,0.357688338,0.354907392,0.350757699,0.335147466,0.305045896,0.290847863,0.279430775,0.268350443,0.265221878,0.256911629,0.25727011,0.253098691,0.252055836,0.24860138,0.251719081,0.253772201,0.25935582,0.269740916,0.278051165,0.292227473,0.303296942,0.332746727,0.355928521,0.376383684,0.400619195,0.395057303,0.369127152,0.372244854,0.37294009,0.388865352,0.413730922,0.429688773,0.446309272,0.458084841,0.462234534,0.47261963,0.474031829,0.470218891,0.462571289,0.459127695,0.452207919,0.450133073,0.448394981,0.440779968,0.441105861,0.446320135,0.443886807,0.447341263,0.455662376,0.46986041,0.490293846,0.488208136,0.479202651,0.475759057,0.467796426,0.460854924,0.455673239,0.451860301,0.446667753,0.442854815,0.437314649,0.429699636,0.426592798,0.422410515,0.422095486,0.417239694,0.414132855,0.41064581,0.409983162,0.405474988,0.407169627,0.403747759,0.402357286,0.40580088,0.408929444,0.403747759,0.407202216,0.410678399,0.414806366,0.421367661,0.428320026,0.440063006,0.448764326,0.462625604,0.47923524,0.501743523,0.535017109,0.563011243,0.62016186,0.685633589,0.794601054,0.858671446,0.967736679,1,1,1,1,1,1,1,1
z=082.5,0.977459128,0.960175982,0.93456086,0.908228776,0.88641573,0.854901961,0.832741296,0.80470371,0.771473576,0.74548911,0.713975341,0.693878659,0.674151323,0.657530824,0.641974906,0.628102765,0.608733909,0.593829776,0.577556895,0.558481343,0.518364022,0.503807506,0.481299223,0.460507305,0.438009885,0.422768997,0.416892075,0.40650698,0.387094672,0.375688447,0.362522405,0.346249525,0.332062354,0.32341535,0.315789474,0.312324154,0.303318668,0.298473739,0.283243713,0.280462767,0.271804899,0.263853131,0.268687198,0.261419803,0.259692575,0.257280973,0.257280973,0.257606865,0.260724567,0.263842268,0.257954484,0.265243604,0.269730053,0.271468144,0.279083157,0.28323285,0.291543099,0.301222095,0.317158221,0.332388246,0.339297159,0.352484927,0.363923741,0.373950356,0.383640215,0.385030688,0.396111021,0.415143121,0.44043235,0.453587529,0.467090326,0.483015589,0.478159796,0.474010103,0.470544783,0.45879094,0.468828418,0.475052957,0.49165173,0.511770137,0.539796861,0.560925534,0.577198414,0.60732171,0.636054533,0.652327413,0.677258161,0.697354842,0.715029059,0.721601217,0.712595731,0.698050079,0.672087339,0.64265928,0.625332682,0.610102656,0.595904622,0.580337842,0.571669111,0.55748194,0.550551301,0.539470968,0.531138993,0.503123133,0.477486285,0.464331106,0.451165064,0.436967031,0.41793493,0.411351909,0.401998805,0.394036174,0.387105535,0.374297974,0.369105426,0.361838032,0.360795177,0.350410081,0.348335234,0.345901906,0.343479442,0.337254902,0.336907284,0.334137201,0.334832437,0.334495682,0.336559665,0.338971267,0.338286894,0.341752213,0.348693716,0.34588018,0.336885558,0.327217424,0.314388138,0.308532942,0.300200967,0.299842485,0.296409755,0.29674651,0.293281191,0.299168975,0.307131606,0.315441855,0.332409972,0.34520667,0.346618869,0.349725707,0.349725707,0.350768562,0.357677475,0.36703058,0.373265982,0.381228613,0.392308946,0.404095378,0.42069415,0.439389495,0.458106567,0.48889251,0.522828744,0.535983923,0.582380099,0.616674814,0.630872848,0.632947694,0.603519635,0.570626256,0.551246537,0.533930802,0.521807615,0.509695291,0.494780294,0.49097822,0.486480908,0.480603987,0.484406062,0.485785672,0.496866004,0.516951822,0.513160611,0.504144262,0.49550812,0.48475368,0.477127804,0.468839281,0.466405953,0.456694367,0.451512683,0.442181305,0.436977894,0.429341155,0.429362881,0.423811852,0.41655532,0.41517571,0.413415893,0.408918581,0.409950573,0.409972299,0.40650698,0.413035685,0.418271685,0.428656781,0.437314649,0.450111346,0.471250883,0.511748411,0.573016132,0.574091576,0.566824181,0.563663028,0.55610233,0.556439085,0.546412471,0.542219325,0.53940579,0.53045462,0.52242681,0.516115366,0.514583673,0.483298028,1
z=083.0,0.961892347,0.945967085,0.908587258,0.882255174,0.849361795,0.8223562,0.789810439,0.759687144,0.736831242,0.704991581,0.68765412,0.667231546,0.648199446,0.634696649,0.609755038,0.590722937,0.573059584,0.551583293,0.530476346,0.509673565,0.491684319,0.473673347,0.463983488,0.449785454,0.434207811,0.421063495,0.411362772,0.40512737,0.393351801,0.375340829,0.36080604,0.348324371,0.339666504,0.327217424,0.325479333,0.319939167,0.313345283,0.302612569,0.299158112,0.289120634,0.27976753,0.282548476,0.277703547,0.276323937,0.274933464,0.273890609,0.271815762,0.269045679,0.271120526,0.271815762,0.273206235,0.272858617,0.278735539,0.28185324,0.285666178,0.287393406,0.294671664,0.300200967,0.315441855,0.323046005,0.331703873,0.326163706,0.321307914,0.325131715,0.332746727,0.338623649,0.343131823,0.360784314,0.365270762,0.385041551,0.399228722,0.401281842,0.401325295,0.424463636,0.431090109,0.448047363,0.449785454,0.447710608,0.46017055,0.468133181,0.498256477,0.506555863,0.521090652,0.535288686,0.552973766,0.577535169,0.611482266,0.627407528,0.653033513,0.662745098,0.65546684,0.646113736,0.63781435,0.629504101,0.620498615,0.613567976,0.593134539,0.569583401,0.550540438,0.538428114,0.524936179,0.510368801,0.498962577,0.491684319,0.482331215,0.469176036,0.462593015,0.45879094,0.447710608,0.436619412,0.426940416,0.422095486,0.418630167,0.414469611,0.411015154,0.404084515,0.400966813,0.393699419,0.394731411,0.388496008,0.387800771,0.383640215,0.382260605,0.355613492,0.334137201,0.324447341,0.311628917,0.302623432,0.294302319,0.28945739,0.283580468,0.283569605,0.278724675,0.273542991,0.275617837,0.273879746,0.271815762,0.280462767,0.275617837,0.28114714,0.288783879,0.301232959,0.307120743,0.310596926,0.329987507,0.345923633,0.360110803,0.382955842,0.418630167,0.459095106,0.482678833,0.475020368,0.447373853,0.446309272,0.433512574,0.416185976,0.408234208,0.397164738,0.397490631,0.402346423,0.409624681,0.396784531,0.385378306,0.373265982,0.36009994,0.352148172,0.338276031,0.333767856,0.323730379,0.314388138,0.307468361,0.300896203,0.291564825,0.28945739,0.279083157,0.278377057,0.270772908,0.272847754,0.266612351,0.26416816,0.265221878,0.268687198,0.275259356,0.27838792,0.293270328,0.320949432,0.333105209,0.324099723,0.314051382,0.310933681,0.307142469,0.297778502,0.290163489,0.286350551,0.281136277,0.278051165,0.278040302,0.278757265,0.276313074,0.29221661,0.334799848,0.328238553,0.306099614,0.280799522,0.249655097,0.213296399,0.156504264,0.040866873,0.000695237,0,0,0,0,0,0,0,0,0,0,0,0,0,0
z=083.5,0.960491011,0.931095541,0.908587258,0.8822769,0.843148118,0.815436424,0.787051219,0.762457227,0.742045516,0.72090598,0.693889523,0.65617294,0.636065396,0.618749661,0.594177394,0.572016729,0.548465591,0.515930694,0.491695182,0.464331106,0.440779968,0.418619304,0.401303569,0.383651078,0.36703058,0.349019608,0.331725599,0.314051382,0.296757373,0.281136277,0.268698061,0.255879637,0.244451686,0.230253653,0.226451578,0.216066482,0.207060996,0.204290913,0.195285427,0.192852099,0.185584705,0.179360165,0.176590082,0.173135625,0.165857368,0.166552604,0.164825376,0.163793384,0.166900223,0.165498887,0.170343816,0.175525501,0.174167617,0.181087393,0.18730107,0.191472489,0.197697029,0.206702515,0.216750855,0.226440715,0.239943512,0.250339471,0.265569496,0.28531856,0.297789365,0.313008528,0.331008636,0.33898213,0.337928412,0.345565151,0.358003368,0.372896638,0.397479768,0.412720656,0.42415947,0.440801695,0.453609255,0.486155016,0.510738146,0.529422628,0.546749226,0.573407202,0.596599859,0.617717669,0.638824616,0.6599207,0.656162077,0.684525555,0.707022975,0.711900494,0.702210635,0.695279996,0.679702352,0.672434957,0.666883928,0.648536201,0.631220466,0.611145511,0.602835262,0.591059693,0.582401825,0.567508555,0.547433599,0.520428005,0.501048286,0.486491771,0.472999837,0.45879094,0.454978002,0.444592906,0.431774483,0.42069415,0.414469611,0.407897453,0.40304166,0.397501494,0.391950464,0.354559774,0.328249416,0.308858834,0.297430884,0.285329423,0.26833958,0.266243007,0.260724567,0.259323231,0.252783662,0.253793928,0.245831297,0.246874151,0.246526533,0.250339471,0.248253761,0.254836782,0.259670849,0.256900766,0.277345065,0.279072294,0.292238336,0.308837108,0.330671881,0.368768671,0.387453153,0.394394655,0.400630058,0.412742382,0.425897561,0.445288143,0.467785563,0.473325729,0.47191353,0.436641138,0.418608441,0.408581826,0.405464125,0.423800989,0.457737222,0.437325512,0.42415947,0.414121992,0.398859378,0.385725925,0.377763294,0.364934007,0.356634621,0.340709359,0.332725001,0.328597034,0.319580685,0.311976536,0.30573027,0.298473739,0.289826734,0.288762153,0.28599207,0.281864103,0.281158003,0.288729564,0.288425398,0.307131606,0.327206561,0.318896312,0.307837706,0.29674651,0.289468253,0.280821248,0.269730053,0.25935582,0.252761936,0.244473413,0.237173429,0.220922275,0.213296399,0.204290913,0.192852099,0.18730107,0.176915974,0.168964206,0.156482538,0.145793276,0.13608169,0.127771441,0.119406876,0.104242029,0.094519581,0.093129108,0.087241323,0.006930639,0,0,0,0,0,0,0,0,0,0,0,0,0,0,0
z=084.0,0.968464505,0.936635707,0.900972245,0.875683016,0.839671935,0.808864266,0.788083211,0.760719135,0.728531856,0.704969855,0.678659497,0.64817772,0.604214872,0.567856173,0.550203683,0.519015806,0.496181631,0.480951605,0.465710716,0.443550052,0.423464233,0.409972299,0.395752539,0.38259736,0.361153658,0.342458313,0.330335126,0.312324154,0.293965564,0.270762044,0.254152409,0.245831297,0.23753191,0.225071968,0.220574656,0.213980772,0.198044647,0.193905817,0.17831731,0.170007061,0.165857368,0.167584596,0.162392048,0.160653957,0.159969583,0.156156645,0.156515127,0.156167509,0.156851882,0.1579056,0.158242355,0.160328065,0.160306339,0.167247841,0.174873717,0.177632937,0.185595568,0.191135734,0.200836456,0.217076748,0.231980881,0.255173538,0.273532128,0.283221987,0.298821357,0.307142469,0.317538428,0.338634512,0.355602629,0.369116289,0.378817012,0.399934822,0.407191353,0.417565586,0.437662267,0.465004617,0.49511705,0.494085058,0.483710825,0.479887024,0.496181631,0.500700668,0.515930694,0.522111781,0.535636304,0.548128836,0.56300038,0.609722449,0.621519744,0.618749661,0.606995818,0.593123676,0.579642605,0.569594264,0.559535061,0.547433599,0.538091358,0.531497474,0.517994677,0.509695291,0.502080278,0.494106784,0.484764543,0.481310086,0.466405953,0.445624898,0.425549943,0.413774374,0.403378415,0.396806257,0.385400033,0.374656455,0.365998588,0.359067949,0.355602629,0.34729238,0.343142686,0.335864429,0.333789582,0.330324263,0.326858943,0.322698387,0.317527565,0.304003042,0.278051165,0.264526642,0.256238119,0.244799305,0.24029113,0.230601271,0.228884906,0.229895171,0.223323013,0.22055293,0.210863071,0.211895063,0.207734507,0.212264407,0.217456955,0.222312748,0.243061213,0.271087937,0.276291348,0.287382543,0.300548585,0.318222802,0.342088969,0.370474173,0.385052414,0.399923959,0.409635544,0.420009777,0.432469719,0.444940525,0.467785563,0.476791049,0.50449188,0.532518603,0.568192928,0.623583727,0.655803596,0.670686003,0.692509913,0.705610776,0.700472544,0.700472544,0.680723481,0.664113845,0.645766118,0.629156483,0.618423768,0.6059421,0.594155668,0.582749443,0.574091576,0.564390853,0.552278529,0.544305035,0.536700885,0.528716528,0.520775623,0.513855847,0.507620444,0.50311227,0.49412851,0.491336701,0.484080169,0.480234642,0.474705339,0.474368584,0.474020966,0.466047472,0.471609364,0.470208028,0.469186899,0.472304601,0.479919613,0.491662593,0.499690402,0.537722014,0.582749443,0.578947368,0.571679974,0.5664657,0.555743849,0.545684645,0.536027375,0.531508337,0.521807615,0.50764217,0.49964695,0.485796535,0.471555049,0.458410733,0.436967031,0.413459345,0.389875618,0.34838955,0.278713812,0.105578187,0.00208571,0,0
z=084.5,0.970528488,0.926576503,0.887458585,0.854554343,0.833088914,0.808505785,0.779436207,0.754853077,0.73926457,0.713290967,0.703601108,0.687328228,0.672434957,0.661007007,0.648525338,0.618423768,0.605268589,0.590712074,0.577893651,0.55886155,0.53045462,0.512454511,0.49688773,0.480603987,0.449101081,0.432469719,0.420357395,0.406159361,0.387811634,0.363217642,0.347314106,0.332051491,0.314040519,0.304698278,0.293281191,0.285307696,0.274933464,0.262440932,0.256574874,0.248264624,0.237173429,0.233729835,0.228167943,0.229210798,0.226788333,0.223670632,0.220205312,0.219531802,0.222986258,0.229569279,0.234761827,0.242724458,0.24584216,0.248264624,0.258638857,0.264526642,0.270436152,0.288773016,0.30226495,0.319580685,0.334832437,0.354570637,0.368073434,0.385736788,0.40304166,0.41064581,0.411699527,0.420346532,0.447004508,0.463983488,0.46710119,0.477486285,0.488577481,0.499972842,0.497235348,0.498582369,0.4868068,0.462603878,0.44736299,0.4480365,0.4290044,0.428645918,0.436608549,0.444592906,0.456379338,0.47990875,0.500331324,0.54396828,0.581348107,0.575818804,0.560925534,0.531508337,0.504839498,0.462582152,0.432828201,0.414447884,0.395404921,0.373613601,0.352832546,0.336559665,0.321677258,0.305741133,0.293617946,0.279778393,0.264189886,0.252783662,0.246885014,0.232676118,0.225756341,0.217098474,0.202563685,0.197001792,0.187659551,0.172092771,0.172418663,0.171049916,0.160317202,0.156504264,0.149226006,0.143696703,0.139199392,0.13884091,0.131584379,0.131921134,0.131910271,0.135386454,0.133300744,0.131921134,0.128803433,0.135734072,0.131921134,0.133311607,0.141969475,0.146466786,0.151996089,0.158926729,0.161001575,0.170017924,0.185258813,0.195285427,0.207767096,0.221943403,0.234740101,0.254858509,0.275281082,0.297094129,0.332735864,0.369094563,0.405822606,0.426581935,0.468828418,0.494443539,0.522166096,0.562305144,0.582401825,0.603172017,0.627755146,0.662375754,0.686980609,0.660670251,0.649589919,0.660985281,0.656487969,0.660300907,0.660985281,0.669643148,0.679007115,0.667242409,0.658236924,0.651653903,0.646113736,0.641964043,0.640910325,0.636760632,0.638846342,0.634685786,0.648547064,0.67106621,0.672771713,0.661365488,0.650611048,0.640595296,0.633653794,0.619803378,0.608712183,0.600054315,0.588973983,0.579631742,0.569246646,0.561968388,0.548824073,0.537385259,0.527000163,0.515919831,0.502742925,0.491347564,0.478865895,0.464341969,0.451165064,0.436956168,0.418619304,0.396806257,0.379479659,0.35872033,0.338645375,0.314757482,0.287056651,0.255825322,0.213633154,0.157156048,0.046059421,0,0,0,0,0,0,0,0,0,0,0,0
z=085.0,0.994090489,0.996871436,0.963304546,0.925544511,0.873249688,0.83933518,0.808864266,0.780457335,0.75553745,0.723676063,0.703264353,0.68556841,0.659964152,0.641605562,0.604910108,0.581022215,0.561631633,0.544989409,0.524588561,0.504850361,0.493422411,0.475389713,0.445961653,0.414121992,0.396480365,0.384346315,0.358372712,0.343837923,0.318896312,0.306088751,0.292933572,0.282200858,0.270425289,0.263842268,0.251034708,0.240649612,0.232002607,0.22886318,0.223323013,0.214686872,0.207408614,0.202205203,0.201162349,0.198066373,0.197718755,0.19529629,0.199793602,0.193547336,0.196665037,0.195969801,0.201857585,0.201162349,0.200477975,0.208092988,0.210515453,0.213285536,0.22472435,0.234066591,0.239248275,0.24998099,0.264537505,0.281842377,0.302623432,0.327195698,0.347629135,0.36147955,0.384672207,0.398859378,0.380218348,0.376731302,0.376046928,0.38468307,0.407191353,0.412373038,0.434892184,0.461561023,0.469165173,0.486480908,0.505513009,0.504828635,0.529770246,0.545673782,0.559535061,0.578567161,0.611819021,0.641257944,0.687632394,0.682483298,0.671739721,0.655445114,0.632610939,0.602813535,0.566813318,0.538080495,0.522155233,0.505187116,0.483363207,0.470218891,0.451871164,0.443560915,0.42207376,0.394372929,0.372570746,0.36285916,0.344880778,0.330682744,0.319602412,0.30159144,0.29674651,0.281505622,0.271815762,0.268350443,0.256911629,0.247927869,0.246885014,0.239237412,0.232686981,0.223670632,0.220205312,0.213296399,0.211895063,0.20912498,0.207060996,0.205333768,0.205322905,0.199098365,0.202552822,0.207397751,0.209483461,0.212601162,0.215718864,0.219195046,0.225419586,0.230938026,0.240986367,0.25274021,0.265927978,0.280136875,0.299842485,0.320645266,0.356276139,0.380880995,0.391961327,0.398891967,0.411004291,0.423811852,0.435261528,0.450828309,0.466047472,0.479571995,0.509000054,0.545673782,0.543609798,0.515257183,0.513464776,0.521101515,0.542219325,0.545000272,0.55019282,0.567834447,0.569594264,0.563717343,0.568551409,0.578925642,0.587941991,0.592786921,0.590364456,0.578936505,0.573059584,0.568899028,0.564749335,0.558166314,0.554353376,0.555743849,0.556775841,0.552626147,0.565096953,0.58482429,0.585530389,0.574102439,0.563022106,0.552289392,0.541198197,0.531160719,0.518364022,0.506208245,0.495834012,0.479571995,0.470208028,0.452903156,0.44181196,0.428656781,0.407549834,0.388854489,0.372201401,0.354233882,0.334821574,0.313682038,0.293607083,0.263483787,0.236814948,0.19943512,0.146108305,0.065080658,0.001390473,0,0,0,0,0,0,0,0,0,0,0,0,0,0,0,0,0,0
z=085.5,0.951137907,0.909619249,0.876378252,0.845896475,0.809896258,0.782901526,0.76038238,0.735810114,0.723317582,0.703242627,0.676595514,0.660985281,0.633664657,0.620498615,0.607669328,0.584835153,0.564727608,0.549160828,0.520069524,0.497191896,0.46710119,0.450133073,0.436977894,0.420715876,0.403389278,0.38468307,0.364260496,0.352126446,0.332062354,0.311965673,0.296735647,0.276997447,0.263853131,0.256564011,0.248959861,0.24375645,0.22953669,0.220889686,0.210526316,0.201857585,0.186279941,0.189039161,0.176926837,0.171039053,0.170354679,0.173124762,0.169670306,0.166900223,0.171386671,0.176915974,0.182108522,0.186301667,0.192515344,0.198066373,0.204301776,0.215708001,0.219868557,0.228537287,0.244788442,0.264515779,0.280810385,0.297430884,0.309901689,0.327195698,0.336559665,0.356982239,0.368084297,0.389191244,0.410993428,0.435228939,0.463625007,0.47261963,0.477833904,0.487871381,0.499994568,0.507620444,0.530107001,0.539796861,0.549497583,0.555396231,0.560925534,0.581000489,0.59104883,0.600401934,0.61768508,0.654098094,0.680408451,0.708467764,0.763119874,0.782890663,0.772157949,0.767313019,0.756232687,0.752082994,0.745499973,0.739959807,0.733029167,0.729911466,0.71744066,0.696670469,0.679343871,0.664113845,0.651317147,0.630536093,0.610787029,0.584813427,0.559187442,0.522828744,0.489250991,0.463625007,0.441464342,0.417250557,0.402009668,0.382955842,0.373255119,0.361827169,0.344163815,0.333452827,0.324773233,0.313703764,0.306783988,0.296398892,0.287730161,0.284286568,0.279441638,0.275281082,0.271804899,0.266949107,0.272163381,0.265232741,0.26833958,0.272163381,0.270414426,0.278735539,0.289805008,0.304013905,0.317158221,0.324447341,0.328249416,0.332746727,0.347629135,0.355255011,0.374297974,0.378806148,0.385019825,0.386073543,0.395415784,0.40650698,0.413774374,0.422768997,0.437314649,0.457052849,0.487523763,0.506577589,0.516962685,0.524914453,0.540155342,0.522470262,0.485763945,0.476791049,0.470903264,0.48061485,0.492683722,0.521101515,0.542241052,0.549508446,0.543979143,0.545369616,0.541904296,0.53912335,0.544305035,0.550203683,0.574439194,0.584476672,0.583781435,0.578588887,0.57375482,0.572701103,0.569594264,0.576535767,0.584813427,0.601466515,0.610113519,0.59833795,0.591407311,0.580326978,0.569941883,0.559220032,0.546390745,0.537037641,0.523545706,0.513508229,0.503101407,0.489272717,0.478507414,0.462951496,0.451165064,0.435945902,0.414458747,0.398164141,0.381587095,0.359057085,0.339655641,0.318526968,0.293943838,0.264504916,0.219857694,0.177252729,0.085438053,0.005214274,0,0,0,0,0,0,0,0,0,0,0,0,0
z=086.0,0.966726414,0.934897616,0.912389332,0.885720493,0.854891098,0.820607246,0.787746456,0.756906197,0.730606703,0.695996958,0.660637662,0.605268589,0.568214654,0.540492097,0.509000054,0.48128836,0.459833795,0.441475205,0.411341046,0.394036174,0.381565369,0.357677475,0.346944761,0.331019499,0.316137092,0.30021183,0.288773016,0.274933464,0.266938243,0.253457172,0.242018359,0.232339362,0.226788333,0.218130465,0.20774537,0.204627668,0.192862962,0.184205095,0.18245614,0.177274455,0.172777144,0.170017924,0.167584596,0.162728803,0.158926729,0.16342404,0.157188637,0.157883874,0.154418554,0.15995872,0.159274347,0.1571995,0.15928521,0.163445766,0.163793384,0.167943078,0.172777144,0.18245614,0.187659551,0.195622182,0.196665037,0.208440606,0.213296399,0.225061105,0.240986367,0.255532019,0.265569496,0.279072294,0.298788768,0.312313291,0.338971267,0.358014231,0.378784422,0.40509478,0.435587421,0.461561023,0.511726685,0.56232687,0.618402042,0.647840965,0.686611265,0.713280104,0.733365923,0.759317799,0.798457444,0.82720113,0.845918201,0.888132095,0.93141057,0.931779914,0.928325458,0.901645755,0.860442127,0.826864375,0.794296888,0.756232687,0.718125034,0.679017978,0.647504209,0.624995926,0.573743957,0.538764869,0.501385042,0.479561132,0.453250774,0.434196947,0.415143121,0.391613709,0.373602737,0.356634621,0.338634512,0.320634403,0.309879963,0.294313182,0.281842377,0.270772908,0.25935582,0.248948998,0.238227147,0.230601271,0.221584922,0.211210689,0.207060996,0.200130357,0.193199718,0.185226223,0.184900331,0.181793493,0.180750638,0.179707783,0.18592146,0.189745261,0.200803867,0.195643909,0.197349411,0.193210581,0.193199718,0.189050024,0.191472489,0.192504481,0.1966759,0.197729618,0.200825593,0.208777361,0.213991635,0.214328391,0.228504698,0.232676118,0.24167074,0.260713704,0.274238227,0.300190104,0.318548694,0.32755418,0.334484819,0.3500516,0.365640106,0.378806148,0.393340937,0.417228831,0.445614035,0.492031937,0.527673673,0.555732986,0.57375482,0.578936505,0.595567867,0.610450274,0.631220466,0.656498832,0.684536418,0.690098311,0.700831025,0.70739232,0.720895117,0.730943458,0.742382271,0.759698007,0.779066862,0.807147901,0.847982185,0.863233936,0.870848949,0.87743197,0.889533431,0.895768834,0.881581663,0.874987779,0.887806203,0.915507034,0.903383847,0.895073597,0.88503612,0.87881158,0.876715007,0.869121721,0.863559828,0.745478247,0.665124111,0.597610124,0.54534789,0.497202759,0.452197056,0.389517136,0.354179567,0.32546847,0.290141763,0.264135571,0.174482646,0.03158981,0,0,0,0,0,0,0,0,0,0,0,0,0
z=086.5,0.96119711,0.934213242,0.906838303,0.878463962,0.85560806,0.839324317,0.821660964,0.794677095,0.768334148,0.736136006,0.705675955,0.670012493,0.650969529,0.619086416,0.589321601,0.566476563,0.550888056,0.528379773,0.513844984,0.490293846,0.468144044,0.44736299,0.415512465,0.400260714,0.377752431,0.364260496,0.3500516,0.326500462,0.309217316,0.278713812,0.26695997,0.250328608,0.239259139,0.227831188,0.218814839,0.204627668,0.194937809,0.185237087,0.172788007,0.172777144,0.164466895,0.162739667,0.15857911,0.15857911,0.153734181,0.152006952,0.152702189,0.148194014,0.155124654,0.156504264,0.153734181,0.160306339,0.16133833,0.171386671,0.181771767,0.182803759,0.188365651,0.198750747,0.216750855,0.234044864,0.251023844,0.263516376,0.284275705,0.304013905,0.316821465,0.336570528,0.362500679,0.381576232,0.408907718,0.42553908,0.442496334,0.461213405,0.479550269,0.507609581,0.528379773,0.559556787,0.593829776,0.621845636,0.643669545,0.670338385,0.694932377,0.715007333,0.738927815,0.751366031,0.755885069,0.763510945,0.791200912,0.820954864,0.841018956,0.826864375,0.815436424,0.794329477,0.777013742,0.763510945,0.740296562,0.710520884,0.671739721,0.638161968,0.611493129,0.587605236,0.568899028,0.549845201,0.53289881,0.520069524,0.494465265,0.460181413,0.430373146,0.404410407,0.38814839,0.369453044,0.351094454,0.333789582,0.315778611,0.304003042,0.28737168,0.273173646,0.258291239,0.246526533,0.238900657,0.220900549,0.213622291,0.20428005,0.189397643,0.177274455,0.171745152,0.163434903,0.154081799,0.145087176,0.134680354,0.134343599,0.123621748,0.120493183,0.115985009,0.108022378,0.106306013,0.100754983,0.099027755,0.092097116,0.088631796,0.086904568,0.086209331,0.088295041,0.086209331,0.088979414,0.086209331,0.088295041,0.088631796,0.088631796,0.099016892,0.100407365,0.102134593,0.110097224,0.113899299,0.122578893,0.134006844,0.148878388,0.155483135,0.169333551,0.186290804,0.200467112,0.211580034,0.239259139,0.255195264,0.287741024,0.320275922,0.352093857,0.412003693,0.444234425,0.482320352,0.518353158,0.583107925,0.631546358,0.678322742,0.708435175,0.736483624,0.739840313,0.664418011,0.621834773,0.582032481,0.532540329,0.488566618,0.435935039,0.401303569,0.381934713,0.36009994,0.299853349,0.226049644,0.09759383,0.00208571,0,0,0,0,0,0,0,0,0,0,0,0,0,0,0,0,0,0,0,0,0,0,0,0,0,0,0,0,0,0,0,0,0,0
z=087.0,0.971223725,0.947705176,0.918624735,0.871174841,0.833447396,0.806430938,0.771777742,0.741687035,0.706718809,0.682820053,0.656498832,0.633979686,0.613915594,0.582727717,0.549508446,0.523534843,0.503123133,0.479561132,0.459486177,0.439041877,0.423464233,0.397501494,0.373255119,0.34658628,0.332051491,0.30297105,0.289120634,0.276302211,0.260376949,0.249296616,0.238216284,0.226799196,0.218130465,0.20428005,0.195633045,0.18524795,0.175199609,0.168279833,0.161360056,0.15581989,0.157188637,0.151300853,0.146803541,0.149215143,0.142295367,0.141589267,0.139883765,0.138493292,0.137113682,0.138156537,0.139536147,0.144033458,0.144370213,0.145087176,0.1571995,0.160990712,0.167236978,0.170354679,0.179371028,0.192504481,0.195980664,0.208429743,0.226788333,0.23753191,0.257606865,0.274216501,0.298810494,0.327195698,0.34591277,0.362533268,0.390559991,0.404432133,0.429710499,0.456705231,0.489261854,0.521459997,0.546760089,0.572005866,0.591059693,0.633317039,0.671728858,0.695986095,0.747205475,0.775970887,0.817141926,0.87219597,0.906816577,0.897159307,0.87948509,0.851784259,0.824789528,0.796741079,0.77527565,0.734788985,0.704969855,0.684536418,0.658562816,0.640562707,0.615284341,0.577209277,0.549171691,0.528379773,0.506566726,0.493411547,0.477138667,0.461571886,0.444245288,0.425897561,0.419303677,0.391624572,0.372559883,0.353180164,0.334148064,0.320982022,0.309543208,0.297083265,0.290511107,0.272510999,0.26349465,0.262451795,0.243734724,0.2316224,0.207397751,0.200467112,0.194231709,0.18178263,0.174167617,0.163771658,0.167236978,0.155135517,0.150964098,0.12741296,0.128097333,0.12324154,0.119776221,0.121492586,0.12256803,0.12189452,0.127760578,0.135375591,0.157536255,0.162392048,0.192482755,0.204605942,0.219868557,0.230959752,0.26625387,0.280126012,0.30159144,0.319928304,0.35143121,0.371875509,0.398881104,0.425897561,0.454630384,0.488566618,0.515908967,0.552615284,0.590701211,0.60456249,0.615642822,0.626734018,0.633306176,0.648199446,0.661343762,0.67867036,0.695290859,0.72023247,0.748270056,0.790473087,0.82720113,0.845874749,0.775210472,0.705665092,0.654760741,0.611829884,0.584139916,0.55500516,0.487871381,0.444603769,0.391266091,0.332757591,0.267274999,0.167867036,0.032219869,0,0,0,0,0,0,0,0,0,0,0,0,0,0,0,0,0,0,0,0,0,0,0,0,0,0,0,0,0,0,0,0,0,0,0,0,0,0
z=087.5,0.961164521,0.925881267,0.891271522,0.847982185,0.811981967,0.777002879,0.743066645,0.718483515,0.699777307,0.680734344,0.659290641,0.64057357,0.626386399,0.612535984,0.597990332,0.583792298,0.567867036,0.549834338,0.531845093,0.510042909,0.49373744,0.465710716,0.442528923,0.425560806,0.40580088,0.38192385,0.364260496,0.351083591,0.331367117,0.310922818,0.293976427,0.284970941,0.271815762,0.261083048,0.250002716,0.239943512,0.233729835,0.223670632,0.216750855,0.212948781,0.209820216,0.201509967,0.199782739,0.192515344,0.196328282,0.187670414,0.190092879,0.187322796,0.191830971,0.193547336,0.194242572,0.197023519,0.200130357,0.204627668,0.206018141,0.216403237,0.225050242,0.232002607,0.250328608,0.26002933,0.269404161,0.301928195,0.310922818,0.32893379,0.34729238,0.365640106,0.380880995,0.400271577,0.431416001,0.452207919,0.46710119,0.485818261,0.50311227,0.519026669,0.528379773,0.546043126,0.56232687,0.573037858,0.569594264,0.588289609,0.593851502,0.600380207,0.617033295,0.644028027,0.673466949,0.701439357,0.720210744,0.762783119,0.795350606,0.796045842,0.78012058,0.771473576,0.752419749,0.721590354,0.685948618,0.65684645,0.638498724,0.621519744,0.601781544,0.584139916,0.570963011,0.556091467,0.545706371,0.531160719,0.507272826,0.485112161,0.460507305,0.448069089,0.433860192,0.418966922,0.410298191,0.395079029,0.38538917,0.37707892,0.364260496,0.357318994,0.345217533,0.342110695,0.32132964,0.302275813,0.291553962,0.281505622,0.274574982,0.26625387,0.26487426,0.250361197,0.250002716,0.24446255,0.240649612,0.23891152,0.239270002,0.235098582,0.239965238,0.240649612,0.24237684,0.244799305,0.246874151,0.252077562,0.261072185,0.265927978,0.284601597,0.291553962,0.309173863,0.332779317,0.359057085,0.376014339,0.386073543,0.413079137,0.438357504,0.449426973,0.465721579,0.49235783,0.516604204,0.532540329,0.540850578,0.551583293,0.574775949,0.590027701,0.605594482,0.626027918,0.649231438,0.678311879,0.711900494,0.762783119,0.825452175,0.888110369,0.917592743,0.926934985,0.936635707,0.950486122,0.970919559,0.996523817,1,1,1,1,1,1,1,1,0.974656455,0.856238119,0.775601543,0.705686818,0.646113736,0.595220249,0.53388735,0.479561132,0.434555429,0.380522514,0.319222204,0.245103471,0.129781109,0.008331975,0,0,0,0,0,0,0,0,0,0,0,0,0,0,0,0,0,0,0,0,0,0,0,0,0,0,0,0,0
z=088.0,0.983705394,0.971614796,0.939753408,0.909239042,0.873934061,0.843832491,0.820292217,0.796024116,0.771104231,0.749638803,0.718125034,0.689739829,0.657867579,0.63781435,0.619097279,0.597284232,0.581000489,0.55019282,0.521796752,0.493063929,0.477486285,0.462593015,0.442843952,0.418966922,0.390918473,0.374993211,0.353875401,0.331725599,0.315420129,0.290826137,0.273532128,0.26211504,0.242713595,0.234761827,0.217424366,0.202183477,0.192515344,0.176926837,0.176948563,0.16204443,0.156156645,0.151300853,0.151996089,0.146814404,0.140568139,0.144381077,0.139883765,0.141958612,0.143349085,0.144728695,0.149226006,0.153734181,0.15995872,0.169290098,0.181087393,0.193210581,0.20222693,0.209146706,0.220563793,0.233729835,0.26002933,0.275270219,0.293259464,0.313703764,0.335505948,0.353506056,0.372223127,0.391939601,0.415490739,0.438346641,0.466742708,0.487893107,0.52076476,0.536374993,0.557818695,0.577893651,0.595546141,0.619097279,0.636760632,0.620824507,0.603161154,0.588626365,0.586182174,0.568877302,0.57269024,0.578588887,0.608364565,0.610765303,0.586888273,0.549171691,0.527336918,0.50173266,0.477486285,0.456705231,0.438357504,0.421378524,0.398544348,0.380533377,0.36632448,0.348324371,0.33760252,0.321666395,0.312313291,0.298821357,0.284970941,0.276323937,0.269056542,0.255532019,0.249991853,0.242365977,0.231274781,0.222280159,0.215718864,0.211221552,0.202552822,0.199087502,0.197360274,0.195285427,0.194590191,0.193210581,0.190451361,0.200477975,0.206018141,0.202552822,0.198066373,0.192178589,0.189397643,0.177980555,0.169670306,0.168627451,0.165498887,0.167247841,0.164477758,0.162402911,0.167932214,0.168279833,0.17969692,0.187322796,0.198739884,0.205681386,0.209472598,0.214676009,0.225386997,0.22886318,0.239280865,0.245157786,0.258671446,0.267296725,0.281505622,0.296040411,0.314062245,0.327184835,0.3500516,0.368051708,0.39819673,0.423811852,0.451175927,0.482342078,0.525262072,0.598305361,0.658226061,0.703959589,0.744772147,0.796034979,0.844864483,0.878463962,0.915507034,0.939394927,0.955320189,0.98302102,0.999652382,1,0.98924556,0.943566346,0.908250502,0.887458585,0.865645538,0.846602575,0.831014068,0.815773179,0.803986747,0.788430829,0.776318505,0.764532073,0.755178969,0.743761881,0.729922329,0.721959698,0.711205258,0.697724187,0.691130303,0.677953397,0.665851936,0.65684645,0.647840965,0.636760632,0.631209603,0.619781652,0.609059801,0.598663842,0.589680083,0.578947368,0.571669111,0.556775841,0.545706371,0.536711748,0.520753897,0.511074901,0.496518386,0.47990875,0.470208028,0.448047363,0.425191462,0.397501494,0.365640106,0.330259084,0.27771441,0.203269784,0.037358101,0,0,0,0
z=088.5,0.961566455,0.926598229,0.895410353,0.86321221,0.82582152,0.796034979,0.771125957,0.754136114,0.728868611,0.716419532,0.697007224,0.668969638,0.651643039,0.621889088,0.597295095,0.586899136,0.557807832,0.536342404,0.520406279,0.50378578,0.482331215,0.467807289,0.453935147,0.443213296,0.427972408,0.415501602,0.407538971,0.390929336,0.373265982,0.361848895,0.354212156,0.339318885,0.327901798,0.315441855,0.311292162,0.30505676,0.301928195,0.297083265,0.281158003,0.275606974,0.271457281,0.259692575,0.255879637,0.250002716,0.246178915,0.247906143,0.246537396,0.249296616,0.248612243,0.248612243,0.256248982,0.261083048,0.270088534,0.273532128,0.279061431,0.283917223,0.28945739,0.296051274,0.304361523,0.30367715,0.311628917,0.315083374,0.311270436,0.316126229,0.320982022,0.32617457,0.331367117,0.34867199,0.355591766,0.364249633,0.385030688,0.410298191,0.425549943,0.44181196,0.448058226,0.467090326,0.472978111,0.468459073,0.479202651,0.483015589,0.489924502,0.494085058,0.488914236,0.502732062,0.531497474,0.553299658,0.576850796,0.612546847,0.63395796,0.611482266,0.583792298,0.555396231,0.533235566,0.509695291,0.492727174,0.472293737,0.460181413,0.435598284,0.408234208,0.383292597,0.368768671,0.353506056,0.332757591,0.322014013,0.306077888,0.293965564,0.283580468,0.26695997,0.263147032,0.248623106,0.24375645,0.233718972,0.226451578,0.212253544,0.207060996,0.205996415,0.195622182,0.190777253,0.181435012,0.183857477,0.180728912,0.176242464,0.169670306,0.171049916,0.172429526,0.165857368,0.163771658,0.166552604,0.168964206,0.174851991,0.175905709,0.17555809,0.177980555,0.189397643,0.200130357,0.203921569,0.214676009,0.22334474,0.239248275,0.256911629,0.272152518,0.30088534,0.330324263,0.345217533,0.360458422,0.384693933,0.403378415,0.413785237,0.423833578,0.439378632,0.453250774,0.469871273,0.489946228,0.513149747,0.532877084,0.565444571,0.603519635,0.581022215,0.560230297,0.562316007,0.567171799,0.606289718,0.642300798,0.64265928,0.647840965,0.659247189,0.678311879,0.669317256,0.668274401,0.668980501,0.684536418,0.688360219,0.676921406,0.66239748,0.649579056,0.638509587,0.626723155,0.616001304,0.606637336,0.591059693,0.580316115,0.566476563,0.555396231,0.540861442,0.527695399,0.517310304,0.500689805,0.487893107,0.476095812,0.459486177,0.441486068,0.429015263,0.408581826,0.388854489,0.366672098,0.346260388,0.32203574,0.296051274,0.271479007,0.236489055,0.20771278,0.153364836,0.057085438,0.000695237,0,0,0,0,0,0,0,0,0,0,0,0,0,0,0,0,0,0,0
z=089.0,0.963261094,0.932822769,0.908576395,0.894725979,0.865656401,0.844864483,0.815436424,0.793970996,0.760719135,0.732344794,0.705002444,0.671044484,0.650611048,0.608733909,0.586551518,0.563022106,0.551235674,0.529411765,0.506936071,0.500689805,0.477138667,0.46501548,0.452903156,0.440790832,0.432132964,0.420357395,0.404062789,0.391624572,0.385041551,0.379490522,0.371864646,0.359763185,0.353191027,0.343131823,0.3303134,0.324436478,0.315430992,0.309543208,0.304003042,0.300537722,0.294313182,0.295692792,0.28807778,0.285329423,0.284623323,0.281505622,0.277692684,0.281158003,0.280462767,0.283928086,0.28185324,0.281168866,0.288773016,0.291890718,0.30505676,0.311976536,0.306762262,0.297420021,0.292575091,0.292575091,0.292585954,0.296388029,0.2953669,0.295714518,0.304003042,0.319580685,0.323752105,0.332735864,0.346955624,0.354918255,0.362511542,0.38538917,0.407528108,0.418282548,0.441475205,0.475052957,0.504481017,0.535647167,0.559545924,0.596599859,0.634674923,0.658226061,0.675878551,0.691814676,0.710488295,0.728857748,0.731291076,0.732312205,0.730921732,0.682798327,0.644028027,0.602498506,0.571669111,0.544663516,0.52214437,0.498614958,0.479213514,0.454293629,0.43975884,0.42277986,0.404779751,0.387453153,0.376383684,0.362533268,0.349367226,0.341056977,0.331008636,0.320286785,0.303318668,0.297420021,0.28807778,0.278746402,0.274574982,0.26487426,0.259692575,0.252761936,0.248612243,0.243072076,0.235087719,0.235446201,0.232676118,0.227842051,0.231644126,0.227831188,0.226093097,0.221606648,0.22610396,0.230948889,0.233023736,0.234750964,0.24029113,0.244114931,0.248264624,0.253435446,0.265906252,0.270425289,0.284264842,0.301243822,0.312313291,0.332051491,0.345901906,0.369094563,0.386747053,0.416902938,0.455336484,0.494074195,0.527673673,0.567497692,0.605268589,0.634685786,0.659279778,0.679354734,0.686632991,0.699799033,0.710868503,0.721601217,0.682787464,0.657856716,0.659258052,0.657541687,0.676921406,0.675878551,0.673130194,0.683841182,0.699071207,0.730943458,0.74064418,0.728173375,0.715018196,0.705328336,0.687664983,0.67382543,0.659279778,0.649579056,0.637108251,0.624659171,0.613567976,0.602129162,0.591418174,0.574091576,0.566476563,0.550562164,0.539460105,0.525957308,0.511074901,0.496192494,0.484069306,0.470544783,0.454271903,0.43629352,0.423475096,0.406496116,0.381934713,0.361490413,0.340024985,0.31648471,0.294671664,0.266970833,0.233056325,0.200467112,0.14297974,0.054641247,0.000347618,0,0,0,0,0,0,0,0,0,0,0,0,0,0,0,0,0,0,0,0
z=089.5,0.964303949,0.956710662,0.936972462,0.920015208,0.910662104,0.88295041,0.859062517,0.82858074,0.792243767,0.755874206,0.721601217,0.688023464,0.651653903,0.618423768,0.581000489,0.559904405,0.530465483,0.50102656,0.476106675,0.453956874,0.433501711,0.410667536,0.393351801,0.383314323,0.363206779,0.349378089,0.333778719,0.325479333,0.313703764,0.300190104,0.291543099,0.279083157,0.270425289,0.26558036,0.25727011,0.247927869,0.236130574,0.229916898,0.222986258,0.218141329,0.216066482,0.212612025,0.211916789,0.206713378,0.203248058,0.20290044,0.20014122,0.199098365,0.198066373,0.200499701,0.201173212,0.20428005,0.208092988,0.207419477,0.209135843,0.218119602,0.22886318,0.227494433,0.2361523,0.249307479,0.250002716,0.261778285,0.270077671,0.284970941,0.295356037,0.308185324,0.315420129,0.321307914,0.327901798,0.350410081,0.368051708,0.381228613,0.421020042,0.4480365,0.454282766,0.473977513,0.486795937,0.502775515,0.524555972,0.56162077,0.593134539,0.621182988,0.645049155,0.643680408,0.64195318,0.638151105,0.649231438,0.654760741,0.669328119,0.672782576,0.660670251,0.650958666,0.627081636,0.600401934,0.585867145,0.569594264,0.556439085,0.542577807,0.535299549,0.520428005,0.511074901,0.501385042,0.490282983,0.483384933,0.477138667,0.467448808,0.45879094,0.450143936,0.450111346,0.44389767,0.438368367,0.432469719,0.425560806,0.417587312,0.416544457,0.406148498,0.394362066,0.380185759,0.364955733,0.357677475,0.341404595,0.332757591,0.32408886,0.322024876,0.312324154,0.308847971,0.306067025,0.307131606,0.310586063,0.319569822,0.315789474,0.328238553,0.341393732,0.356297865,0.376046928,0.392308946,0.407538971,0.422432242,0.428667644,0.437325512,0.458443322,0.477127804,0.484416925,0.500678942,0.512465374,0.519396013,0.528043018,0.533583184,0.542925425,0.553321384,0.565781326,0.582412688,0.593840639,0.614947586,0.632610939,0.651295421,0.679702352,0.724360437,0.755885069,0.783227418,0.822345337,0.863907447,0.88503612,0.889881049,0.891966759,0.897159307,0.906164793,0.912041714,0.876345663,0.844147521,0.833805877,0.836217479,0.838618217,0.831720167,0.815099669,0.797077834,0.784270273,0.771799468,0.758285807,0.746173483,0.733029167,0.722644071,0.711911357,0.699451415,0.686285373,0.674509804,0.663440335,0.653391994,0.639878334,0.630199337,0.619466623,0.608723046,0.600054315,0.588973983,0.577209277,0.564390853,0.552647874,0.540524686,0.529400902,0.513149747,0.503123133,0.488914236,0.472630493,0.454315355,0.442528923,0.419336266,0.396806257,0.368431916,0.348356961,0.311650644,0.277985987,0.246885014,0.181413286,0.07092499,0,0,0,0,0,0,0,0,0
z=090.0,0.939003856,0.901656618,0.8625387,0.834827006,0.812329586,0.793970996,0.766976264,0.738210852,0.709478029,0.689044593,0.666558036,0.646124599,0.628808864,0.612188366,0.599022324,0.583086198,0.56370648,0.526326653,0.499983705,0.47261963,0.438715985,0.417924067,0.388159253,0.365303351,0.346944761,0.330671881,0.310922818,0.298821357,0.280126012,0.26558036,0.251382326,0.245146923,0.238563902,0.226093097,0.209472598,0.202552822,0.191483352,0.187659551,0.177296182,0.180392157,0.172429526,0.16964858,0.167247841,0.163782521,0.162402911,0.15581989,0.154787899,0.156504264,0.162392048,0.156862745,0.16066482,0.164466895,0.169322688,0.167943078,0.171745152,0.179001684,0.183857477,0.193210581,0.20428005,0.20565966,0.218130465,0.231980881,0.242724458,0.258986475,0.274227364,0.296377166,0.321666395,0.353527782,0.38330346,0.407538971,0.438335778,0.471946119,0.499299332,0.525957308,0.5262832,0.522839607,0.505882353,0.511433382,0.523187225,0.533909076,0.558818098,0.56094726,0.575818804,0.579631742,0.589332464,0.605268589,0.634012275,0.683852045,0.725392428,0.713290967,0.681071099,0.656151214,0.629851719,0.609407419,0.576850796,0.541198197,0.503470751,0.469176036,0.437336375,0.412742382,0.387464016,0.36703058,0.346597143,0.328586171,0.312313291,0.297420021,0.278051165,0.26002933,0.250697952,0.231644126,0.224029113,0.212253544,0.196654174,0.184900331,0.174851991,0.164466895,0.154418554,0.14439194,0.136059964,0.128466678,0.120493183,0.113214926,0.104904677,0.10420944,0.097289664,0.093476726,0.08447124,0.08655695,0.08171202,0.081016783,0.071663679,0.075139862,0.074803107,0.072717397,0.072369779,0.076856227,0.075476617,0.080321547,0.08100592,0.08517734,0.08793656,0.092781489,0.101091739,0.109760469,0.123263267,0.127771441,0.140579002,0.153375699,0.166900223,0.18040302,0.199424257,0.218825702,0.240280267,0.268665472,0.291868991,0.330671881,0.376372821,0.409961436,0.450806583,0.487502037,0.539090761,0.547770355,0.543642388,0.547455326,0.556775841,0.584813427,0.628450383,0.661332899,0.707022975,0.719873988,0.717462387,0.725414155,0.745825865,0.738221715,0.728879474,0.717799142,0.7046331,0.69494324,0.681788061,0.672424094,0.662723372,0.650969529,0.640247678,0.631231329,0.622225843,0.612199229,0.602498506,0.589669219,0.579284124,0.570267775,0.557460214,0.548802346,0.535647167,0.524577698,0.511781,0.495486394,0.486144153,0.469534517,0.458432459,0.439378632,0.430047254,0.41103688,0.390929336,0.363576123,0.34315355,0.315083374,0.290141763,0.252772799,0.219151594,0.150942371,0.048796915,0.001042855,0,0,0,0,0,0,0,0,0,0,0
z=090.5,0.994090489,0.975742762,0.922057466,0.867720385,0.825799794,0.782532182,0.725403292,0.678985389,0.643354516,0.605974689,0.577893651,0.550898919,0.527684536,0.503123133,0.485796535,0.465363098,0.441833686,0.428309163,0.411004291,0.393677693,0.378121775,0.36565097,0.353180164,0.339329749,0.324436478,0.313008528,0.305045896,0.29883222,0.287382543,0.272858617,0.262462658,0.255868774,0.248959861,0.246526533,0.240986367,0.232676118,0.224007387,0.217098474,0.209135843,0.205670523,0.199445983,0.195980664,0.193905817,0.190788116,0.191830971,0.188376514,0.188713269,0.18800717,0.186290804,0.187681277,0.186975178,0.186290804,0.189408506,0.188018033,0.193894954,0.195285427,0.197382,0.201868448,0.207050133,0.211547444,0.222986258,0.232676118,0.236141437,0.249307479,0.251034708,0.25935582,0.274574982,0.285296833,0.303655423,0.311292162,0.329270545,0.342099832,0.364260496,0.381565369,0.399934822,0.423475096,0.436271794,0.460137961,0.486480908,0.507609581,0.555026886,0.597631851,0.65716148,0.668600293,0.669643148,0.693867796,0.749606214,0.766954538,0.744424529,0.696311987,0.631915703,0.599706697,0.567856173,0.531149856,0.512454511,0.488219,0.460518168,0.442181305,0.423127478,0.406148498,0.38676878,0.365303351,0.349356363,0.339329749,0.323762968,0.30781598,0.296398892,0.284264842,0.275259356,0.260376949,0.254478301,0.23961762,0.233023736,0.22401825,0.216750855,0.207060996,0.200825593,0.194231709,0.191124871,0.180750638,0.178306447,0.177274455,0.168605725,0.162728803,0.154070936,0.148183151,0.147498778,0.145423931,0.150268861,0.150279724,0.155135517,0.160306339,0.170702298,0.176231601,0.182836348,0.197012655,0.199782739,0.217087611,0.247210907,0.258302102,0.264885123,0.273532128,0.286687307,0.296398892,0.316462984,0.334484819,0.370854381,0.399250448,0.405811743,0.411699527,0.418977785,0.421389387,0.431100972,0.403704307,0.363891152,0.346901309,0.336896421,0.326511325,0.316821465,0.318896312,0.318548694,0.316832328,0.325816088,0.330661018,0.343457715,0.360458422,0.39780566,0.419292814,0.442181305,0.477138667,0.486502634,0.497224485,0.520036934,0.541893433,0.547422736,0.552278529,0.558155451,0.576514041,0.585530389,0.573396339,0.563022106,0.551246537,0.537732877,0.525272935,0.515919831,0.503123133,0.490989083,0.476106675,0.462940633,0.4487426,0.433871055,0.417576449,0.403400141,0.380870132,0.361490413,0.340709359,0.317842594,0.291532236,0.270751181,0.233751562,0.203943295,0.152713052,0.074031829,0.003128564,0,0,0,0,0,0,0,0,0,0,0,0,0,0,0,0,0,0,0
z=091.0,0.961501276,0.920362827,0.890576286,0.869099995,0.849025039,0.831720167,0.822008582,0.804008473,0.790864157,0.779425344,0.769724621,0.758655152,0.748617674,0.733376786,0.721601217,0.702895008,0.68213568,0.659975015,0.638161968,0.620846233,0.606648199,0.585856282,0.554679268,0.525262072,0.504133399,0.487882244,0.466416816,0.451871164,0.440095595,0.42207376,0.398891967,0.388854489,0.377089783,0.366693824,0.353169301,0.348335234,0.339677367,0.330324263,0.325120852,0.318885449,0.313345283,0.306447233,0.30505676,0.300548585,0.299147249,0.298115257,0.297094129,0.298799631,0.300907066,0.301939058,0.305741133,0.306425506,0.314051382,0.314746619,0.322014013,0.329292271,0.338634512,0.352126446,0.35596111,0.376383684,0.395763402,0.403726033,0.418966922,0.437999022,0.43767313,0.449079355,0.469882136,0.501721797,0.510379664,0.528738254,0.541187334,0.558513932,0.580674597,0.593840639,0.608712183,0.619792515,0.632274184,0.632958557,0.648525338,0.657889305,0.666894791,0.683862908,0.692162294,0.692488186,0.700461681,0.71192222,0.734039433,0.776959426,0.824778665,0.834131769,0.827907229,0.802281245,0.784617891,0.769029385,0.76038238,0.742719027,0.708109282,0.690782684,0.663092716,0.637792624,0.603867253,0.577198414,0.555059475,0.540155342,0.522133507,0.506577589,0.492716311,0.481983597,0.467796426,0.459812069,0.446330998,0.433512574,0.427972408,0.420009777,0.413774374,0.402694042,0.397153875,0.393688556,0.391591983,0.381228613,0.378795285,0.377415675,0.378447667,0.372223127,0.377068057,0.373613601,0.374645592,0.355602629,0.343479442,0.335527674,0.323404486,0.316832328,0.307142469,0.302275813,0.297409158,0.289109771,0.289109771,0.283928086,0.282885232,0.286350551,0.289109771,0.287045788,0.292238336,0.297420021,0.303329531,0.312671772,0.322361632,0.339329749,0.346933898,0.382608223,0.413079137,0.437325512,0.442170442,0.446667753,0.448058226,0.448416707,0.459844658,0.454608658,0.408907718,0.385725925,0.371517028,0.370821791,0.363217642,0.373255119,0.374613003,0.392613112,0.417228831,0.432480582,0.443919396,0.471261746,0.486165879,0.499299332,0.487187008,0.475063821,0.46155016,0.449101081,0.441822823,0.430405736,0.420705013,0.408581826,0.400630058,0.388517734,0.379849003,0.371180273,0.359404704,0.350431807,0.34244745,0.333452827,0.32341535,0.315420129,0.307131606,0.299516593,0.289815871,0.284938352,0.278724675,0.270066808,0.267318451,0.261800011,0.251393189,0.251393189,0.259323231,0.284232252,0.289468253,0.263505513,0.235467927,0.184574439,0.120438868,0.015577644,0,0,0,0,0,0,0,0,0,0,0,0,0,0,0
z=091.5,0.994090489,0.994796589,0.978523709,0.949084786,0.931095541,0.914453316,0.891955896,0.878789854,0.866688393,0.853185596,0.838618217,0.803671718,0.777687252,0.733365923,0.68213568,0.655488567,0.631568084,0.612514258,0.586214763,0.570973874,0.549856064,0.536690022,0.522502852,0.505882353,0.492031937,0.47923524,0.470903264,0.452207919,0.442528923,0.438020748,0.433164956,0.422768997,0.410656673,0.40304166,0.394047037,0.386073543,0.386073543,0.382955842,0.376036065,0.376036065,0.368421053,0.368768671,0.36147955,0.359415567,0.357688338,0.358035957,0.352832546,0.354570637,0.355602629,0.358025094,0.35596111,0.358025094,0.36356526,0.365303351,0.368421053,0.371527891,0.377068057,0.380870132,0.382608223,0.394383792,0.40304166,0.409277063,0.421041769,0.430058117,0.427961545,0.431416001,0.440084732,0.446330998,0.451175927,0.466753571,0.485438053,0.499994568,0.528032155,0.539785998,0.562305144,0.598685568,0.645070882,0.66791592,0.685242518,0.691825539,0.704285482,0.708087556,0.732681549,0.751376894,0.764890555,0.789473684,0.810580631,0.820281354,0.817522134,0.815436424,0.810243876,0.807126175,0.8033241,0.79985878,0.798120689,0.79501385,0.793623377,0.781858671,0.759698007,0.753810222,0.744457118,0.736494487,0.728520993,0.724718918,0.719863125,0.710520884,0.707750801,0.701863017,0.699092934,0.694248004,0.690098311,0.687328228,0.685937755,0.684210526,0.679354734,0.678659497,0.676247895,0.671739721,0.674173049,0.663060127,0.637455869,0.61669654,0.608016946,0.595231112,0.588637228,0.575471186,0.573396339,0.567171799,0.559893542,0.549856064,0.550898919,0.551235674,0.546738363,0.541545815,0.542230188,0.54534789,0.540839715,0.54326218,0.544663516,0.546738363,0.547802944,0.554711857,0.555743849,0.567171799,0.570647982,0.585519526,0.592102547,0.608375428,0.622204117,0.653033513,0.678996252,0.691119439,0.720210744,0.745163218,0.76038238,0.772842323,0.769040248,0.767997393,0.766270165,0.763152463,0.760729998,0.757959915,0.755885069,0.753114986,0.752419749,0.748606811,0.745163218,0.744457118,0.742034653,0.739959807,0.73788496,0.737526479,0.735114877,0.733724404,0.732681549,0.729911466,0.729911466,0.728879474,0.72713052,0.726793765,0.725761773,0.72228559,0.691803813,0.659268915,0.637086524,0.61669654,0.608027809,0.596599859,0.588289609,0.577546032,0.568203791,0.56094726,0.556449948,0.552278529,0.548487317,0.54534789,0.543631525,0.546738363,0.546379882,0.550225409,0.552973766,0.554353376,0.569572538,0.57930585,0.59211341,0.619434034,0.634653196,0.68241812,0.748932703,0.816859486,0.834805279,0.858693173,0.900961382,0.985052414,1,1,1,1,1,1,1,1,1
z=092.0,0.96395633,0.923111184,0.889185813,0.868752376,0.84418011,0.829275976,0.80399761,0.784270273,0.767313019,0.751040139,0.735114877,0.724360437,0.71606105,0.69978817,0.685937755,0.682472435,0.668958775,0.66169138,0.652012384,0.643702135,0.638498724,0.629829993,0.62083537,0.61599044,0.608733909,0.60456249,0.600749552,0.591754929,0.585171908,0.579990223,0.577904514,0.57375482,0.569257509,0.566476563,0.560577915,0.559209168,0.5467275,0.541545815,0.537048504,0.534278421,0.529433491,0.527347781,0.526315789,0.527011026,0.524925316,0.525620553,0.524577698,0.52285047,0.523893325,0.528390636,0.526663408,0.532529466,0.533919939,0.538775732,0.538775732,0.542251915,0.54120906,0.543631525,0.542936288,0.545358753,0.550898919,0.553669002,0.56162077,0.563358862,0.568551409,0.572353484,0.578588887,0.582401825,0.582032481,0.575492912,0.57131063,0.573396339,0.572364347,0.575123567,0.586551518,0.592461029,0.599369942,0.611482266,0.617706806,0.635717777,0.635381022,0.644723263,0.656509695,0.684569008,0.692173157,0.720210744,0.744793873,0.795665635,0.841735919,0.847297811,0.840367172,0.837607952,0.835174624,0.831014068,0.826527619,0.825484765,0.817869752,0.815099669,0.81475205,0.81475205,0.810939112,0.807473793,0.805746565,0.803671718,0.803671718,0.801249253,0.800554017,0.79985878,0.798826788,0.79639346,0.797088697,0.792591386,0.795709087,0.794318614,0.795350606,0.793623377,0.792243767,0.793623377,0.79501385,0.793623377,0.797088697,0.79847917,0.797436315,0.800901635,0.798120689,0.771799468,0.758644289,0.749997284,0.741687035,0.73788496,0.73441964,0.731638694,0.736146869,0.735104014,0.749280322,0.749660529,0.745847591,0.746542828,0.740307425,0.735462495,0.735451632,0.73441964,0.728879474,0.728879474,0.730269947,0.726109391,0.725414155,0.723328445,0.727489001,0.728868611,0.726457009,0.732692412,0.731291076,0.737526479,0.745836728,0.754842214,0.759339525,0.788072348,0.792591386,0.789810439,0.788778448,0.784617891,0.783933518,0.779772962,0.779425344,0.777350497,0.77527565,0.773548422,0.771125957,0.770778339,0.769735484,0.767660638,0.765238173,0.765585791,0.765238173,0.7638477,0.763500081,0.763500081,0.762457227,0.764532073,0.763489218,0.76246809,0.762457227,0.763500081,0.763163326,0.765922546,0.766617783,0.770767476,0.769398729,0.773537559,0.778393352,0.781847808,0.784628755,0.789473684,0.794992124,0.802976481,0.809570366,0.816490142,0.829286839,0.843148118,0.853196459,0.871544186,0.905132801,0.951485525,0.996871436,1,1,1,1,1,1,1,1,1,1,1,1,1,1,1,1,1,1
z=092.5,0.980240074,0.970213459,0.949790886,0.924860138,0.915507034,0.90339471,0.895779697,0.888153821,0.877757862,0.871196567,0.852490359,0.828243985,0.813698333,0.79501385,0.774928032,0.757253816,0.745141491,0.734767259,0.723328445,0.712595731,0.700831025,0.691477921,0.684547282,0.679354734,0.668622019,0.659279778,0.653739612,0.650969529,0.647156591,0.639541578,0.630199337,0.623616316,0.621193852,0.618423768,0.615306067,0.61185161,0.607006681,0.604214872,0.603519635,0.600054315,0.59487263,0.592786921,0.591407311,0.588300473,0.588984846,0.588637228,0.587952854,0.588289609,0.585878008,0.588289609,0.585878008,0.589680083,0.589332464,0.591754929,0.591407311,0.596263104,0.602140025,0.600771278,0.604910108,0.611134648,0.613893868,0.618760524,0.622562598,0.629504101,0.632621802,0.640921188,0.646113736,0.658573679,0.666199555,0.67520504,0.683526153,0.703601108,0.712943349,0.728879474,0.755178969,0.765574928,0.774580414,0.781836945,0.804356091,0.809548639,0.811645212,0.814393569,0.8223562,0.831372549,0.84693933,0.859757754,0.888512302,0.907544403,0.923458802,0.924164901,0.922437673,0.920004345,0.916897507,0.914475042,0.915507034,0.912400196,0.911009722,0.908239639,0.907196785,0.905817175,0.904426701,0.902699473,0.900277008,0.900277008,0.898202162,0.897159307,0.89646407,0.89646407,0.896811689,0.894389224,0.894389224,0.892661996,0.892661996,0.891271522,0.891966759,0.890576286,0.892661996,0.890576286,0.889891912,0.890576286,0.889891912,0.891619141,0.891966759,0.890576286,0.891966759,0.893009614,0.891619141,0.894736842,0.894041606,0.894736842,0.897506925,0.897506925,0.899581772,0.899234153,0.902699473,0.904079083,0.904426701,0.909966868,0.911009722,0.914811797,0.917929499,0.920362827,0.925196893,0.927282603,0.935245234,0.936972462,0.947716039,0.952213351,0.964684156,0.981293792,0.999652382,0.994448971,0.976101244,0.964336538,0.957753517,0.955667807,0.948748031,0.945641193,0.94287111,0.937678562,0.93594047,0.932138396,0.932475151,0.929705068,0.929705068,0.931432296,0.931790777,0.930400304,0.932475151,0.935245234,0.936288089,0.939394927,0.942860247,0.946325566,0.953234479,0.961566455,0.983031883,0.999304763,1,1,1,1,1,1,1,1,1,1,1,1,1,1,1,1,1,1,1,1,1,1,1,1,1,1,1,1,1,1,1,1,1,1,1,1,1,1,1,1,1,1,1,1,1
z=093.0,0.994090489,1,1,1,1,0.998609527,0.988908805,0.980957037,0.97679648,0.972299169,0.969181468,0.968138613,0.96398892,0.962598447,0.958796372,0.957753517,0.956363044,0.947357558,0.930747922,0.918277117,0.904079083,0.89854978,0.891271522,0.886763348,0.880538808,0.873619032,0.870153712,0.869806094,0.86529792,0.858714899,0.857335289,0.853533214,0.853185596,0.849372658,0.847982185,0.846602575,0.842442018,0.840367172,0.837260333,0.838639944,0.837607952,0.836912715,0.834827006,0.834827006,0.83586986,0.83586986,0.833447396,0.832404541,0.832752159,0.83449025,0.835522242,0.836217479,0.836565097,0.837260333,0.837260333,0.83933518,0.841073271,0.843832491,0.848666558,0.849372658,0.853869969,0.85698767,0.860800608,0.864265928,0.871544186,0.876030634,0.88365651,0.889881049,0.899234153,0.910314486,0.936266363,0.945282711,0.948063658,0.950833741,0.952560969,0.954646679,0.958796372,0.961218837,0.96398892,0.969529086,0.975069252,0.9802618,0.989951659,1,1,1,1,1,1,1,1,1,1,1,1,1,1,1,1,1,1,1,1,1,1,1,1,1,1,1,1,1,1,1,1,1,1,1,1,1,1,1,1,1,1,1,1,1,1,1,1,1,1,1,1,1,1,1,1,1,1,1,1,1,1,1,1,1,1,1,1,1,1,1,1,1,1,1,1,1,1,1,1,1,1,1,1,1,1,1,1,1,1,1,1,1,1,1,1,1,1,1,1,1,1,1,1,1,1,1,1,1,1,1,1,1,1,1,1,1,1,1,1,1,1,1,1,1,1,1,1,1,1,1,1,1,1,1,1,1,1,1,1
z=093.5,0.994090489,1,1,1,1,1,1,1,1,1,1,1,1,1,1,1,1,1,1,1,1,1,1,1,1,1,1,1,1,1,1,1,1,1,1,1,1,1,1,1,1,1,1,1,1,1,1,1,1,1,1,1,1,1,1,1,1,1,1,1,1,1,1,1,1,1,1,1,1,1,1,1,1,1,1,1,1,1,1,1,1,1,1,1,1,1,1,1,1,1,1,1,1,1,1,1,1,1,1,1,1,1,1,1,1,1,1,1,1,1,1,1,1,1,1,1,1,1,1,1,1,1,1,1,1,1,1,1,1,1,1,1,1,1,1,1,1,1,1,1,1,1,1,1,1,1,1,1,1,1,1,1,1,1,1,1,1,1,1,1,1,1,1,1,1,1,1,1,1,1,1,1,1,1,1,1,1,1,1,1,1,1,1,1,1,1,1,1,1,1,1,1,1,1,1,1,1,1,1,1,1,1,1,1,1,1,1,1,1,1,1,1,1,1,1,1,1,1,1,1,1,1,1
